updated_at,user_id,device_id,app_id,removed,created_at
2018-06-16 11:46:57,5449324,034e204b74709af81212b40dac66bc58,com.amazon.mobile.shopping,0,2018-06-16 11:46:57
2018-06-24 20:25:07,5449324,034e204b74709af81212b40dac66bc58,cplus,1,2018-06-16 11:46:57
2018-06-17 09:59:39,5449324,034e204b74709af81212b40dac66bc58,hulu,1,2018-06-16 11:46:57
2018-06-16 11:46:57,5449324,034e204b74709af81212b40dac66bc58,nflx,0,2018-06-16 11:46:57
2018-06-16 11:46:57,5449324,034e204b74709af81212b40dac66bc58,snapchat,0,2018-06-16 11:46:57
2018-06-23 01:58:26,5449324,034e204b74709af81212b40dac66bc58,twitter,0,2018-06-19 11:00:25
2016-11-14 11:29:59,5449324,06b929d91077fb19eac169135a13bfb8,instagram,0,2016-11-14 11:29:59
2016-11-14 11:29:59,5449324,06b929d91077fb19eac169135a13bfb8,nflx,0,2016-11-14 11:29:59
2016-11-14 11:29:59,5449324,06b929d91077fb19eac169135a13bfb8,snapchat,0,2016-11-14 11:29:59
2016-11-14 11:29:59,5449324,06b929d91077fb19eac169135a13bfb8,twitter,0,2016-11-14 11:29:59
2017-06-24 13:26:50,5449324,0794075e8ecd20c4151357e214767fdd,cplus,0,2017-06-24 13:26:50
2017-06-16 21:23:16,5449324,0794075e8ecd20c4151357e214767fdd,instagram,0,2017-06-16 21:23:16
2017-06-16 21:23:16,5449324,0794075e8ecd20c4151357e214767fdd,nflx,0,2017-06-16 21:23:16
2017-06-16 21:23:16,5449324,0794075e8ecd20c4151357e214767fdd,snapchat,0,2017-06-16 21:23:16
2017-06-16 21:23:16,5449324,0794075e8ecd20c4151357e214767fdd,twitter,0,2017-06-16 21:23:16
2017-06-28 22:50:40,5449324,0b0241d0b37c4056afda5bb711dc3fbc,cplus,0,2017-06-28 22:50:40
2017-07-21 21:36:59,5449324,0b0241d0b37c4056afda5bb711dc3fbc,instagram,1,2017-06-28 22:50:40
2017-06-28 22:50:40,5449324,0b0241d0b37c4056afda5bb711dc3fbc,nflx,0,2017-06-28 22:50:40
2017-06-28 22:50:40,5449324,0b0241d0b37c4056afda5bb711dc3fbc,snapchat,0,2017-06-28 22:50:40
2017-06-28 22:50:40,5449324,0b0241d0b37c4056afda5bb711dc3fbc,twitter,0,2017-06-28 22:50:40
2017-05-02 00:19:24,5449324,0f006e9d9a42d346ab5b721d2355256d,cplus,0,2017-05-02 00:19:24
2017-05-02 00:19:24,5449324,0f006e9d9a42d346ab5b721d2355256d,instagram,0,2017-05-02 00:19:24
2017-05-02 00:19:24,5449324,0f006e9d9a42d346ab5b721d2355256d,nflx,0,2017-05-02 00:19:24
2017-05-02 00:19:24,5449324,0f006e9d9a42d346ab5b721d2355256d,snapchat,0,2017-05-02 00:19:24
2017-05-02 00:19:24,5449324,0f006e9d9a42d346ab5b721d2355256d,twitter,0,2017-05-02 00:19:24
2019-07-03 20:04:51,5449324,12f37ec0c60e8e38490e578371e6c570,com.amazon.mobile.shopping,0,2019-07-03 20:04:51
2019-07-03 20:04:51,5449324,12f37ec0c60e8e38490e578371e6c570,cplus,0,2019-07-03 20:04:51
2019-07-03 20:04:51,5449324,12f37ec0c60e8e38490e578371e6c570,instagram,0,2019-07-03 20:04:51
2019-07-03 20:04:51,5449324,12f37ec0c60e8e38490e578371e6c570,nflx,0,2019-07-03 20:04:51
2016-09-25 18:28:21,5449324,165733c6ca73b1a6d87396e7007d0a6c,instagram,0,2016-08-23 18:39:27
2016-09-05 10:22:57,5449324,165733c6ca73b1a6d87396e7007d0a6c,mytf1,1,2016-08-27 00:06:41
2016-08-23 18:39:27,5449324,165733c6ca73b1a6d87396e7007d0a6c,nflx,0,2016-08-23 18:39:27
2016-08-23 18:39:27,5449324,165733c6ca73b1a6d87396e7007d0a6c,snapchat,0,2016-08-23 18:39:27
2016-08-23 18:39:27,5449324,165733c6ca73b1a6d87396e7007d0a6c,twitter,0,2016-08-23 18:39:27
2019-07-19 17:48:29,5449324,1c9aeef94f618c3b2e386c62cd8b6fa3,aiv,0,2019-07-19 17:48:29
2019-07-19 16:06:24,5449324,1c9aeef94f618c3b2e386c62cd8b6fa3,com.amazon.mobile.shopping,0,2019-07-19 16:06:24
2019-07-19 16:00:05,5449324,1c9aeef94f618c3b2e386c62cd8b6fa3,cplus,0,2019-07-19 16:00:05
2019-07-19 16:00:05,5449324,1c9aeef94f618c3b2e386c62cd8b6fa3,instagram,0,2019-07-19 16:00:05
2019-07-19 16:06:24,5449324,1c9aeef94f618c3b2e386c62cd8b6fa3,nflx,0,2019-07-19 16:06:24
2019-07-19 18:16:39,5449324,1c9aeef94f618c3b2e386c62cd8b6fa3,snapchat,1,2019-07-19 18:11:53
2016-11-01 03:46:31,5449324,28d728c94fea9d2c6de50cc05804b321,fb,1,2016-11-01 03:42:20
2016-10-25 20:36:56,5449324,28d728c94fea9d2c6de50cc05804b321,instagram,0,2016-10-25 20:36:56
2016-10-25 20:36:56,5449324,28d728c94fea9d2c6de50cc05804b321,nflx,0,2016-10-25 20:36:56
2016-10-25 20:36:56,5449324,28d728c94fea9d2c6de50cc05804b321,snapchat,0,2016-10-25 20:36:56
2016-10-25 20:36:56,5449324,28d728c94fea9d2c6de50cc05804b321,twitter,0,2016-10-25 20:36:56
2018-04-23 22:19:31,5449324,2ee20492f22f4cb950f7fc7a31674771,com.amazon.mobile.shopping,1,2018-03-27 19:50:29
2018-04-18 18:03:24,5449324,2ee20492f22f4cb950f7fc7a31674771,cplus,0,2018-04-18 18:03:24
2018-02-14 17:47:10,5449324,2ee20492f22f4cb950f7fc7a31674771,instagram,1,2018-02-07 00:42:42
2018-02-07 00:42:42,5449324,2ee20492f22f4cb950f7fc7a31674771,nflx,0,2018-02-07 00:42:42
2018-02-07 00:42:42,5449324,2ee20492f22f4cb950f7fc7a31674771,snapchat,0,2018-02-07 00:42:42
2018-02-09 23:06:18,5449324,2ee20492f22f4cb950f7fc7a31674771,twitter,1,2018-02-07 00:42:42
2018-08-27 10:47:15,5449324,2fcdd6f4168450afbd4ba0b6a8a0b39c,com.amazon.mobile.shopping,0,2018-08-27 10:47:15
2018-08-31 22:28:07,5449324,2fcdd6f4168450afbd4ba0b6a8a0b39c,instagram,0,2018-08-31 22:28:07
2018-08-27 10:47:15,5449324,2fcdd6f4168450afbd4ba0b6a8a0b39c,nflx,0,2018-08-27 10:47:15
2018-08-27 10:47:15,5449324,2fcdd6f4168450afbd4ba0b6a8a0b39c,snapchat,0,2018-08-27 10:47:15
2016-09-01 04:56:06,5449324,35cd76ff6e115fe848f0abfaeae46ffd,nflx,0,2016-09-01 04:56:06
2016-09-25 21:31:13,5449324,35cd76ff6e115fe848f0abfaeae46ffd,twitter,0,2016-09-01 04:56:06
2017-09-17 20:56:06,5449324,380e6b3caff4a652843722e56a98c14d,hulu,1,2017-09-17 15:14:51
2017-08-16 22:48:09,5449324,380e6b3caff4a652843722e56a98c14d,instagram,1,2017-08-10 17:35:48
2017-08-10 17:35:48,5449324,380e6b3caff4a652843722e56a98c14d,nflx,0,2017-08-10 17:35:48
2017-08-10 17:35:48,5449324,380e6b3caff4a652843722e56a98c14d,snapchat,0,2017-08-10 17:35:48
2017-08-10 17:35:48,5449324,380e6b3caff4a652843722e56a98c14d,twitter,0,2017-08-10 17:35:48
2018-07-17 22:59:45,5449324,397448d136c342879fcfa5c2e5e375b2,com.amazon.mobile.shopping,0,2018-07-17 22:59:45
2018-07-17 22:59:45,5449324,397448d136c342879fcfa5c2e5e375b2,nflx,0,2018-07-17 22:59:45
2018-07-17 22:59:45,5449324,397448d136c342879fcfa5c2e5e375b2,snapchat,0,2018-07-17 22:59:45
2018-08-01 16:25:03,5449324,397448d136c342879fcfa5c2e5e375b2,twitter,1,2018-07-20 02:34:29
2018-10-09 16:22:58,5449324,432c52defb022c75db53be553515ff75,com.amazon.mobile.shopping,0,2018-10-09 16:22:58
2018-10-20 18:18:23,5449324,432c52defb022c75db53be553515ff75,cplus,0,2018-10-20 18:18:23
2018-10-19 15:03:21,5449324,432c52defb022c75db53be553515ff75,instagram,1,2018-10-19 11:21:05
2018-10-08 19:23:37,5449324,432c52defb022c75db53be553515ff75,nflx,0,2018-10-08 19:23:37
2018-10-08 19:23:37,5449324,432c52defb022c75db53be553515ff75,snapchat,0,2018-10-08 19:23:37
2017-02-04 12:10:41,5449324,4b52f6494040b8ca34cc78a22cf40d5f,cplus,0,2017-02-04 12:10:41
2017-02-04 12:10:41,5449324,4b52f6494040b8ca34cc78a22cf40d5f,instagram,0,2017-02-04 12:10:41
2017-02-04 12:10:41,5449324,4b52f6494040b8ca34cc78a22cf40d5f,nflx,0,2017-02-04 12:10:41
2017-02-04 12:10:41,5449324,4b52f6494040b8ca34cc78a22cf40d5f,snapchat,0,2017-02-04 12:10:41
2017-02-04 12:10:41,5449324,4b52f6494040b8ca34cc78a22cf40d5f,twitter,0,2017-02-04 12:10:41
2019-02-24 12:09:37,5449324,54371d1d8921cfebfa836d6630454e1c,com.amazon.mobile.shopping,0,2019-02-24 12:09:37
2019-02-24 12:09:37,5449324,54371d1d8921cfebfa836d6630454e1c,instagram,0,2019-02-24 12:09:37
2019-02-24 12:09:37,5449324,54371d1d8921cfebfa836d6630454e1c,nflx,0,2019-02-24 12:09:37
2019-02-24 12:09:37,5449324,54371d1d8921cfebfa836d6630454e1c,snapchat,0,2019-02-24 12:09:37
2017-02-06 19:50:46,5449324,5a40540d86f250640d1b66b9cb2d4fda,instagram,0,2017-02-06 19:50:46
2017-02-06 19:50:46,5449324,5a40540d86f250640d1b66b9cb2d4fda,nflx,0,2017-02-06 19:50:46
2017-02-06 19:50:46,5449324,5a40540d86f250640d1b66b9cb2d4fda,snapchat,0,2017-02-06 19:50:46
2017-02-06 19:50:46,5449324,5a40540d86f250640d1b66b9cb2d4fda,twitter,0,2017-02-06 19:50:46
2020-03-22 22:32:00,5449324,5b10264ec9c7d6e9d0837e3d2b9d9116,instagram,0,2020-03-22 22:32:00
2020-03-22 22:32:00,5449324,5b10264ec9c7d6e9d0837e3d2b9d9116,nflx,0,2020-03-22 22:32:00
2017-07-28 09:31:37,5449324,5b4862747bc0940f053be6368382ba42,nflx,0,2017-07-28 09:31:37
2017-07-28 09:31:37,5449324,5b4862747bc0940f053be6368382ba42,snapchat,0,2017-07-28 09:31:37
2017-07-28 09:31:37,5449324,5b4862747bc0940f053be6368382ba42,twitter,0,2017-07-28 09:31:37
2020-04-07 13:13:05,5449324,5c568235b52f7ead15a9ced31d38535a,aiv,0,2020-04-07 13:13:05
2020-04-07 13:13:05,5449324,5c568235b52f7ead15a9ced31d38535a,cplus,0,2020-04-07 13:13:05
2020-03-29 21:33:11,5449324,5c568235b52f7ead15a9ced31d38535a,instagram,0,2020-03-29 21:33:11
2020-03-29 21:33:11,5449324,5c568235b52f7ead15a9ced31d38535a,nflx,0,2020-03-29 21:33:11
2018-10-23 18:43:30,5449324,64e4138635bde0b70977b0319c80e8ab,com.amazon.mobile.shopping,0,2018-10-23 18:43:30
2018-10-23 18:43:30,5449324,64e4138635bde0b70977b0319c80e8ab,cplus,0,2018-10-23 18:43:30
2018-10-23 18:43:30,5449324,64e4138635bde0b70977b0319c80e8ab,nflx,0,2018-10-23 18:43:30
2018-10-23 18:43:30,5449324,64e4138635bde0b70977b0319c80e8ab,snapchat,0,2018-10-23 18:43:30
2017-10-24 14:47:31,5449324,69150adc7c0f59fefbe1eb9d366cb863,hbogo,0,2017-10-24 14:47:31
2017-09-28 17:18:47,5449324,69150adc7c0f59fefbe1eb9d366cb863,nflx,0,2017-09-28 17:18:47
2017-09-28 17:18:47,5449324,69150adc7c0f59fefbe1eb9d366cb863,snapchat,0,2017-09-28 17:18:47
2017-09-28 17:18:47,5449324,69150adc7c0f59fefbe1eb9d366cb863,twitter,0,2017-09-28 17:18:47
2019-07-22 00:37:52,5449324,6a78b4129fd07106ce15dab5bdba38c4,aiv,0,2019-07-22 00:37:52
2019-07-22 00:37:52,5449324,6a78b4129fd07106ce15dab5bdba38c4,com.amazon.mobile.shopping,0,2019-07-22 00:37:52
2019-07-22 00:37:52,5449324,6a78b4129fd07106ce15dab5bdba38c4,cplus,0,2019-07-22 00:37:52
2019-07-22 00:37:52,5449324,6a78b4129fd07106ce15dab5bdba38c4,instagram,0,2019-07-22 00:37:52
2019-07-22 00:37:52,5449324,6a78b4129fd07106ce15dab5bdba38c4,nflx,0,2019-07-22 00:37:52
2019-08-17 16:44:59,5449324,6a78b4129fd07106ce15dab5bdba38c4,twitter,1,2019-07-22 20:13:57
2019-07-10 16:49:33,5449324,6d37a4e02beb0eab91f3ca67f4263ccf,com.instagram.android,0,2019-07-10 16:49:33
2017-12-19 18:33:18,5449324,7077c6ef75d6c172495b72f384b26e45,cplus,0,2017-12-19 18:33:18
2017-12-30 01:25:13,5449324,7077c6ef75d6c172495b72f384b26e45,hbogo,1,2017-12-19 18:33:18
2017-12-19 18:33:18,5449324,7077c6ef75d6c172495b72f384b26e45,nflx,0,2017-12-19 18:33:18
2017-12-19 18:33:18,5449324,7077c6ef75d6c172495b72f384b26e45,snapchat,0,2017-12-19 18:33:18
2017-12-30 01:25:13,5449324,7077c6ef75d6c172495b72f384b26e45,twitter,1,2017-12-19 18:33:18
2019-02-17 15:37:47,5449324,7b17f8139d9331c57909105a33639fb2,com.amazon.mobile.shopping,0,2019-02-17 15:37:47
2019-02-17 15:37:47,5449324,7b17f8139d9331c57909105a33639fb2,instagram,0,2019-02-17 15:37:47
2019-02-17 15:37:47,5449324,7b17f8139d9331c57909105a33639fb2,nflx,0,2019-02-17 15:37:47
2019-02-17 15:37:47,5449324,7b17f8139d9331c57909105a33639fb2,snapchat,0,2019-02-17 15:37:47
2019-02-19 20:07:32,5449324,7b17f8139d9331c57909105a33639fb2,twitter,1,2019-02-17 15:37:47
2019-05-19 23:47:37,5449324,7ecb7137df1bf9a49a9ae2f643ee557c,com.amazon.mobile.shopping,0,2019-05-19 23:47:37
2019-05-19 23:47:37,5449324,7ecb7137df1bf9a49a9ae2f643ee557c,cplus,0,2019-05-19 23:47:37
2019-05-19 23:47:37,5449324,7ecb7137df1bf9a49a9ae2f643ee557c,instagram,0,2019-05-19 23:47:37
2019-05-19 23:47:37,5449324,7ecb7137df1bf9a49a9ae2f643ee557c,nflx,0,2019-05-19 23:47:37
2019-05-19 23:47:37,5449324,7ecb7137df1bf9a49a9ae2f643ee557c,snapchat,0,2019-05-19 23:47:37
2019-06-09 18:37:29,5449324,8d3dc05e40de22c9f3ed0a5560f07daa,com.amazon.mobile.shopping,0,2019-06-09 18:37:29
2019-06-09 18:37:29,5449324,8d3dc05e40de22c9f3ed0a5560f07daa,cplus,0,2019-06-09 18:37:29
2019-06-09 18:37:29,5449324,8d3dc05e40de22c9f3ed0a5560f07daa,instagram,0,2019-06-09 18:37:29
2019-06-09 18:37:29,5449324,8d3dc05e40de22c9f3ed0a5560f07daa,nflx,0,2019-06-09 18:37:29
2019-07-02 12:46:17,5449324,8d3dc05e40de22c9f3ed0a5560f07daa,snapchat,1,2019-06-09 18:37:29
2019-10-30 19:12:00,5449324,91b7a21d6f26ab5a4f22cd14e1e80c03,aiv,1,2019-10-26 20:15:32
2019-10-30 19:12:00,5449324,91b7a21d6f26ab5a4f22cd14e1e80c03,com.amazon.mobile.shopping,1,2019-08-25 06:04:54
2019-10-30 19:12:00,5449324,91b7a21d6f26ab5a4f22cd14e1e80c03,cplus,1,2019-08-26 02:48:40
2019-10-30 19:12:00,5449324,91b7a21d6f26ab5a4f22cd14e1e80c03,instagram,1,2019-08-21 00:38:51
2019-10-30 19:12:00,5449324,91b7a21d6f26ab5a4f22cd14e1e80c03,nflx,1,2019-08-21 00:38:51
2019-10-29 02:30:42,5449324,91b7a21d6f26ab5a4f22cd14e1e80c03,snapchat,1,2019-09-12 14:01:03
2019-10-30 19:12:00,5449324,91b7a21d6f26ab5a4f22cd14e1e80c03,twitter,1,2019-09-07 18:48:55
2019-11-10 14:34:01,5449324,93948929a0eaab5b5035a1cac5d2b11e,com.instagram.android,0,2019-11-10 14:34:01
2020-04-25 20:38:26,5449324,97af8a562578c53239b7576164c4377c,aiv,0,2020-04-25 20:38:26
2020-04-25 20:38:26,5449324,97af8a562578c53239b7576164c4377c,cplus,0,2020-04-25 20:38:26
2020-04-25 20:38:26,5449324,97af8a562578c53239b7576164c4377c,instagram,0,2020-04-25 20:38:26
2020-04-25 20:38:26,5449324,97af8a562578c53239b7576164c4377c,nflx,0,2020-04-25 20:38:26
2019-04-16 12:41:43,5449324,9b27e074ab4793a8ec589c3283234d9a,com.amazon.mobile.shopping,0,2019-04-16 12:41:43
2019-04-16 12:41:43,5449324,9b27e074ab4793a8ec589c3283234d9a,cplus,0,2019-04-16 12:41:43
2019-04-16 12:41:43,5449324,9b27e074ab4793a8ec589c3283234d9a,instagram,0,2019-04-16 12:41:43
2019-04-16 12:41:43,5449324,9b27e074ab4793a8ec589c3283234d9a,nflx,0,2019-04-16 12:41:43
2019-04-16 12:41:43,5449324,9b27e074ab4793a8ec589c3283234d9a,snapchat,0,2019-04-16 12:41:43
2019-05-17 20:33:06,5449324,9b27e074ab4793a8ec589c3283234d9a,twitter,1,2019-05-17 14:10:43
2018-10-30 18:26:23,5449324,a0d6af6418bc038858f860277a769f53,com.amazon.mobile.shopping,0,2018-10-30 18:26:23
2018-12-27 15:44:26,5449324,a0d6af6418bc038858f860277a769f53,instagram,0,2018-12-08 21:23:47
2018-10-30 18:26:23,5449324,a0d6af6418bc038858f860277a769f53,nflx,0,2018-10-30 18:26:23
2018-10-30 18:26:23,5449324,a0d6af6418bc038858f860277a769f53,snapchat,0,2018-10-30 18:26:23
2018-12-22 16:15:09,5449324,a0d6af6418bc038858f860277a769f53,twitter,1,2018-12-22 14:11:57
2017-06-15 11:57:18,5449324,a519574924e4082b82a229161cd10820,instagram,0,2017-06-15 11:57:18
2017-06-15 11:57:18,5449324,a519574924e4082b82a229161cd10820,nflx,0,2017-06-15 11:57:18
2017-06-15 11:57:18,5449324,a519574924e4082b82a229161cd10820,snapchat,0,2017-06-15 11:57:18
2017-06-15 11:57:18,5449324,a519574924e4082b82a229161cd10820,twitter,0,2017-06-15 11:57:18
2019-03-01 17:25:13,5449324,a726a0cf67b721073ba8dd68e1304498,com.amazon.mobile.shopping,0,2019-03-01 17:25:13
2019-03-31 20:50:59,5449324,a726a0cf67b721073ba8dd68e1304498,cplus,0,2019-03-31 20:50:59
2019-03-01 17:25:13,5449324,a726a0cf67b721073ba8dd68e1304498,instagram,0,2019-03-01 17:25:13
2019-03-01 17:25:13,5449324,a726a0cf67b721073ba8dd68e1304498,nflx,0,2019-03-01 17:25:13
2019-03-01 17:25:13,5449324,a726a0cf67b721073ba8dd68e1304498,snapchat,0,2019-03-01 17:25:13
2017-07-27 15:30:12,5449324,aaeb4503d790609631b7c0d6b28eb0c4,nflx,0,2017-07-27 15:30:12
2017-07-27 15:30:12,5449324,aaeb4503d790609631b7c0d6b28eb0c4,snapchat,0,2017-07-27 15:30:12
2017-07-27 15:30:12,5449324,aaeb4503d790609631b7c0d6b28eb0c4,twitter,0,2017-07-27 15:30:12
2017-01-13 21:57:24,5449324,c0a622019d9059827b3522c9ff9b33b2,com.amazon.mobile.shopping,1,2017-01-09 22:11:44
2017-01-21 20:15:50,5449324,c0a622019d9059827b3522c9ff9b33b2,cplay,1,2017-01-21 19:59:57
2017-01-21 19:59:57,5449324,c0a622019d9059827b3522c9ff9b33b2,cplus,0,2017-01-21 19:59:57
2016-12-11 19:32:12,5449324,c0a622019d9059827b3522c9ff9b33b2,fb,0,2016-12-11 19:32:12
2016-11-18 19:06:44,5449324,c0a622019d9059827b3522c9ff9b33b2,instagram,0,2016-11-18 19:06:44
2016-11-18 19:06:44,5449324,c0a622019d9059827b3522c9ff9b33b2,nflx,0,2016-11-18 19:06:44
2016-11-18 19:06:44,5449324,c0a622019d9059827b3522c9ff9b33b2,snapchat,0,2016-11-18 19:06:44
2016-11-18 19:06:44,5449324,c0a622019d9059827b3522c9ff9b33b2,twitter,0,2016-11-18 19:06:44
2016-12-16 17:49:29,5449324,c39075efffc1c8788b15d5875fbd1d1f,fb,0,2016-12-16 17:49:29
2016-11-15 17:07:29,5449324,c39075efffc1c8788b15d5875fbd1d1f,nflx,0,2016-11-15 17:07:29
2016-12-16 17:49:29,5449324,c39075efffc1c8788b15d5875fbd1d1f,twitter,0,2016-12-16 17:49:29
2016-10-21 13:39:06,5449324,c92ca7f0a17039c61c642ef5a1250d5a,instagram,0,2016-10-21 13:39:06
2016-10-21 13:39:06,5449324,c92ca7f0a17039c61c642ef5a1250d5a,nflx,0,2016-10-21 13:39:06
2016-10-21 13:39:06,5449324,c92ca7f0a17039c61c642ef5a1250d5a,snapchat,0,2016-10-21 13:39:06
2016-10-21 13:39:06,5449324,c92ca7f0a17039c61c642ef5a1250d5a,twitter,0,2016-10-21 13:39:06
2018-01-18 07:18:22,5449324,cd7def70a5548f374172c7a533afc8c0,mytf1,0,2018-01-18 07:18:22
2018-01-10 14:42:58,5449324,cd7def70a5548f374172c7a533afc8c0,nflx,0,2018-01-10 14:42:58
2018-01-10 14:42:58,5449324,cd7def70a5548f374172c7a533afc8c0,snapchat,0,2018-01-10 14:42:58
2016-09-30 10:20:47,5449324,d20de0abd41a6476d1c7f919e22cf544,nflx,0,2016-09-30 10:20:47
2016-10-13 17:30:42,5449324,d20de0abd41a6476d1c7f919e22cf544,snapchat,1,2016-10-12 19:50:22
2016-10-04 19:57:41,5449324,d20de0abd41a6476d1c7f919e22cf544,twitter,0,2016-10-04 19:57:41
2017-08-10 07:48:28,5449324,d3a2df101084192df927809d873d7e34,instagram,0,2017-08-10 03:23:24
2017-07-31 11:17:39,5449324,d3a2df101084192df927809d873d7e34,nflx,0,2017-07-31 11:17:39
2017-07-31 11:17:39,5449324,d3a2df101084192df927809d873d7e34,snapchat,0,2017-07-31 11:17:39
2017-07-31 11:17:39,5449324,d3a2df101084192df927809d873d7e34,twitter,0,2017-07-31 11:17:39
2018-06-03 23:34:01,5449324,d5a04f6885c0be9ef1dd64c9775b0ac8,com.amazon.mobile.shopping,0,2018-06-03 23:34:01
2018-05-05 18:34:49,5449324,d5a04f6885c0be9ef1dd64c9775b0ac8,cplus,0,2018-05-05 18:34:49
2018-05-05 18:34:49,5449324,d5a04f6885c0be9ef1dd64c9775b0ac8,nflx,0,2018-05-05 18:34:49
2018-05-05 18:34:49,5449324,d5a04f6885c0be9ef1dd64c9775b0ac8,snapchat,0,2018-05-05 18:34:49
2018-05-12 22:04:49,5449324,d5a04f6885c0be9ef1dd64c9775b0ac8,twitter,0,2018-05-12 22:04:49
2019-07-18 22:46:14,5449324,db82be9c497a24b15536323a0f2184f6,com.instagram.android,0,2019-07-18 22:46:14
2017-04-17 08:55:25,5449324,ddd88b5c2e5a675af363559d19c9b0c7,cplus,0,2017-04-17 08:55:25
2017-04-08 11:22:23,5449324,ddd88b5c2e5a675af363559d19c9b0c7,hbogo,1,2017-03-05 12:21:24
2017-04-08 11:22:23,5449324,ddd88b5c2e5a675af363559d19c9b0c7,hbonow,1,2017-03-05 12:21:24
2017-04-26 22:10:15,5449324,ddd88b5c2e5a675af363559d19c9b0c7,instagram,0,2017-02-10 13:58:03
2017-02-10 13:58:03,5449324,ddd88b5c2e5a675af363559d19c9b0c7,nflx,0,2017-02-10 13:58:03
2017-02-10 13:58:03,5449324,ddd88b5c2e5a675af363559d19c9b0c7,snapchat,0,2017-02-10 13:58:03
2017-02-10 13:58:03,5449324,ddd88b5c2e5a675af363559d19c9b0c7,twitter,0,2017-02-10 13:58:03
2019-01-05 22:46:59,5449324,e301a3565fac390c45d81a3c0e441b10,com.amazon.mobile.shopping,0,2019-01-05 22:46:59
2019-01-05 22:46:59,5449324,e301a3565fac390c45d81a3c0e441b10,instagram,0,2019-01-05 22:46:59
2019-01-05 22:46:59,5449324,e301a3565fac390c45d81a3c0e441b10,nflx,0,2019-01-05 22:46:59
2019-01-05 21:44:31,5449324,e301a3565fac390c45d81a3c0e441b10,snapchat,0,2019-01-05 21:44:31
2019-01-28 06:38:27,5449324,e301a3565fac390c45d81a3c0e441b10,twitter,0,2019-01-28 06:38:27
2020-05-01 21:52:58,5449324,e745b68576e62559bf8b8d0f377360a1,aiv,0,2020-05-01 21:52:58
2020-05-01 21:52:58,5449324,e745b68576e62559bf8b8d0f377360a1,com.amazon.mobile.shopping,0,2020-05-01 21:52:58
2020-05-01 21:52:58,5449324,e745b68576e62559bf8b8d0f377360a1,cplus,0,2020-05-01 21:52:58
2020-05-01 21:52:58,5449324,e745b68576e62559bf8b8d0f377360a1,instagram,0,2020-05-01 21:52:58
2020-05-01 21:52:58,5449324,e745b68576e62559bf8b8d0f377360a1,nflx,0,2020-05-01 21:52:58
2018-01-29 17:49:17,5449324,ec6f7256bdb6a05439a2ea4d95d9d2e4,mytf1,0,2018-01-29 17:49:17
2018-01-29 17:49:17,5449324,ec6f7256bdb6a05439a2ea4d95d9d2e4,nflx,0,2018-01-29 17:49:17
2018-01-29 17:49:17,5449324,ec6f7256bdb6a05439a2ea4d95d9d2e4,snapchat,0,2018-01-29 17:49:17
2018-07-05 14:39:32,5449324,eebdcd7635deaaad36740c9a3da191ca,com.amazon.mobile.shopping,0,2018-07-05 14:39:32
2018-07-05 00:46:39,5449324,eebdcd7635deaaad36740c9a3da191ca,nflx,0,2018-07-05 00:46:39
2018-07-04 23:21:27,5449324,eebdcd7635deaaad36740c9a3da191ca,snapchat,0,2018-07-04 23:21:27
2017-06-05 20:40:40,5449324,f101486d5765294c0a1d9f840d496670,cplus,1,2017-05-02 00:22:18
2017-06-14 17:51:01,5449324,f101486d5765294c0a1d9f840d496670,hbogo,0,2017-05-08 16:42:12
2017-05-08 16:43:34,5449324,f101486d5765294c0a1d9f840d496670,hbonow,1,2017-05-08 16:42:12
2017-05-08 16:43:34,5449324,f101486d5765294c0a1d9f840d496670,hulu,1,2017-05-08 16:42:12
2017-06-11 18:21:39,5449324,f101486d5765294c0a1d9f840d496670,instagram,0,2017-05-02 00:22:18
2017-05-02 00:22:18,5449324,f101486d5765294c0a1d9f840d496670,nflx,0,2017-05-02 00:22:18
2017-06-04 18:02:43,5449324,f101486d5765294c0a1d9f840d496670,shoany,1,2017-05-08 22:42:39
2017-06-04 18:02:43,5449324,f101486d5765294c0a1d9f840d496670,showtime,1,2017-05-08 16:42:12
2017-05-02 00:22:18,5449324,f101486d5765294c0a1d9f840d496670,snapchat,0,2017-05-02 00:22:18
2017-05-02 00:22:18,5449324,f101486d5765294c0a1d9f840d496670,twitter,0,2017-05-02 00:22:18
2018-02-05 08:57:41,5449324,f506860346f7a82524dcaf2e82e3a66d,mytf1,1,2018-01-30 20:04:20
2018-01-30 20:04:20,5449324,f506860346f7a82524dcaf2e82e3a66d,nflx,0,2018-01-30 20:04:20
2018-01-30 20:04:20,5449324,f506860346f7a82524dcaf2e82e3a66d,snapchat,0,2018-01-30 20:04:20
2017-11-26 18:11:43,5449324,f6ae0c32cf04838eb2102dcac3701f27,cplus,0,2017-11-26 18:11:43
2017-10-27 21:32:19,5449324,f6ae0c32cf04838eb2102dcac3701f27,hbogo,0,2017-10-27 21:32:19
2017-11-20 08:39:14,5449324,f6ae0c32cf04838eb2102dcac3701f27,mytf1,0,2017-11-20 08:39:14
2017-10-27 21:32:19,5449324,f6ae0c32cf04838eb2102dcac3701f27,nflx,0,2017-10-27 21:32:19
2017-10-27 21:32:19,5449324,f6ae0c32cf04838eb2102dcac3701f27,snapchat,0,2017-10-27 21:32:19
2017-10-27 21:32:19,5449324,f6ae0c32cf04838eb2102dcac3701f27,twitter,0,2017-10-27 21:32:19
2017-12-11 01:33:07,5449324,fc9d4e447f3a8a3eb0d381813b882677,cplus,0,2017-12-11 01:33:07
2017-12-04 20:58:58,5449324,fc9d4e447f3a8a3eb0d381813b882677,hbogo,0,2017-12-04 20:58:58
2017-12-08 16:49:35,5449324,fc9d4e447f3a8a3eb0d381813b882677,mytf1,1,2017-12-07 22:45:52
2017-12-04 20:58:58,5449324,fc9d4e447f3a8a3eb0d381813b882677,nflx,0,2017-12-04 20:58:58
2017-12-04 20:58:58,5449324,fc9d4e447f3a8a3eb0d381813b882677,snapchat,0,2017-12-04 20:58:58
2017-12-04 20:58:58,5449324,fc9d4e447f3a8a3eb0d381813b882677,twitter,0,2017-12-04 20:58:58
2017-01-03 16:36:54,5449324,ffbed061efe62008140e156c25590483,fb,0,2017-01-03 16:36:54
2017-01-03 16:36:54,5449324,ffbed061efe62008140e156c25590483,nflx,0,2017-01-03 16:36:54
2017-01-03 16:36:54,5449324,ffbed061efe62008140e156c25590483,twitter,0,2017-01-03 16:36:54
