episode_id,vote_key,user_id,uuid,movie_name,series_name,season_number,episode_number
0,4eaf55c8-c591-4189-a4eb-f5ff00d96b67-5449324-1,5449324,4eaf55c8-c591-4189-a4eb-f5ff00d96b67,Camping,,,
0,b8331869-3396-4662-97b0-c510b1e8bf88-5449324-29,5449324,b8331869-3396-4662-97b0-c510b1e8bf88,Sex Tape,,,
0,b5a09fd3-2558-4e3c-bb63-f33348beb1b5-5449324-3,5449324,b5a09fd3-2558-4e3c-bb63-f33348beb1b5,Jonas,,,
0,f03c0741-9802-4d66-940b-be080d2e9289-5449324-27,5449324,f03c0741-9802-4d66-940b-be080d2e9289,The F**k-It List,,,
0,79a6179f-b03a-432d-b615-44e6f0ef0078-5449324-3,5449324,79a6179f-b03a-432d-b615-44e6f0ef0078,TOC TOC,,,
0,05fe89b8-d5c8-4439-b7f2-289269f5bedc-5449324-1,5449324,05fe89b8-d5c8-4439-b7f2-289269f5bedc,The Perfection,,,
0,a2f4f40e-e26c-4dbd-9bc3-1061df15f7f7-5449324-28,5449324,a2f4f40e-e26c-4dbd-9bc3-1061df15f7f7,Sausage Party,,,
0,4aa15a93-36b7-4782-bd09-4e5fd71716d1-5449324-3,5449324,4aa15a93-36b7-4782-bd09-4e5fd71716d1,Lilo & Stitch,,,
0,dc7f59f1-4ba3-4fe8-8bfc-3aaf8142a91e-5449324-28,5449324,dc7f59f1-4ba3-4fe8-8bfc-3aaf8142a91e,Mommy,,,
0,fe58d6ce-6230-4486-8986-811ce0fe4c9e-5449324-29,5449324,fe58d6ce-6230-4486-8986-811ce0fe4c9e,となりのトトロ,,,
0,14f6eea1-a962-4b3b-b7d0-033c8c924aa8-5449324-27,5449324,14f6eea1-a962-4b3b-b7d0-033c8c924aa8,Someone Great,,,
0,2f640e9a-8db2-471e-9971-2abbffb7b654-5449324-3,5449324,2f640e9a-8db2-471e-9971-2abbffb7b654,Kirikou and the Sorceress,,,
0,2d4ab44f-b844-4feb-a20a-634b6d586a02-5449324-27,5449324,2d4ab44f-b844-4feb-a20a-634b6d586a02,How the Grinch Stole Christmas,,,
0,732acc39-23f3-4836-9575-623bbc5a6a73-5449324-3,5449324,732acc39-23f3-4836-9575-623bbc5a6a73,"Love, Simon",,,
0,1936b62d-ab8a-4395-897a-dc2862b57610-5449324-28,5449324,1936b62d-ab8a-4395-897a-dc2862b57610,Babysitting 2,,,
0,49cb8598-4351-4519-9ddb-ea549fc62aa3-5449324-29,5449324,49cb8598-4351-4519-9ddb-ea549fc62aa3,Lady and the Tramp,,,
0,780fa612-3916-40e9-a1c3-6b2e75197395-5449324-3,5449324,780fa612-3916-40e9-a1c3-6b2e75197395,Up,,,
0,19d89b1d-14b2-491b-9661-363d2d057af0-5449324-29,5449324,19d89b1d-14b2-491b-9661-363d2d057af0,Orphan,,,
0,fb158f35-6e8e-4693-bddc-2d35a26a889c-5449324-29,5449324,fb158f35-6e8e-4693-bddc-2d35a26a889c,It,,,
0,aaf514bd-67bf-49b1-b2df-b041c1777a82-5449324-3,5449324,aaf514bd-67bf-49b1-b2df-b041c1777a82,Spring Breakers,,,
0,b69c6c14-4cdd-420b-b55c-8a9eea46bc5f-5449324-29,5449324,b69c6c14-4cdd-420b-b55c-8a9eea46bc5f,Sur la piste du Marsupilami,,,
0,b493c854-4b80-45fb-81ab-78dd92486883-5449324-3,5449324,b493c854-4b80-45fb-81ab-78dd92486883,The Lion King,,,
0,421f69c1-195e-433f-a64b-6191a3db7524-5449324-27,5449324,421f69c1-195e-433f-a64b-6191a3db7524,Time Trap,,,
110895,110895-5449324-29,5449324,a2e09c2d-8023-4f04-8f99-b95f5668b6a1,,Space Goofs,1,9
208658,208658-5449324-3,5449324,cfd70b30-d16f-4b4b-83ff-71d69d03a7f3,,Pokémon,7,24
208658,208658-5449324-29,5449324,cfd70b30-d16f-4b4b-83ff-71d69d03a7f3,,Pokémon,7,24
208659,208659-5449324-29,5449324,f55ddba6-81fb-4ea0-82f4-eb080d931865,,Pokémon,7,25
208660,208660-5449324-29,5449324,81765eb0-f16b-4be8-8816-fa89b07de1fc,,Pokémon,7,26
208661,208661-5449324-28,5449324,1843a2a3-87a0-4fa1-9b53-7ae432b215e0,,Pokémon,7,27
208662,208662-5449324-29,5449324,8775e32e-745c-42e5-b0a2-5db249152b43,,Pokémon,7,28
208662,208662-5449324-28,5449324,8775e32e-745c-42e5-b0a2-5db249152b43,,Pokémon,7,28
208663,208663-5449324-28,5449324,3d69578f-94ee-4727-8871-58afe93793e4,,Pokémon,7,29
208664,208664-5449324-28,5449324,ee19ac87-32d6-4dd5-814d-d2ebc94b875a,,Pokémon,7,30
208665,208665-5449324-29,5449324,cdf71720-8cd8-486f-9dd6-1f9d46f31549,,Pokémon,7,31
208665,208665-5449324-28,5449324,cdf71720-8cd8-486f-9dd6-1f9d46f31549,,Pokémon,7,31
208666,208666-5449324-28,5449324,f41729ed-8a8b-458b-aa4c-1739e2d7f6c2,,Pokémon,7,32
208666,208666-5449324-29,5449324,f41729ed-8a8b-458b-aa4c-1739e2d7f6c2,,Pokémon,7,32
208667,208667-5449324-28,5449324,4a259cc1-1e2d-4cff-af9a-dc0fbd0538ad,,Pokémon,7,33
208667,208667-5449324-27,5449324,4a259cc1-1e2d-4cff-af9a-dc0fbd0538ad,,Pokémon,7,33
208668,208668-5449324-28,5449324,3fac5b69-63ea-4599-b959-67a25f4c83db,,Pokémon,7,34
208673,208673-5449324-3,5449324,b502c681-cf29-4447-9e23-3f18bd3cf64c,,Pokémon,7,39
208674,208674-5449324-28,5449324,4abb6f0e-f559-46ba-980d-5a7302e98449,,Pokémon,7,40
208674,208674-5449324-29,5449324,4abb6f0e-f559-46ba-980d-5a7302e98449,,Pokémon,7,40
218584,218584-5449324-3,5449324,8e0e33af-440e-4664-b320-4843c3a9b8ba,,"Sabrina, The Teenage Witch",1,1
218584,218584-5449324-29,5449324,8e0e33af-440e-4664-b320-4843c3a9b8ba,,"Sabrina, The Teenage Witch",1,1
218585,218585-5449324-29,5449324,e7591037-5823-4f6a-962c-3827fe33fb28,,"Sabrina, The Teenage Witch",1,2
324818,324818-5449324-20,5449324,7b6a989c-9e59-4b96-8287-6c60853da9a9,,"Go, Diego, Go!",1,3
2599511,2599511-5449324-29,5449324,e40654cc-1b5c-4255-a915-bb19081a8ce4,,Skins,5,1
3360391,3360391-5449324-4,5449324,796b3280-126f-4b1b-8a56-6a3b6ef85cae,,Game of Thrones,1,8
3412801,3412801-5449324-29,5449324,a4f8f0a1-2c26-46ce-a40c-d9585b2bdeab,,Skins,5,3
3412811,3412811-5449324-29,5449324,fa568f89-d3c6-4c0b-9b31-ebc355df2ab4,,Skins,5,4
3412841,3412841-5449324-29,5449324,e3456d81-40d7-488f-96c9-af4c6afcd6b5,,Skins,5,7
3412851,3412851-5449324-3,5449324,a0d597f6-413a-41c2-b1bc-e42abe2457b9,,Skins,5,8
3901811,3901811-5449324-28,5449324,bba03c3d-eec3-4d45-a19c-64d419e2419f,,Glee,2,18
3901811,3901811-5449324-29,5449324,bba03c3d-eec3-4d45-a19c-64d419e2419f,,Glee,2,18
3991431,3991431-5449324-3,5449324,21f74c04-2fb8-4a71-8f7b-47300640f04d,,Pokémon,14,8
4063481,4063481-5449324-3,5449324,95d0ac3b-c266-42a7-b4d1-6c56103a56c6,,Game of Thrones,1,9
4063481,4063481-5449324-5,5449324,95d0ac3b-c266-42a7-b4d1-6c56103a56c6,,Game of Thrones,1,9
4081820,4081820-5449324-29,5449324,e9326e34-a65d-4962-b75e-159f5ed7f68a,,Glee,2,20
4081820,4081820-5449324-3,5449324,e9326e34-a65d-4962-b75e-159f5ed7f68a,,Glee,2,20
4294185,4294185-5449324-27,5449324,f9faf076-176f-4a45-9351-3a5d15c78c11,,Skins,7,3
4392178,4392178-5449324-3,5449324,8bfb4adf-8c84-43a0-80ae-d34310f4dfd1,,Glee,4,6
4448266,4448266-5449324-1,5449324,2a9ca533-ebd0-4521-be03-4ac426689dac,,Skins,7,5
4448267,4448267-5449324-27,5449324,f26ed71a-a0c9-451f-bc20-233adbdc456d,,Skins,7,1
4448291,4448291-5449324-28,5449324,1e7c8d33-2abe-418d-ac3a-d35b120328d6,,Skins,7,4
4466132,4466132-5449324-28,5449324,1acb8583-29ae-438e-b3a5-b9f7bdb03de4,,EastSiders,1,1
4466133,4466133-5449324-28,5449324,f4b70b2b-d6e0-4000-9113-a97c94fff251,,EastSiders,1,2
4513307,4513307-5449324-29,5449324,0d32e1ac-f0a2-4fb8-86e3-3976c56faca9,,Glee,4,20
4516067,4516067-5449324-3,5449324,8a4b95ab-a29c-4051-8be4-dc0eee367e5c,,Attack on Titan,1,1
4725162,4725162-5449324-29,5449324,97c90136-97e6-49eb-82bc-d841f65b5259,,Glee,5,13
4725162,4725162-5449324-3,5449324,97c90136-97e6-49eb-82bc-d841f65b5259,,Glee,5,13
5011466,5011466-5449324-3,5449324,9859f4db-fff8-4770-bce1-5f0dd38dc568,,Glee,6,13
5298530,5298530-5449324-29,5449324,812475ff-c8a9-4081-b47a-4b751a3553be,,The Magicians (2015),1,1
5350841,5350841-5449324-3,5449324,311083a1-23c8-4a5a-b4a9-db72b2507dd3,,Call My Agent!,1,1
5350843,5350843-5449324-29,5449324,b645b86e-ac43-44a8-910c-71945e95403a,,Call My Agent!,1,3
5350843,5350843-5449324-28,5449324,b645b86e-ac43-44a8-910c-71945e95403a,,Call My Agent!,1,3
5350844,5350844-5449324-3,5449324,da21d996-d1e2-4db8-a222-9ad5b3f14539,,Call My Agent!,1,4
5632528,5632528-5449324-5,5449324,e26fa1b7-402a-4c89-a143-0ed62803b67d,,Beautiful Loser,1,1
5632528,5632528-5449324-3,5449324,e26fa1b7-402a-4c89-a143-0ed62803b67d,,Beautiful Loser,1,1
5632529,5632529-5449324-5,5449324,072b5b53-bda9-4458-9a75-328d1637cb6d,,Beautiful Loser,1,2
5632529,5632529-5449324-3,5449324,072b5b53-bda9-4458-9a75-328d1637cb6d,,Beautiful Loser,1,2
5632530,5632530-5449324-3,5449324,7edfd33a-db8d-4d2a-bf7b-fdde8e8811d0,,Beautiful Loser,1,3
5823580,5823580-5449324-19,5449324,3c525f84-74f0-4b06-91e3-d5b3c2a4228e,,The Fosters (2013),4,16
5823589,5823589-5449324-19,5449324,efca8ca6-259b-4a5a-9a16-eff3f10a52f2,,The Fosters (2013),4,15
5985411,5985411-5449324-19,5449324,a1c2cf3c-d960-4f76-9b9d-16a58f9e3b96,,The Fosters (2013),4,17
6023946,6023946-5449324-28,5449324,e9f9d709-22fa-41c1-bdad-71cb598e8f23,,Call My Agent!,2,1
6311300,6311300-5449324-18,5449324,2900fb43-99ce-4541-b7ae-cdcb384dc692,,Carpool Karaoke: The Series,1,13
6311300,6311300-5449324-19,5449324,2900fb43-99ce-4541-b7ae-cdcb384dc692,,Carpool Karaoke: The Series,1,13
6322926,6322926-5449324-27,5449324,7f9fb874-ea35-4e97-83cf-3e5bd0313b29,,Carpool Karaoke: The Series,1,14
6334640,6334640-5449324-1,5449324,8cca0545-4efe-476f-b137-6a1b35eb5c5a,,Carpool Karaoke: The Series,1,15
6334703,6334703-5449324-1,5449324,569bde65-ef2f-48da-8725-c48a030c95dd,,Carpool Karaoke: The Series,1,16
6359331,6359331-5449324-27,5449324,cf120ac1-611d-4a68-819e-dc846f7389d4,,Carpool Karaoke: The Series,1,18
6380183,6380183-5449324-3,5449324,c8866e86-c4fa-45c5-80bb-2591c2595394,,Calls,1,1
6380192,6380192-5449324-29,5449324,d72d85da-0bc1-45e9-a8d5-26e90e9459e3,,Calls,1,2
6380193,6380193-5449324-3,5449324,c9b446d6-521b-4131-972f-d49cef44fa76,,Calls,1,3
6380195,6380195-5449324-27,5449324,25898111-e738-4964-b401-d91592dedf05,,Calls,1,4
6387032,6387032-5449324-3,5449324,ac6b3740-13e8-40ff-8076-80063fbbb6d7,,Paris etc.,1,1
6387033,6387033-5449324-29,5449324,b575b12b-ff10-44e8-bc56-e52f6b5c73fd,,Paris etc.,1,2
6389110,6389110-5449324-1,5449324,fde66057-2003-4efd-87a6-66ba03216a02,,Carpool Karaoke: The Series,1,19
6461783,6461783-5449324-19,5449324,f467ed2d-b53b-4754-83c4-5aec95f2227b,,You,1,2
6461786,6461786-5449324-19,5449324,9a0c08c3-daa6-4f41-8857-437934a3de9e,,You,1,5
6461789,6461789-5449324-18,5449324,93aeaf76-a26d-490b-ab67-a467629b5335,,You,1,8
6461789,6461789-5449324-20,5449324,93aeaf76-a26d-490b-ab67-a467629b5335,,You,1,8
6499485,6499485-5449324-19,5449324,82932bbe-0f8e-4969-9aa3-cf6c427e0910,,I Love You 2,1,1
6605060,6605060-5449324-20,5449324,ca2a6aab-7d96-4751-9c7c-a954fbe29751,,My Brilliant Friend,1,2
6605062,6605062-5449324-20,5449324,fd49a46f-a6bf-49b1-b131-c7e70973058a,,My Brilliant Friend,1,3
6605071,6605071-5449324-18,5449324,2516c9bb-17fc-4c69-aaef-7595ffb21faa,,My Brilliant Friend,1,7
6614457,6614457-5449324-29,5449324,4aa4ea4b-6fe5-43a8-9227-9b67151c7a19,,Sweetbitter,1,2
6614458,6614458-5449324-28,5449324,cea73e69-ca1c-4893-931f-f125605f345e,,Sweetbitter,1,3
6614459,6614459-5449324-3,5449324,b94bc136-5eaf-49d5-a9ad-dda2c7b8ee3a,,Sweetbitter,1,4
6614459,6614459-5449324-29,5449324,b94bc136-5eaf-49d5-a9ad-dda2c7b8ee3a,,Sweetbitter,1,4
6614460,6614460-5449324-1,5449324,8e7a1014-d9c5-4c1a-97a1-ab547e39dfa6,,Sweetbitter,1,5
6614460,6614460-5449324-29,5449324,8e7a1014-d9c5-4c1a-97a1-ab547e39dfa6,,Sweetbitter,1,5
6614461,6614461-5449324-28,5449324,a992689b-8d81-4ab0-9c28-36a42d0b767d,,Sweetbitter,1,6
6614461,6614461-5449324-27,5449324,a992689b-8d81-4ab0-9c28-36a42d0b767d,,Sweetbitter,1,6
6623548,6623548-5449324-29,5449324,e7b480f8-6077-4456-b48d-e3eb9460e8f2,,The Haunting,1,1
6653596,6653596-5449324-20,5449324,52326717-76ea-46d5-9bf4-37551e99edb2,,A Series of Unfortunate Events,3,2
6671794,6671794-5449324-20,5449324,dc2608df-b498-44a0-a8df-2b8b2bf8810a,,Elite,1,3
6671803,6671803-5449324-20,5449324,151d69ff-87af-4624-b756-952d2b069e3d,,Elite,1,7
6671803,6671803-5449324-19,5449324,151d69ff-87af-4624-b756-952d2b069e3d,,Elite,1,7
6700307,6700307-5449324-20,5449324,074d8f84-1ef0-49a9-b491-8b233abfb1a7,,Pokémon,18,77
6722780,6722780-5449324-1,5449324,b9320509-6b80-4bca-92b6-4a00403c4ca0,,Carpool Karaoke: The Series,1,20
6784605,6784605-5449324-29,5449324,8ef90c0f-c1b8-4968-a081-9cf70b6bf3bc,,Explained,1,16
6784610,6784610-5449324-29,5449324,1ac86b43-42a0-4bf0-b301-98f642b4b77d,,Explained,1,19
6784611,6784611-5449324-3,5449324,0e515872-8fd5-414e-98e7-e988205bd6b1,,Explained,1,20
6786330,6786330-5449324-1,5449324,9b729261-5f22-4cd9-8e66-06ef8491fab9,,Siren (2018),2,1
6786642,6786642-5449324-4,5449324,26826486-5e08-4139-9e38-c73c8aeb63cd,,The Purge,1,3
6786642,6786642-5449324-2,5449324,26826486-5e08-4139-9e38-c73c8aeb63cd,,The Purge,1,3
6786643,6786643-5449324-4,5449324,794d2e03-02f1-4257-a6be-c524decee9a0,,The Purge,1,4
6786643,6786643-5449324-2,5449324,794d2e03-02f1-4257-a6be-c524decee9a0,,The Purge,1,4
6792763,6792763-5449324-19,5449324,01cf1da4-df3d-4b44-931a-4e9171dd4534,,Good Trouble,1,1
6792763,6792763-5449324-20,5449324,01cf1da4-df3d-4b44-931a-4e9171dd4534,,Good Trouble,1,1
6795576,6795576-5449324-29,5449324,65bfc0ae-fc59-4d87-9126-c506b0fdbfde,,Naked Attraction,3,1
6800837,6800837-5449324-19,5449324,8da94cff-fff4-463d-b560-9845b0538d26,,Harry Potter ,3,1
6800837,6800837-5449324-18,5449324,8da94cff-fff4-463d-b560-9845b0538d26,,Harry Potter ,3,1
6800855,6800855-5449324-19,5449324,889144ac-4ac4-43f3-87bc-e80878d4cb0e,,Harry Potter ,5,1
6806407,6806407-5449324-19,5449324,f858380e-0f80-469e-9283-6067429256a6,,Perfume (2018),1,1
6809788,6809788-5449324-20,5449324,1f597821-e93b-4a8d-9c1e-8680dea234ca,,Baby,1,1
6814869,6814869-5449324-20,5449324,e27afa6a-24cd-4de3-b22b-47ebe7116dc1,,Into the Dark,1,3
6814869,6814869-5449324-19,5449324,e27afa6a-24cd-4de3-b22b-47ebe7116dc1,,Into the Dark,1,3
6814875,6814875-5449324-20,5449324,fd5d8972-7362-4f01-9cb2-93ea35bb1892,,Into the Dark,1,5
6814877,6814877-5449324-5,5449324,8839bc55-fa8b-4da1-9a56-ef7a0544d83f,,Into the Dark,1,6
6827550,6827550-5449324-28,5449324,fab90dfb-0c4c-427a-a628-39e4dd5fa867,,Into the Dark,1,7
6827550,6827550-5449324-27,5449324,fab90dfb-0c4c-427a-a628-39e4dd5fa867,,Into the Dark,1,7
6827550,6827550-5449324-29,5449324,fab90dfb-0c4c-427a-a628-39e4dd5fa867,,Into the Dark,1,7
6830710,6830710-5449324-3,5449324,4ee914f6-5f2f-468b-b64e-7990a6e96d13,,Hilda,1,2
6830711,6830711-5449324-3,5449324,b7b27b42-acfb-47c9-8f88-ebc70940f0c3,,Hilda,1,3
6830770,6830770-5449324-29,5449324,eb5c3f79-0d52-40e4-9822-1cecf9b3c090,,Pokémon,18,91
6830770,6830770-5449324-28,5449324,eb5c3f79-0d52-40e4-9822-1cecf9b3c090,,Pokémon,18,91
6830770,6830770-5449324-27,5449324,eb5c3f79-0d52-40e4-9822-1cecf9b3c090,,Pokémon,18,91
6835459,6835459-5449324-19,5449324,0d076267-b7e5-43f3-9d53-37827780861b,,Mike,1,2
6835461,6835461-5449324-19,5449324,e306972e-feb8-4cb4-b214-0be5db6b7f5e,,Mike,1,3
6835462,6835462-5449324-19,5449324,b8dcb5da-f99c-4a37-9388-e0db698f7fde,,Mike,1,4
6835468,6835468-5449324-3,5449324,fb5e501b-1211-49cd-9dcf-361ce29a08ef,,Mike,1,9
6835468,6835468-5449324-5,5449324,fb5e501b-1211-49cd-9dcf-361ce29a08ef,,Mike,1,9
6835469,6835469-5449324-3,5449324,c666df89-e83f-47bd-9f46-0950273ebe33,,Mike,1,10
6835470,6835470-5449324-3,5449324,c849609a-d7c1-458d-a50b-7287f240562a,,Mike,1,11
6835471,6835471-5449324-3,5449324,11840ffc-32dc-45e1-bbc7-26c7e8b841d1,,Mike,1,12
6835471,6835471-5449324-5,5449324,11840ffc-32dc-45e1-bbc7-26c7e8b841d1,,Mike,1,12
6847131,6847131-5449324-1,5449324,4e66cb1d-8327-4601-8e77-fa865619b264,,High Seas,1,3
6847142,6847142-5449324-4,5449324,8767a12d-3a49-48f6-b84b-b3030938d6a3,,Room 104,2,2
6847142,6847142-5449324-5,5449324,8767a12d-3a49-48f6-b84b-b3030938d6a3,,Room 104,2,2
6848023,6848023-5449324-18,5449324,52ccd628-fe7f-4dc0-9d22-f7ee9f3ef791,,Riverdale,3,9
6848555,6848555-5449324-1,5449324,8007ad32-5d90-41c5-acb0-f30ef6607d36,,Room 104,2,3
6848556,6848556-5449324-1,5449324,93611bfb-7e8b-4b8c-b3cd-9953fb5f4650,,Room 104,2,4
6848556,6848556-5449324-3,5449324,93611bfb-7e8b-4b8c-b3cd-9953fb5f4650,,Room 104,2,4
6850876,6850876-5449324-19,5449324,00892ec0-2dc0-490c-8fa2-ecdef1492f94,,American Horror Story,8,9
6856368,6856368-5449324-19,5449324,cff0619f-32f9-46eb-a2f8-209addcf3908,,Mom or Dad,1,1
6860880,6860880-5449324-19,5449324,f9d0d2f0-1e4f-4943-8cf5-58d905ead9d0,,Neo Yokio,0,1
6860880,6860880-5449324-20,5449324,f9d0d2f0-1e4f-4943-8cf5-58d905ead9d0,,Neo Yokio,0,1
6866447,6866447-5449324-3,5449324,1389351c-0b30-4b04-a0ff-16d447defab3,,Carpool Karaoke: The Series,2,2
6868398,6868398-5449324-20,5449324,bcc03bd6-f176-43e2-81c3-5c905b9e4227,,The Simpsons,30,6
6870350,6870350-5449324-1,5449324,b87bb1cd-5c49-4211-95ee-7f2c201e8087,,Room 104,2,8
6870356,6870356-5449324-4,5449324,092b98ac-7e36-489f-b315-e0aa06a14a7b,,Room 104,2,10
6870361,6870361-5449324-5,5449324,ba2285d9-54bf-483e-bdd1-565eb6ffcae1,,Room 104,2,12
6870361,6870361-5449324-4,5449324,ba2285d9-54bf-483e-bdd1-565eb6ffcae1,,Room 104,2,12
6873988,6873988-5449324-20,5449324,9012c100-6999-4a1a-b110-b8e79ea4e68a,,Interns,1,2
6873994,6873994-5449324-20,5449324,bc910cc5-b6b4-4230-bc93-c094e42f2d11,,Interns,1,3
6874004,6874004-5449324-20,5449324,9105af31-9cf4-478a-bf11-ccbc6bb858ba,,Interns,1,5
6874005,6874005-5449324-20,5449324,2eac30bc-79a7-408f-a54f-77f8f2f76d10,,Interns,1,6
6874008,6874008-5449324-20,5449324,d9336c77-cad9-49db-ab5e-6896e7fb09a0,,Interns,1,7
6874009,6874009-5449324-20,5449324,3224cc3e-1319-42da-942b-4b4281548da0,,Interns,1,8
6877869,6877869-5449324-19,5449324,a9f3c5b9-ece4-46ad-8b46-2c022460c685,,The Simpsons,30,8
6877869,6877869-5449324-20,5449324,a9f3c5b9-ece4-46ad-8b46-2c022460c685,,The Simpsons,30,8
6879480,6879480-5449324-20,5449324,a1015c33-2f8f-4484-af43-313b8a0544b9,,En fait,2,19
6879480,6879480-5449324-18,5449324,a1015c33-2f8f-4484-af43-313b8a0544b9,,En fait,2,19
6879480,6879480-5449324-19,5449324,a1015c33-2f8f-4484-af43-313b8a0544b9,,En fait,2,19
6879480,6879480-5449324-17,5449324,a1015c33-2f8f-4484-af43-313b8a0544b9,,En fait,2,19
6879480,6879480-5449324-16,5449324,a1015c33-2f8f-4484-af43-313b8a0544b9,,En fait,2,19
6879894,6879894-5449324-3,5449324,d4fe1d7e-d5ab-4028-82f6-1b377a687b6b,,Carpool Karaoke: The Series,2,3
6882388,6882388-5449324-20,5449324,e1593a3f-c865-4920-8d42-a338b96a716a,,Skam Spain,1,9
6882390,6882390-5449324-20,5449324,72d8581d-6ba0-445e-9a73-6f642a3b888f,,Skam Spain,1,10
6883244,6883244-5449324-27,5449324,d7851b08-4d19-4b8f-881f-e15388ebb1da,,Pokémon,18,96
6883244,6883244-5449324-28,5449324,d7851b08-4d19-4b8f-881f-e15388ebb1da,,Pokémon,18,96
6887371,6887371-5449324-20,5449324,d05ff2ef-b57b-468b-944f-0416be0667e4,,9-1-1,2,9
6889230,6889230-5449324-28,5449324,948cda11-ef69-4fa9-9b0a-080fd882922f,,Carpool Karaoke: The Series,2,4
6898280,6898280-5449324-3,5449324,da8ba58f-a019-4070-8dab-5be9eba05c2d,,Carpool Karaoke: The Series,2,5
6898281,6898281-5449324-3,5449324,c9822676-57e9-41f8-a7f2-d302c8b77f53,,Carpool Karaoke: The Series,2,6
6898283,6898283-5449324-27,5449324,838284e4-945e-4d0f-9f2f-fe39b4bc2bce,,Carpool Karaoke: The Series,2,7
6898284,6898284-5449324-3,5449324,1871eda6-98f6-400d-b607-e52f21d07707,,Carpool Karaoke: The Series,2,8
6900027,6900027-5449324-20,5449324,956291e2-cf90-45d1-98cc-1947d85cdb9f,,The Dead Girls Detective Agency,1,8
6901566,6901566-5449324-20,5449324,d870111d-04eb-4f22-96af-54dca78f52cb,,Nailed It! Holiday!,1,1
6901566,6901566-5449324-19,5449324,d870111d-04eb-4f22-96af-54dca78f52cb,,Nailed It! Holiday!,1,1
6901566,6901566-5449324-18,5449324,d870111d-04eb-4f22-96af-54dca78f52cb,,Nailed It! Holiday!,1,1
6903616,6903616-5449324-20,5449324,40f0ada9-e8d0-4996-9905-c6887c3fa468,,Mom or Dad,1,2
6904300,6904300-5449324-19,5449324,519bbbdf-a27e-4f14-a02c-4c8a1b24c747,,Mom or Dad,1,4
6904300,6904300-5449324-20,5449324,519bbbdf-a27e-4f14-a02c-4c8a1b24c747,,Mom or Dad,1,4
6904302,6904302-5449324-19,5449324,131cd2c6-ea02-410b-a3ee-70bfd7a200a3,,Mom or Dad,1,5
6904306,6904306-5449324-20,5449324,128d4f91-a07f-4d57-958f-006e6186a5d6,,Mom or Dad,1,6
6910832,6910832-5449324-16,5449324,9f95b6df-c518-42fa-96dc-4b6c1b5dad1b,,High Maintenance (2016),3,1
6910832,6910832-5449324-17,5449324,9f95b6df-c518-42fa-96dc-4b6c1b5dad1b,,High Maintenance (2016),3,1
6919489,6919489-5449324-19,5449324,542744b2-cc0f-4a15-ad6f-8068a8f23c1f,,,3,21
6919489,6919489-5449324-20,5449324,542744b2-cc0f-4a15-ad6f-8068a8f23c1f,,,3,21
6920965,6920965-5449324-17,5449324,e092b1dc-21b3-4753-a3ee-016de86060fa,,Fam,1,1
6920965,6920965-5449324-16,5449324,e092b1dc-21b3-4753-a3ee-016de86060fa,,Fam,1,1
6927852,6927852-5449324-19,5449324,7aa20103-4d7d-4acb-be02-43c57fa8e7e2,,Sex Education,1,2
6929987,6929987-5449324-16,5449324,d22c1926-8402-4d66-8ba5-e01c8de2fb09,,,3,26
6930165,6930165-5449324-19,5449324,f6473cf1-2831-4f06-9dc5-bb34a4914fbd,,Big Head,1,1
6930584,6930584-5449324-19,5449324,1a428cbd-3ae4-4e2d-b1f9-7f24cae24860,,Nailed It! Holiday!,1,3
6930586,6930586-5449324-16,5449324,4d06148a-de37-4c55-99e0-f84e54105cd9,,Nailed It! Holiday!,1,4
6930595,6930595-5449324-20,5449324,c0ebf63f-0575-4cb7-948d-53f9a29711a5,,The Hook Up Plan,1,8
6932098,6932098-5449324-3,5449324,02cc2899-4309-41d0-9bee-d075511b0bec,,Pokémon,18,99
6934210,6934210-5449324-19,5449324,70f25125-fa72-47dc-bbdb-2ecf84b4a7a2,,Skam,1,0
6934210,6934210-5449324-20,5449324,70f25125-fa72-47dc-bbdb-2ecf84b4a7a2,,Skam,1,0
6936580,6936580-5449324-3,5449324,5d064e57-44c5-4cbe-87c9-db24472f21d2,,Always a Witch,1,1
6937673,6937673-5449324-19,5449324,4b799b89-66e0-43bb-8e81-f97a7b7739b0,,Unbreakable Kimmy Schmidt,4,8
6937674,6937674-5449324-18,5449324,860fb73b-45a2-4335-b312-e9807f13be20,,Unbreakable Kimmy Schmidt,4,9
6937674,6937674-5449324-19,5449324,860fb73b-45a2-4335-b312-e9807f13be20,,Unbreakable Kimmy Schmidt,4,9
6937675,6937675-5449324-19,5449324,366dcbb3-da40-4371-891e-be70f853d15c,,Unbreakable Kimmy Schmidt,4,10
6937772,6937772-5449324-19,5449324,85eb13b5-7c70-4ac4-bd8a-6e391dfef67f,,Russian Doll,1,4
6937778,6937778-5449324-19,5449324,249ee48d-1cb2-411d-b818-1bc7480f6fea,,Russian Doll,1,7
6938244,6938244-5449324-5,5449324,40167f99-6b90-43fd-9d90-75f08173e2bb,,Always a Witch,1,3
6938248,6938248-5449324-2,5449324,62db4f97-e6b1-45f9-bec9-e9c9a44f5f54,,Always a Witch,1,7
6938266,6938266-5449324-19,5449324,212f282a-3953-4420-87b8-28ac78aeef17,,,4,13
6939218,6939218-5449324-19,5449324,11c21318-e986-4a05-a243-591f61d18d78,,One Day at a Time (2017),3,5
6940667,6940667-5449324-27,5449324,498a686f-b878-4ae2-b31d-4880380af6af,,Carpool Karaoke: The Series,2,9
6942139,6942139-5449324-19,5449324,9c491a71-4ef0-44af-86aa-e3eb507d01da,,gaelle garcia diaz,2018,46
6944078,6944078-5449324-28,5449324,59115caf-9a9c-4429-a22a-e19080684604,,Pokémon,18,101
6944774,6944774-5449324-3,5449324,c5e58a0a-9b3f-474e-9c1d-c6a0eb810274,,The Act,1,1
6945095,6945095-5449324-18,5449324,63bc7f33-22d1-43b8-9088-9f034fa760f3,,Skam,0,12
6945095,6945095-5449324-20,5449324,63bc7f33-22d1-43b8-9088-9f034fa760f3,,Skam,0,12
6945095,6945095-5449324-19,5449324,63bc7f33-22d1-43b8-9088-9f034fa760f3,,Skam,0,12
6945748,6945748-5449324-18,5449324,c2154bb4-9039-4334-a68b-88551987dcc4,,High Maintenance (2016),3,2
6952566,6952566-5449324-3,5449324,100f3284-2b58-459e-bc1f-9014619b2797,,Bonding,1,2
6973727,6973727-5449324-5,5449324,5cd01319-4a0b-427d-af12-419663289474,,High Maintenance (2016),3,3
6973732,6973732-5449324-4,5449324,d7a056b8-e4ec-49b0-8a24-672cc82cd8ea,,High Maintenance (2016),3,6
6973732,6973732-5449324-1,5449324,d7a056b8-e4ec-49b0-8a24-672cc82cd8ea,,High Maintenance (2016),3,6
6973732,6973732-5449324-2,5449324,d7a056b8-e4ec-49b0-8a24-672cc82cd8ea,,High Maintenance (2016),3,6
6973732,6973732-5449324-3,5449324,d7a056b8-e4ec-49b0-8a24-672cc82cd8ea,,High Maintenance (2016),3,6
6973733,6973733-5449324-1,5449324,019b1c87-b4d4-4959-871e-75fb40f7ce6e,,High Maintenance (2016),3,7
6973735,6973735-5449324-4,5449324,2ddc2bd9-c858-418b-8d93-54e529250d99,,High Maintenance (2016),3,8
6973736,6973736-5449324-1,5449324,8aec0fcc-a423-4bbc-8a77-838afa7bb71f,,High Maintenance (2016),3,9
6975016,6975016-5449324-3,5449324,5fc90e64-a20a-4eef-972e-aada1e748714,,Killing Eve,2,1
6978857,6978857-5449324-28,5449324,c1d5c5fe-e8db-4ed9-bb9d-f06fd33a1e69,,Pokémon,18,103
6978857,6978857-5449324-29,5449324,c1d5c5fe-e8db-4ed9-bb9d-f06fd33a1e69,,Pokémon,18,103
6980409,6980409-5449324-28,5449324,4028b7e2-dd68-408a-9d4d-38c356f5619e,,Pokémon,18,104
6980409,6980409-5449324-29,5449324,4028b7e2-dd68-408a-9d4d-38c356f5619e,,Pokémon,18,104
6981301,6981301-5449324-19,5449324,b6966f2a-71c5-4cdc-b21e-fa03acb8e7ee,,Dynasty (2017),2,11
6983885,6983885-5449324-20,5449324,11c79e07-5947-4f12-96c6-67917097543d,,Skam France,3,1
6988081,6988081-5449324-20,5449324,728c6daf-12b7-48be-8d82-76513752b630,,Dynasty (2017),2,12
6998838,6998838-5449324-20,5449324,9dac99aa-1062-4087-afb8-683fb73f4950,,Skam France,3,3
6998839,6998839-5449324-3,5449324,53478673-0b81-4d33-bf82-cb45a0259de7,,Skam France,3,4
7000086,7000086-5449324-19,5449324,d620d3b5-89d8-4396-8748-773204f1bd9b,,The Simpsons,30,13
7001700,7001700-5449324-3,5449324,bdc294c7-873e-48be-b513-947ddf03675c,,Pokémon,18,105
7009551,7009551-5449324-3,5449324,c5537ff1-c94d-40e5-87f4-b41a7f3942e0,,Miracle Workers,1,4
7013940,7013940-5449324-2,5449324,2865a484-2d75-4025-abef-d5ce261cab76,,The Simpsons,30,14
7018539,7018539-5449324-20,5449324,0f4919ed-9eb8-4e4c-a542-8efed24cbe03,,Big Mouth,3,1
7044923,7044923-5449324-28,5449324,063abecb-09e6-4beb-8e38-06816f051177,,Jane the Virgin,5,2
7045039,7045039-5449324-4,5449324,0b3f936d-1988-4fba-8a82-9d0ac198b560,,The Simpsons,30,16
7045039,7045039-5449324-5,5449324,0b3f936d-1988-4fba-8a82-9d0ac198b560,,The Simpsons,30,16
7045177,7045177-5449324-3,5449324,958c4ba3-e2ad-4951-b2e7-db4a0c659794,,Good Omens,1,2
7045182,7045182-5449324-27,5449324,b0b16186-95e0-4fc2-83f4-e743c42fdcc8,,Good Omens,1,5
7047433,7047433-5449324-29,5449324,a8f8528d-38e8-4695-bde8-abbb872df53a,,Pokémon,18,111
7047434,7047434-5449324-3,5449324,88cf0298-c18f-4377-bb16-862e7cfbb4dc,,Pokémon,18,112
7057082,7057082-5449324-5,5449324,01b275e8-44da-4a1b-bb75-f1a6e09c49e5,,Riccanza World,1,1
7059660,7059660-5449324-1,5449324,d434c3b7-f76e-4fb0-85e3-4c4873a14817,,Special,1,1
7059660,7059660-5449324-27,5449324,d434c3b7-f76e-4fb0-85e3-4c4873a14817,,Special,1,1
7062895,7062895-5449324-3,5449324,f5d87653-be00-499f-800b-50ed13034d92,,Killing Eve,2,2
7063660,7063660-5449324-3,5449324,d5cef713-dc7f-4047-afa0-c06009c8a48e,,The Simpsons,30,18
7068748,7068748-5449324-1,5449324,0cebd9b1-a1b4-4181-8a4e-e6de449d4b99,,Arrested Development,5,12
7068750,7068750-5449324-1,5449324,154385ac-ce4c-4326-85ff-900994f24c12,,Arrested Development,5,14
7068750,7068750-5449324-27,5449324,154385ac-ce4c-4326-85ff-900994f24c12,,Arrested Development,5,14
7068751,7068751-5449324-1,5449324,54f4f068-7206-4de1-a52e-d52b09733103,,Arrested Development,5,15
7088159,7088159-5449324-1,5449324,b8b12069-5049-49fd-b7b1-fcea651887cb,,Dynasty (2017),2,18
7095030,7095030-5449324-1,5449324,a650d7d5-789a-44dc-bdad-1adff148f01a,,Huge in France,1,1
7095030,7095030-5449324-27,5449324,a650d7d5-789a-44dc-bdad-1adff148f01a,,Huge in France,1,1
7096869,7096869-5449324-27,5449324,39399a89-69d5-4c15-bd1e-2efd3b6c41ae,,Clem,9,1
7096870,7096870-5449324-27,5449324,1200444a-bd9f-469f-9973-ce0c70373229,,Clem,9,2
7096871,7096871-5449324-27,5449324,2eaa3917-fd29-43d6-8b66-b3cb10a6b65d,,Clem,9,3
7096871,7096871-5449324-28,5449324,2eaa3917-fd29-43d6-8b66-b3cb10a6b65d,,Clem,9,3
7096872,7096872-5449324-28,5449324,c1c568e0-d279-482d-8eb7-1419af40f422,,Clem,9,4
7096872,7096872-5449324-29,5449324,c1c568e0-d279-482d-8eb7-1419af40f422,,Clem,9,4
7096873,7096873-5449324-29,5449324,91cc700d-139d-44ae-b62a-8ab1f5b3940b,,Clem,9,5
7096873,7096873-5449324-28,5449324,91cc700d-139d-44ae-b62a-8ab1f5b3940b,,Clem,9,5
7096874,7096874-5449324-29,5449324,a1bcd116-c3a0-4890-a497-e124b704e9de,,Clem,9,6
7096878,7096878-5449324-28,5449324,87dac2e7-cbaf-420b-a5c6-4b1125df68fa,,Special,1,3
7096878,7096878-5449324-29,5449324,87dac2e7-cbaf-420b-a5c6-4b1125df68fa,,Special,1,3
7096886,7096886-5449324-28,5449324,8b0a03e5-378e-4b3b-bcc2-75f767fe4963,,Special,1,6
7096889,7096889-5449324-28,5449324,652022ea-2aaf-4ac7-ba6a-e17cea32048d,,Special,1,8
7096889,7096889-5449324-29,5449324,652022ea-2aaf-4ac7-ba6a-e17cea32048d,,Special,1,8
7098403,7098403-5449324-28,5449324,1c128646-f4a7-447b-96b9-d95b3690cdd4,,Killing Eve,2,4
7098813,7098813-5449324-29,5449324,b06ae6cc-2a95-4d3b-9dab-618add2fdf63,,,4,7
7098814,7098814-5449324-29,5449324,65f82981-7307-4dad-aba2-8f8d99524cdb,,,4,8
7098815,7098815-5449324-28,5449324,e370f470-1d8d-493d-aed6-defea579779d,,,4,9
7098816,7098816-5449324-28,5449324,62909164-f453-41af-bbee-712d3adee441,,,4,10
7098816,7098816-5449324-29,5449324,62909164-f453-41af-bbee-712d3adee441,,,4,10
7103416,7103416-5449324-3,5449324,766eb145-a4d5-4eb2-a7e8-ae16c2971902,,Riverdale,3,18
7104147,7104147-5449324-28,5449324,c023d906-94d8-4d63-99c3-6b5b3aaa3c52,,The Society,1,2
7108115,7108115-5449324-27,5449324,1035b5ac-07c9-47dc-b8ba-f740c95ff82f,,Riverdale,3,19
7110042,7110042-5449324-27,5449324,3c392ae2-befc-4395-9eb2-1872e5faf46b,,Huge in France,1,2
7110043,7110043-5449324-1,5449324,f883e854-2227-4d83-8779-6c3c15c9cb3f,,Huge in France,1,3
7110044,7110044-5449324-1,5449324,0db3f635-0a5e-48ec-9479-b76fdcceed5a,,Huge in France,1,4
7110045,7110045-5449324-28,5449324,fdaa5bf0-848d-49f7-a829-615c0920d8a8,,Huge in France,1,5
7110045,7110045-5449324-27,5449324,fdaa5bf0-848d-49f7-a829-615c0920d8a8,,Huge in France,1,5
7110045,7110045-5449324-1,5449324,fdaa5bf0-848d-49f7-a829-615c0920d8a8,,Huge in France,1,5
7110046,7110046-5449324-28,5449324,0772f5ec-8864-4eac-aa0c-2c4413044c80,,Huge in France,1,6
7110046,7110046-5449324-29,5449324,0772f5ec-8864-4eac-aa0c-2c4413044c80,,Huge in France,1,6
7110047,7110047-5449324-29,5449324,31070737-62ea-413e-a39a-327d81ff229d,,Huge in France,1,7
7110047,7110047-5449324-28,5449324,31070737-62ea-413e-a39a-327d81ff229d,,Huge in France,1,7
7110048,7110048-5449324-29,5449324,309238b5-ac3c-46da-9517-e0bd373c699c,,Huge in France,1,8
7115096,7115096-5449324-29,5449324,28c9f0f3-2d7c-4d28-98b4-ea810a0b57af,,Pokémon,18,113
7115096,7115096-5449324-28,5449324,28c9f0f3-2d7c-4d28-98b4-ea810a0b57af,,Pokémon,18,113
7115099,7115099-5449324-3,5449324,339257f1-9765-4915-96b5-56cd3e1b2875,,Pokémon,18,114
7115100,7115100-5449324-29,5449324,4b85a3c4-024d-46a0-839b-a9078be4baba,,Pokémon,18,115
7115100,7115100-5449324-28,5449324,4b85a3c4-024d-46a0-839b-a9078be4baba,,Pokémon,18,115
7115101,7115101-5449324-3,5449324,3841b4c3-315e-40df-a379-e07b1ea97cad,,Pokémon,18,116
7115101,7115101-5449324-29,5449324,3841b4c3-315e-40df-a379-e07b1ea97cad,,Pokémon,18,116
7115102,7115102-5449324-28,5449324,2b2a7d27-24ed-4dd6-8b14-059c6f241f33,,Pokémon,18,117
7115103,7115103-5449324-28,5449324,3165707f-f01f-4231-8ba4-1a08a3631b10,,Pokémon,18,118
7119457,7119457-5449324-28,5449324,6fdb4bc9-66af-4ad9-b27c-20e00ae59546,,Quicksand,1,4
7119457,7119457-5449324-29,5449324,6fdb4bc9-66af-4ad9-b27c-20e00ae59546,,Quicksand,1,4
7136480,7136480-5449324-29,5449324,23e03c15-371f-43ec-8917-ff461eef55a0,,It's Bruno!,1,2
7158428,7158428-5449324-1,5449324,57109ecf-493e-400e-b156-74286c595b74,,Pokémon,18,124
7160774,7160774-5449324-27,5449324,14c2a2fd-0867-43a8-aff7-290dae2668a1,,Calls,2,1
7172079,7172079-5449324-29,5449324,66af1810-c7b9-4dd6-910a-7287b9a5dd52,,Skam Spain,2,9
7184777,7184777-5449324-28,5449324,806238ec-d26a-459a-b092-32c6fe87fc4f,,It's Bruno!,1,3
7184778,7184778-5449324-27,5449324,26842fe9-63e7-4dfd-8a86-80a7ec3b9c58,,It's Bruno!,1,4
7184780,7184780-5449324-27,5449324,fe40fe23-7ccf-4096-a5f7-a2ef3471e8f4,,It's Bruno!,1,5
7184781,7184781-5449324-28,5449324,c8c878dc-66fc-422a-b6cc-6129b797d722,,It's Bruno!,1,6
7184782,7184782-5449324-27,5449324,2b6d29e9-14bd-4763-9e63-ebcd65bd3deb,,It's Bruno!,1,7
7197105,7197105-5449324-27,5449324,09217139-bd37-4da8-b164-091c40f80ee8,,Slasher,3,2
7197109,7197109-5449324-3,5449324,ca532a36-d80d-4944-a9b6-b515daba9dfd,,Slasher,3,6
7197110,7197110-5449324-3,5449324,a3c933a2-a08f-4cbd-a94c-bd95c28b19ee,,Slasher,3,7
7198159,7198159-5449324-29,5449324,cff780ff-b9e6-4c3e-9946-1b6b2fa83c9c,,Pose,2,2
7199938,7199938-5449324-29,5449324,aff6fecf-b55e-4279-b7f9-1c0a30c58f07,,Orange Is the New Black,7,1
7199996,7199996-5449324-29,5449324,7bfc1c38-669f-4a41-b9da-39dac8432824,,Family Business (2019),1,1
7200001,7200001-5449324-3,5449324,c7fbc07c-0592-48fa-ad25-2825c7648d1f,,Family Business (2019),1,3
7201382,7201382-5449324-1,5449324,cfcb440d-08e7-4a36-8a1e-c35789daca11,,Sweetbitter,2,2
7208612,7208612-5449324-27,5449324,ab802a09-cabe-4290-b20d-e1a41d372b5c,,Mouche,1,4
7208614,7208614-5449324-28,5449324,561fbfa7-65d1-4d14-ad3d-3ec397c6a690,,Mouche,1,6
7210633,7210633-5449324-27,5449324,7c74f4ba-acfc-482d-bc16-c1cd9cadb34c,,Marvel's Jessica Jones,3,1
7211185,7211185-5449324-29,5449324,3397e87d-b76e-426b-a1a0-6f0b4857bd98,,Trinkets,1,3
7212610,7212610-5449324-29,5449324,fd1ec720-a983-4c1a-959a-cba08120a91e,,How to Sell Drugs Online (Fast),1,5
7219440,7219440-5449324-29,5449324,9f62d081-9d18-49a3-a6eb-8b65c15cc76d,,Pokémon,18,126
7219440,7219440-5449324-28,5449324,9f62d081-9d18-49a3-a6eb-8b65c15cc76d,,Pokémon,18,126
7219443,7219443-5449324-29,5449324,309df81f-a5ad-49c9-98d8-b0f916f38812,,Pokémon,18,128
7223231,7223231-5449324-29,5449324,a051ef26-66bd-4d00-acbb-98362ff9e2c3,,The Handmaid's Tale,3,11
7234836,7234836-5449324-28,5449324,b579eb29-c490-45dc-8e80-09c725e31f25,,Trinkets,1,1
7234900,7234900-5449324-1,5449324,e1318261-ec44-4782-93af-57659641479a,,Aggretsuko,2,3
7249224,7249224-5449324-3,5449324,24e5997e-5d39-4b86-89e8-1b3dd9c2114e,,Pokémon,18,129
7250525,7250525-5449324-28,5449324,1fad5b70-2be5-443f-8540-188ba3c48dc3,,Pose,2,7
7250707,7250707-5449324-28,5449324,92c04687-5e31-46ce-9585-4a4aff070887,,Scream: The TV Series,3,2
7250763,7250763-5449324-28,5449324,ed6bb296-7822-401e-84e3-f76d777d384f,,Scream: The TV Series,3,6
7250763,7250763-5449324-27,5449324,ed6bb296-7822-401e-84e3-f76d777d384f,,Scream: The TV Series,3,6
7269075,7269075-5449324-29,5449324,d5b3e47d-515e-4ff5-93b6-1d449ca73c13,,Pokémon,18,130
7269083,7269083-5449324-29,5449324,a4cc45d8-b715-494c-b028-67fe1edef5d5,,Pokémon,18,133
7269083,7269083-5449324-3,5449324,a4cc45d8-b715-494c-b028-67fe1edef5d5,,Pokémon,18,133
7285683,7285683-5449324-3,5449324,a6680fff-7909-4178-b195-beb6d7a21c05,,Orange Is the New Black,7,5
7285693,7285693-5449324-3,5449324,04fdc6a0-f8fc-457c-8b9a-42c191818822,,Orange Is the New Black,7,11
7290837,7290837-5449324-3,5449324,96c1e6e5-df3b-4c39-a60e-5bc41cb3bcb8,,Big Little Lies,2,7
7298039,7298039-5449324-1,5449324,7b3e3e2a-5b1b-4b92-b891-cb1560d5f462,,Room 104,3,1
7307955,7307955-5449324-29,5449324,27649369-1a54-4391-982b-19de8348a59a,,Pokémon,18,134
7307955,7307955-5449324-3,5449324,27649369-1a54-4391-982b-19de8348a59a,,Pokémon,18,134
7324040,7324040-5449324-1,5449324,6a8e3b7e-ebb2-4c54-babd-da4a22657aad,,Room 104,3,2
7324041,7324041-5449324-3,5449324,ba1dac8e-e46f-4944-931c-d85b12ab62e8,,Room 104,3,3
7324042,7324042-5449324-1,5449324,b28324b2-2c04-4d92-9307-efd6c11ddc41,,Room 104,3,4
7324043,7324043-5449324-3,5449324,fe779ea2-f6b3-4645-a43f-08e4ac78490a,,Room 104,3,5
7324044,7324044-5449324-1,5449324,b91b097d-2d3b-4038-8827-957428f959a9,,Room 104,3,6
7324045,7324045-5449324-1,5449324,e74be8e9-b3bf-4cbb-a389-fc85d78a883d,,Room 104,3,7
7334804,7334804-5449324-3,5449324,cbc4eeb6-6e86-4da0-8e18-a9e51552b6c2,,Pokémon,18,137
7338507,7338507-5449324-3,5449324,ee3e7340-4f4d-473e-bf85-0929a7506d79,,Pokémon,18,138
7347698,7347698-5449324-3,5449324,a578df2e-33d6-4365-977c-01ef17d6f2f0,,Mental (2019),1,1
7360719,7360719-5449324-29,5449324,ee4314b3-9af8-46c8-ad3b-e75f7e44ccf3,,Pokémon,18,140
7362761,7362761-5449324-28,5449324,4bca22fe-1749-41ca-bcc0-b0f7efca69ec,,Snoopy in Space,1,1
7363282,7363282-5449324-29,5449324,3e422f79-05e4-4539-8171-0e2acde973e2,,,1,3
7363539,7363539-5449324-3,5449324,a5b4ebcb-81b1-4d64-9b8c-83a06b859390,,American Horror Story,9,5
7363965,7363965-5449324-29,5449324,1b9c361c-b37d-4260-b4fc-e7d936ead16c,,Ghostwriter (2019),1,1
7364014,7364014-5449324-29,5449324,c98a028e-3315-44b5-9a10-09d8658abe94,,Insatiable,2,1
7367166,7367166-5449324-3,5449324,5ee755b4-61fd-4e7b-a98a-8a1ea3f934a5,,Servant,1,1
7370818,7370818-5449324-28,5449324,6112235b-9d9b-4bae-868c-68261d7acaf3,,Pokémon,18,141
7370819,7370819-5449324-28,5449324,8df758a9-dbf3-4db9-9bef-fd1ade520713,,Pokémon,18,142
7379984,7379984-5449324-27,5449324,818ea019-f833-4daf-a519-feb47531d259,,The Simpsons,31,3
7385630,7385630-5449324-28,5449324,02e9a25a-0985-45b2-9024-2ef366de953e,,Pokémon,18,144
7385638,7385638-5449324-28,5449324,75af8c6f-8323-4295-9c38-458cdb742520,,Pokémon,18,143
7406670,7406670-5449324-29,5449324,8900fc0b-4c62-420e-b689-8ca59322296c,,Nailed It! Holiday!,2,1
7406701,7406701-5449324-3,5449324,0a6dc42a-4f41-43d2-bcee-a8e6d939fa29,,Magic for Humans,2,1
7417466,7417466-5449324-3,5449324,0faae125-faa6-4124-bdf3-5d94a42a006d,,Mental (2019),1,7
7428285,7428285-5449324-3,5449324,b1d0e362-f5fe-44b5-8d3e-b08c2906075c,,See,1,3
7429279,7429279-5449324-29,5449324,cd01d962-1b48-400e-ae45-0574842b4093,,Ghostwriter (2019),1,2
7429283,7429283-5449324-29,5449324,42391861-4347-4671-8860-126d6a6a7a67,,Ghostwriter (2019),1,3
7429313,7429313-5449324-28,5449324,a8e7660c-2814-4ac5-806f-73b1c08f9899,,Ghostwriter (2019),1,4
7429314,7429314-5449324-28,5449324,dc919644-e783-40fb-8050-f5f271eaaed0,,Ghostwriter (2019),1,5
7429922,7429922-5449324-27,5449324,b105f538-770a-4de5-a2ee-caf635797306,,Ghostwriter (2019),1,6
7429925,7429925-5449324-28,5449324,095d8740-b2ba-4083-abb8-8a094114180a,,Ghostwriter (2019),1,7
7458644,7458644-5449324-3,5449324,aff5b888-54b7-432f-a558-716cacd4f686,,Don't F**k with Cats: Hunting an Internet Killer,1,3
7462409,7462409-5449324-29,5449324,96b9c5af-9c6d-4d4f-93ca-296ce043f957,,Servant,1,9
7462410,7462410-5449324-27,5449324,90717119-69c1-48ae-8381-464afdadf2de,,Servant,1,10
7464945,7464945-5449324-28,5449324,4f0989ed-a655-4f07-8a94-3d7ea11dad80,,Pokémon,19,7
7465681,7465681-5449324-3,5449324,395da8b1-3b0b-485e-a44e-5b5cabd3b17f,,Nailed It! Holiday!,2,2
7465682,7465682-5449324-29,5449324,15523f3f-ce3d-4d8d-ae32-e90bcdbb37ed,,Nailed It! Holiday!,2,3
7465683,7465683-5449324-29,5449324,51731282-b63c-42fe-bab6-4ed946186178,,Nailed It! Holiday!,2,4
7465684,7465684-5449324-28,5449324,02e26829-ffc2-4063-957e-11d90bae2569,,Nailed It! Holiday!,2,5
7465685,7465685-5449324-29,5449324,bad1e6d4-819c-4126-b7a0-666cde5e4145,,Nailed It! Holiday!,2,6
7479878,7479878-5449324-29,5449324,16daaec2-533f-4cdb-ae91-fe61af4351dc,,Beautiful Loser,3,2
7479879,7479879-5449324-28,5449324,c8b5ca97-db21-44ba-b0d4-eabcde1d349e,,Beautiful Loser,3,3
7479880,7479880-5449324-29,5449324,b007a7eb-0c5b-472a-a1a9-13f18b5909db,,Beautiful Loser,3,4
7492549,7492549-5449324-29,5449324,5b6f70f9-dd45-45f5-825c-0e80d259b748,,Little America,1,1
7526782,7526782-5449324-29,5449324,012e1438-3bea-4a55-b9cd-cb82c8ab2d3c,,Skam France,6,2
7538172,7538172-5449324-28,5449324,45eefdd2-44d6-4e2f-ac79-30868b1a642a,,True Story With,1,1
7548042,7548042-5449324-3,5449324,37e3bba6-a518-40f0-aaea-1d787eb43a43,,Trying,1,1
7548223,7548223-5449324-1,5449324,f1b6f805-5c7a-4ddd-8ccc-b693deac22a2,,Amazing Stories (2020),1,5
7600908,7600908-5449324-3,5449324,93e16e54-85c9-4aab-bbf7-1203a64bd26e,,Amazing Stories (2020),1,1
7648065,7648065-5449324-3,5449324,a16f8c76-e510-4bd3-8bfd-2cdb53cf96d9,,The Circle France,1,1
7693522,7693522-5449324-27,5449324,a27a7fb4-ef14-4f33-b696-4c1b41aa41f7,,Trying,1,2
7697198,7697198-5449324-27,5449324,c7fa952d-7d8d-41d8-ae06-b22af0fb664f,,The Haunting,2,5
7777805,7777805-5449324-3,5449324,0a1bd886-1e20-495f-bac2-1139502e9ea7,,Call My Agent!,4,1
7777806,7777806-5449324-28,5449324,374f2bdf-7784-4169-a3d8-1c7f1a5bfc41,,Call My Agent!,4,2
7777807,7777807-5449324-29,5449324,ddea5fd1-331a-40de-aa02-05bc27a7efd2,,Call My Agent!,4,3
7777808,7777808-5449324-3,5449324,23cb19cb-4271-4198-94db-a090afac97da,,Call My Agent!,4,4
7777809,7777809-5449324-29,5449324,fa5e0afc-c0ed-427c-9c30-2c7b209b2d1c,,Call My Agent!,4,5
7912723,7912723-5449324-29,5449324,c6c72df0-12a4-4885-b324-6daea7da524d,,Emily in Paris,1,1
8063448,8063448-5449324-3,5449324,b1960d04-caa9-45d4-935e-e34f3e427df9,,"Don't Do This, Don't Do That",0,0
8083260,8083260-5449324-29,5449324,0914fffd-118c-4c3f-b39f-9406d18f6769,,Bonding,2,1
8130238,8130238-5449324-3,5449324,4f8f5df5-8d79-4f2e-8fc1-e9ffb9063f92,,Skam France,7,2
8132053,8132053-5449324-3,5449324,e598ecff-8154-4d88-a63d-bab799b3dd5f,,Skam France,7,3
