episode_number,episode_id,user_id,vote_key,series_name,season_number
9,110895,5449324,110895-5449324-29,Space Goofs,1
24,208658,5449324,208658-5449324-29,Pokémon,7
24,208658,5449324,208658-5449324-3,Pokémon,7
25,208659,5449324,208659-5449324-29,Pokémon,7
26,208660,5449324,208660-5449324-29,Pokémon,7
27,208661,5449324,208661-5449324-28,Pokémon,7
28,208662,5449324,208662-5449324-29,Pokémon,7
28,208662,5449324,208662-5449324-28,Pokémon,7
29,208663,5449324,208663-5449324-28,Pokémon,7
30,208664,5449324,208664-5449324-28,Pokémon,7
31,208665,5449324,208665-5449324-29,Pokémon,7
31,208665,5449324,208665-5449324-28,Pokémon,7
32,208666,5449324,208666-5449324-28,Pokémon,7
32,208666,5449324,208666-5449324-29,Pokémon,7
33,208667,5449324,208667-5449324-27,Pokémon,7
33,208667,5449324,208667-5449324-28,Pokémon,7
34,208668,5449324,208668-5449324-28,Pokémon,7
39,208673,5449324,208673-5449324-3,Pokémon,7
40,208674,5449324,208674-5449324-28,Pokémon,7
40,208674,5449324,208674-5449324-29,Pokémon,7
41,208675,5449324,208675-5449324-29,Pokémon,7
1,218584,5449324,218584-5449324-29,"Sabrina, The Teenage Witch",1
1,218584,5449324,218584-5449324-3,"Sabrina, The Teenage Witch",1
2,218585,5449324,218585-5449324-29,"Sabrina, The Teenage Witch",1
21,307008,5449324,307008-5449324-3,Malcolm in the Middle,7
22,307233,5449324,307233-5449324-3,Malcolm in the Middle,7
3,324818,5449324,324818-5449324-20,"Go, Diego, Go!",1
27,384141,5449324,384141-5449324-3,Code Lyoko,4
28,384142,5449324,384142-5449324-3,Code Lyoko,4
30,384144,5449324,384144-5449324-3,Code Lyoko,4
1,402440,5449324,402440-5449324-29,Glee,1
1,2599511,5449324,2599511-5449324-29,Skins,5
10,3204531,5449324,3204531-5449324-28,Glee,2
8,3360391,5449324,3360391-5449324-4,Game of Thrones,1
2,3412791,5449324,3412791-5449324-28,Skins,5
3,3412801,5449324,3412801-5449324-29,Skins,5
4,3412811,5449324,3412811-5449324-29,Skins,5
5,3412821,5449324,3412821-5449324-28,Skins,5
6,3412831,5449324,3412831-5449324-27,Skins,5
7,3412841,5449324,3412841-5449324-29,Skins,5
8,3412851,5449324,3412851-5449324-3,Skins,5
15,3722141,5449324,3722141-5449324-3,Glee,2
18,3901811,5449324,3901811-5449324-29,Glee,2
18,3901811,5449324,3901811-5449324-28,Glee,2
19,3924021,5449324,3924021-5449324-3,Glee,2
8,3991431,5449324,3991431-5449324-3,Pokémon,14
9,4063481,5449324,4063481-5449324-5,Game of Thrones,1
9,4063481,5449324,4063481-5449324-3,Game of Thrones,1
20,4081820,5449324,4081820-5449324-29,Glee,2
20,4081820,5449324,4081820-5449324-3,Glee,2
21,4081821,5449324,4081821-5449324-3,Glee,2
22,4081822,5449324,4081822-5449324-28,Glee,2
4,4174039,5449324,4174039-5449324-29,Glee,3
3,4245772,5449324,4245772-5449324-4,Game of Thrones,2
3,4294185,5449324,4294185-5449324-27,Skins,7
4,4373908,5449324,4373908-5449324-3,Glee,4
6,4392178,5449324,4392178-5449324-3,Glee,4
7,4412949,5449324,4412949-5449324-29,Glee,4
8,4427153,5449324,4427153-5449324-29,Glee,4
9,4427154,5449324,4427154-5449324-28,Glee,4
9,4427154,5449324,4427154-5449324-29,Glee,4
5,4448266,5449324,4448266-5449324-1,Skins,7
1,4448267,5449324,4448267-5449324-27,Skins,7
4,4448291,5449324,4448291-5449324-28,Skins,7
2,4448293,5449324,4448293-5449324-1,Skins,7
1,4460750,5449324,4460750-5449324-27,Code Lyoko: Evolution,1
1,4466132,5449324,4466132-5449324-28,EastSiders,1
2,4466133,5449324,4466133-5449324-28,EastSiders,1
2,4471864,5449324,4471864-5449324-27,Code Lyoko: Evolution,1
3,4471866,5449324,4471866-5449324-1,Code Lyoko: Evolution,1
4,4471879,5449324,4471879-5449324-28,Code Lyoko: Evolution,1
5,4475153,5449324,4475153-5449324-28,Code Lyoko: Evolution,1
6,4480725,5449324,4480725-5449324-27,Code Lyoko: Evolution,1
7,4488245,5449324,4488245-5449324-1,Code Lyoko: Evolution,1
20,4513307,5449324,4513307-5449324-29,Glee,4
21,4513308,5449324,4513308-5449324-29,Glee,4
22,4513309,5449324,4513309-5449324-29,Glee,4
22,4513309,5449324,4513309-5449324-28,Glee,4
1,4516067,5449324,4516067-5449324-3,Attack on Titan,1
61,4531854,5449324,4531854-5449324-3,The Simpsons,0
1,4570259,5449324,4570259-5449324-3,Reign (2013),1
1,4570259,5449324,4570259-5449324-5,Reign (2013),1
2,4675283,5449324,4675283-5449324-5,Reign (2013),1
3,4682669,5449324,4682669-5449324-4,Reign (2013),1
13,4725162,5449324,4725162-5449324-3,Glee,5
13,4725162,5449324,4725162-5449324-29,Glee,5
12,5011460,5449324,5011460-5449324-3,Glee,6
13,5011466,5449324,5011466-5449324-3,Glee,6
1,5298530,5449324,5298530-5449324-29,The Magicians (2015),1
1,5302887,5449324,5302887-5449324-3,Lucifer,1
2,5302888,5449324,5302888-5449324-3,Lucifer,1
1,5350841,5449324,5350841-5449324-3,Call My Agent!,1
2,5350842,5449324,5350842-5449324-29,Call My Agent!,1
3,5350843,5449324,5350843-5449324-28,Call My Agent!,1
3,5350843,5449324,5350843-5449324-29,Call My Agent!,1
4,5350844,5449324,5350844-5449324-3,Call My Agent!,1
5,5350845,5449324,5350845-5449324-29,Call My Agent!,1
5,5350845,5449324,5350845-5449324-3,Call My Agent!,1
6,5350846,5449324,5350846-5449324-29,Call My Agent!,1
1,5474001,5449324,5474001-5449324-3,The Crown,1
1,5632528,5449324,5632528-5449324-3,Beautiful Loser,1
1,5632528,5449324,5632528-5449324-5,Beautiful Loser,1
2,5632529,5449324,5632529-5449324-3,Beautiful Loser,1
2,5632529,5449324,5632529-5449324-5,Beautiful Loser,1
3,5632530,5449324,5632530-5449324-3,Beautiful Loser,1
16,5823580,5449324,5823580-5449324-19,The Fosters (2013),4
15,5823589,5449324,5823589-5449324-19,The Fosters (2013),4
17,5985411,5449324,5985411-5449324-19,The Fosters (2013),4
1,6023946,5449324,6023946-5449324-28,Call My Agent!,2
1,6146118,5449324,6146118-5449324-1,The OA,2
4,6179924,5449324,6179924-5449324-2,Room 104,1
13,6311300,5449324,6311300-5449324-18,Carpool Karaoke: The Series,1
13,6311300,5449324,6311300-5449324-19,Carpool Karaoke: The Series,1
14,6322926,5449324,6322926-5449324-27,Carpool Karaoke: The Series,1
15,6334640,5449324,6334640-5449324-1,Carpool Karaoke: The Series,1
16,6334703,5449324,6334703-5449324-1,Carpool Karaoke: The Series,1
17,6346627,5449324,6346627-5449324-3,Carpool Karaoke: The Series,1
18,6359331,5449324,6359331-5449324-27,Carpool Karaoke: The Series,1
1,6380183,5449324,6380183-5449324-3,Calls,1
2,6380192,5449324,6380192-5449324-29,Calls,1
3,6380193,5449324,6380193-5449324-3,Calls,1
4,6380195,5449324,6380195-5449324-27,Calls,1
1,6387032,5449324,6387032-5449324-3,Paris etc.,1
2,6387033,5449324,6387033-5449324-29,Paris etc.,1
19,6389110,5449324,6389110-5449324-1,Carpool Karaoke: The Series,1
1,6459112,5449324,6459112-5449324-3,Sweetbitter,1
2,6461783,5449324,6461783-5449324-19,You,1
4,6461785,5449324,6461785-5449324-20,You,1
5,6461786,5449324,6461786-5449324-20,You,1
5,6461786,5449324,6461786-5449324-19,You,1
6,6461787,5449324,6461787-5449324-20,You,1
7,6461788,5449324,6461788-5449324-20,You,1
8,6461789,5449324,6461789-5449324-20,You,1
8,6461789,5449324,6461789-5449324-18,You,1
10,6480493,5449324,6480493-5449324-20,A Series of Unfortunate Events,2
1,6499485,5449324,6499485-5449324-19,I Love You 2,1
1,6553121,5449324,6553121-5449324-3,Safe (2018),1
1,6564318,5449324,6564318-5449324-1,Lost in Space (2018),1
2,6605060,5449324,6605060-5449324-20,My Brilliant Friend,1
3,6605062,5449324,6605062-5449324-19,My Brilliant Friend,1
3,6605062,5449324,6605062-5449324-20,My Brilliant Friend,1
4,6605063,5449324,6605063-5449324-17,My Brilliant Friend,1
5,6605069,5449324,6605069-5449324-18,My Brilliant Friend,1
6,6605070,5449324,6605070-5449324-18,My Brilliant Friend,1
7,6605071,5449324,6605071-5449324-18,My Brilliant Friend,1
10,6609867,5449324,6609867-5449324-20,You,1
2,6614457,5449324,6614457-5449324-29,Sweetbitter,1
3,6614458,5449324,6614458-5449324-28,Sweetbitter,1
4,6614459,5449324,6614459-5449324-3,Sweetbitter,1
4,6614459,5449324,6614459-5449324-29,Sweetbitter,1
5,6614460,5449324,6614460-5449324-1,Sweetbitter,1
5,6614460,5449324,6614460-5449324-27,Sweetbitter,1
5,6614460,5449324,6614460-5449324-29,Sweetbitter,1
6,6614461,5449324,6614461-5449324-28,Sweetbitter,1
6,6614461,5449324,6614461-5449324-27,Sweetbitter,1
1,6623548,5449324,6623548-5449324-29,The Haunting,1
1,6631615,5449324,6631615-5449324-20,A Series of Unfortunate Events,3
2,6653596,5449324,6653596-5449324-19,A Series of Unfortunate Events,3
2,6653596,5449324,6653596-5449324-20,A Series of Unfortunate Events,3
3,6653597,5449324,6653597-5449324-20,A Series of Unfortunate Events,3
4,6653598,5449324,6653598-5449324-20,A Series of Unfortunate Events,3
5,6653599,5449324,6653599-5449324-19,A Series of Unfortunate Events,3
6,6653600,5449324,6653600-5449324-19,A Series of Unfortunate Events,3
1,6655509,5449324,6655509-5449324-3,November 13: Attack on Paris,1
2,6655510,5449324,6655510-5449324-3,November 13: Attack on Paris,1
3,6655511,5449324,6655511-5449324-3,November 13: Attack on Paris,1
3,6671794,5449324,6671794-5449324-20,Elite,1
4,6671800,5449324,6671800-5449324-18,Elite,1
5,6671801,5449324,6671801-5449324-20,Elite,1
6,6671802,5449324,6671802-5449324-19,Elite,1
6,6671802,5449324,6671802-5449324-20,Elite,1
7,6671803,5449324,6671803-5449324-19,Elite,1
7,6671803,5449324,6671803-5449324-20,Elite,1
77,6700307,5449324,6700307-5449324-20,Pokémon,18
1,6709396,5449324,6709396-5449324-27,Super Drags,1
7,6709616,5449324,6709616-5449324-20,Unbreakable Kimmy Schmidt,4
7,6709616,5449324,6709616-5449324-19,Unbreakable Kimmy Schmidt,4
1,6720176,5449324,6720176-5449324-3,First Love: The Monster Between Us,1
20,6722780,5449324,6722780-5449324-1,Carpool Karaoke: The Series,1
1,6733508,5449324,6733508-5449324-19,Bodyguard (2018),1
2,6734157,5449324,6734157-5449324-3,First Love: The Monster Between Us,1
6,6734161,5449324,6734161-5449324-3,First Love: The Monster Between Us,1
7,6734162,5449324,6734162-5449324-3,First Love: The Monster Between Us,1
8,6734163,5449324,6734163-5449324-3,First Love: The Monster Between Us,1
9,6734164,5449324,6734164-5449324-3,First Love: The Monster Between Us,1
10,6734165,5449324,6734165-5449324-29,First Love: The Monster Between Us,1
1,6742171,5449324,6742171-5449324-20,Hilda,1
8,6742812,5449324,6742812-5449324-20,The Good Place,3
9,6742813,5449324,6742813-5449324-20,The Good Place,3
1,6766418,5449324,6766418-5449324-3,Bonding,1
82,6768324,5449324,6768324-5449324-28,Pokémon,18
82,6768324,5449324,6768324-5449324-27,Pokémon,18
1,6778981,5449324,6778981-5449324-3,Good Girls,2
2,6778982,5449324,6778982-5449324-3,Good Girls,2
3,6778983,5449324,6778983-5449324-29,Good Girls,2
4,6778984,5449324,6778984-5449324-29,Good Girls,2
8,6778988,5449324,6778988-5449324-29,Good Girls,2
8,6778988,5449324,6778988-5449324-3,Good Girls,2
9,6778989,5449324,6778989-5449324-28,Good Girls,2
9,6778989,5449324,6778989-5449324-29,Good Girls,2
16,6784605,5449324,6784605-5449324-29,Explained,1
18,6784609,5449324,6784609-5449324-1,Explained,1
18,6784609,5449324,6784609-5449324-27,Explained,1
19,6784610,5449324,6784610-5449324-29,Explained,1
20,6784611,5449324,6784611-5449324-3,Explained,1
1,6785489,5449324,6785489-5449324-5,Dirty John,1
5,6785508,5449324,6785508-5449324-5,Dirty John,1
1,6786330,5449324,6786330-5449324-1,Siren (2018),2
10,6786372,5449324,6786372-5449324-20,The Good Place,3
10,6786372,5449324,6786372-5449324-19,The Good Place,3
11,6786373,5449324,6786373-5449324-20,The Good Place,3
2,6786640,5449324,6786640-5449324-4,The Purge,1
3,6786642,5449324,6786642-5449324-2,The Purge,1
3,6786642,5449324,6786642-5449324-4,The Purge,1
4,6786643,5449324,6786643-5449324-4,The Purge,1
4,6786643,5449324,6786643-5449324-2,The Purge,1
5,6791006,5449324,6791006-5449324-16,Riverdale,3
5,6791006,5449324,6791006-5449324-20,Riverdale,3
1,6792763,5449324,6792763-5449324-19,Good Trouble,1
1,6792763,5449324,6792763-5449324-20,Good Trouble,1
1,6795576,5449324,6795576-5449324-29,Naked Attraction,3
1,6800812,5449324,6800812-5449324-20,Harry Potter ,1
1,6800827,5449324,6800827-5449324-19,Harry Potter ,2
1,6800827,5449324,6800827-5449324-17,Harry Potter ,2
1,6800837,5449324,6800837-5449324-18,Harry Potter ,3
1,6800837,5449324,6800837-5449324-19,Harry Potter ,3
1,6800853,5449324,6800853-5449324-20,Harry Potter ,4
1,6800853,5449324,6800853-5449324-19,Harry Potter ,4
1,6800855,5449324,6800855-5449324-20,Harry Potter ,5
1,6800855,5449324,6800855-5449324-19,Harry Potter ,5
1,6806407,5449324,6806407-5449324-20,Perfume (2018),1
1,6806407,5449324,6806407-5449324-19,Perfume (2018),1
1,6809788,5449324,6809788-5449324-19,Baby,1
1,6809788,5449324,6809788-5449324-20,Baby,1
2,6809789,5449324,6809789-5449324-19,Baby,1
2,6809789,5449324,6809789-5449324-20,Baby,1
6,6809886,5449324,6809886-5449324-16,Riverdale,3
3,6814869,5449324,6814869-5449324-19,Into the Dark,1
3,6814869,5449324,6814869-5449324-20,Into the Dark,1
4,6814871,5449324,6814871-5449324-17,Into the Dark,1
5,6814875,5449324,6814875-5449324-20,Into the Dark,1
6,6814877,5449324,6814877-5449324-4,Into the Dark,1
6,6814877,5449324,6814877-5449324-5,Into the Dark,1
1,6821139,5449324,6821139-5449324-20,You,1
7,6827550,5449324,6827550-5449324-28,Into the Dark,1
7,6827550,5449324,6827550-5449324-29,Into the Dark,1
7,6827550,5449324,6827550-5449324-27,Into the Dark,1
2,6830710,5449324,6830710-5449324-3,Hilda,1
3,6830711,5449324,6830711-5449324-3,Hilda,1
91,6830770,5449324,6830770-5449324-28,Pokémon,18
91,6830770,5449324,6830770-5449324-29,Pokémon,18
91,6830770,5449324,6830770-5449324-27,Pokémon,18
1,6835458,5449324,6835458-5449324-19,Mike,1
2,6835459,5449324,6835459-5449324-19,Mike,1
3,6835461,5449324,6835461-5449324-19,Mike,1
4,6835462,5449324,6835462-5449324-19,Mike,1
9,6835468,5449324,6835468-5449324-3,Mike,1
9,6835468,5449324,6835468-5449324-5,Mike,1
10,6835469,5449324,6835469-5449324-3,Mike,1
11,6835470,5449324,6835470-5449324-3,Mike,1
12,6835471,5449324,6835471-5449324-3,Mike,1
12,6835471,5449324,6835471-5449324-5,Mike,1
12,6839898,5449324,6839898-5449324-19,The Good Place,3
12,6839898,5449324,6839898-5449324-20,The Good Place,3
5,6843488,5449324,6843488-5449324-20,Baby,1
6,6843490,5449324,6843490-5449324-20,Baby,1
3,6847131,5449324,6847131-5449324-1,High Seas,1
1,6847140,5449324,6847140-5449324-3,Room 104,2
1,6847140,5449324,6847140-5449324-5,Room 104,2
2,6847142,5449324,6847142-5449324-5,Room 104,2
2,6847142,5449324,6847142-5449324-4,Room 104,2
7,6848021,5449324,6848021-5449324-18,Riverdale,3
7,6848021,5449324,6848021-5449324-19,Riverdale,3
8,6848022,5449324,6848022-5449324-20,Riverdale,3
8,6848022,5449324,6848022-5449324-19,Riverdale,3
9,6848023,5449324,6848023-5449324-19,Riverdale,3
9,6848023,5449324,6848023-5449324-20,Riverdale,3
9,6848023,5449324,6848023-5449324-18,Riverdale,3
3,6848555,5449324,6848555-5449324-1,Room 104,2
4,6848556,5449324,6848556-5449324-3,Room 104,2
4,6848556,5449324,6848556-5449324-1,Room 104,2
1,6848603,5449324,6848603-5449324-29,Jane the Virgin,5
9,6850876,5449324,6850876-5449324-19,American Horror Story,8
1,6852888,5449324,6852888-5449324-5,The Umbrella Academy,1
1,6852888,5449324,6852888-5449324-3,The Umbrella Academy,1
1,6856368,5449324,6856368-5449324-19,Mom or Dad,1
1,6858749,5449324,6858749-5449324-3,Carpool Karaoke: The Series,2
1,6860880,5449324,6860880-5449324-20,Neo Yokio,0
1,6860880,5449324,6860880-5449324-19,Neo Yokio,0
2,6866447,5449324,6866447-5449324-3,Carpool Karaoke: The Series,2
6,6868117,5449324,6868117-5449324-4,Room 104,2
6,6868398,5449324,6868398-5449324-20,The Simpsons,30
8,6868442,5449324,6868442-5449324-20,9-1-1,2
6,6869127,5449324,6869127-5449324-19,The Good Doctor,2
2,6869854,5449324,6869854-5449324-1,Super Drags,1
8,6870350,5449324,6870350-5449324-1,Room 104,2
9,6870353,5449324,6870353-5449324-4,Room 104,2
10,6870356,5449324,6870356-5449324-4,Room 104,2
11,6870359,5449324,6870359-5449324-2,Room 104,2
12,6870361,5449324,6870361-5449324-5,Room 104,2
12,6870361,5449324,6870361-5449324-4,Room 104,2
1,6871253,5449324,6871253-5449324-29,The A List,1
1,6871253,5449324,6871253-5449324-28,The A List,1
1,6872603,5449324,6872603-5449324-27,Paquita Salas,3
1,6873986,5449324,6873986-5449324-20,Interns,1
2,6873988,5449324,6873988-5449324-20,Interns,1
3,6873994,5449324,6873994-5449324-20,Interns,1
4,6873996,5449324,6873996-5449324-20,Interns,1
4,6873996,5449324,6873996-5449324-19,Interns,1
5,6874004,5449324,6874004-5449324-20,Interns,1
6,6874005,5449324,6874005-5449324-20,Interns,1
7,6874008,5449324,6874008-5449324-20,Interns,1
8,6874009,5449324,6874009-5449324-20,Interns,1
2,6876243,5449324,6876243-5449324-19,The Hook Up Plan,1
1,6876323,5449324,6876323-5449324-20,The Hook Up Plan,1
1,6876323,5449324,6876323-5449324-19,The Hook Up Plan,1
8,6877869,5449324,6877869-5449324-20,The Simpsons,30
8,6877869,5449324,6877869-5449324-19,The Simpsons,30
5,6878506,5449324,6878506-5449324-19,Dynasty (2017),2
19,6879480,5449324,6879480-5449324-18,En fait,2
19,6879480,5449324,6879480-5449324-16,En fait,2
19,6879480,5449324,6879480-5449324-17,En fait,2
19,6879480,5449324,6879480-5449324-20,En fait,2
19,6879480,5449324,6879480-5449324-19,En fait,2
3,6879894,5449324,6879894-5449324-3,Carpool Karaoke: The Series,2
6,6880389,5449324,6880389-5449324-19,Dynasty (2017),2
9,6882388,5449324,6882388-5449324-20,Skam Spain,1
10,6882390,5449324,6882390-5449324-20,Skam Spain,1
96,6883244,5449324,6883244-5449324-28,Pokémon,18
96,6883244,5449324,6883244-5449324-27,Pokémon,18
9,6887371,5449324,6887371-5449324-20,9-1-1,2
4,6889230,5449324,6889230-5449324-28,Carpool Karaoke: The Series,2
10,6893269,5449324,6893269-5449324-17,9-1-1,2
2,6894399,5449324,6894399-5449324-5,The Umbrella Academy,1
2,6894399,5449324,6894399-5449324-3,The Umbrella Academy,1
8,6894433,5449324,6894433-5449324-3,The Umbrella Academy,1
8,6894433,5449324,6894433-5449324-5,The Umbrella Academy,1
9,6894438,5449324,6894438-5449324-3,The Umbrella Academy,1
10,6894457,5449324,6894457-5449324-3,The Umbrella Academy,1
2,6896594,5449324,6896594-5449324-18,Perfume (2018),1
2,6896594,5449324,6896594-5449324-17,Perfume (2018),1
3,6896596,5449324,6896596-5449324-19,Perfume (2018),1
4,6896597,5449324,6896597-5449324-18,Perfume (2018),1
4,6896597,5449324,6896597-5449324-19,Perfume (2018),1
5,6896598,5449324,6896598-5449324-19,Perfume (2018),1
5,6896598,5449324,6896598-5449324-18,Perfume (2018),1
6,6896599,5449324,6896599-5449324-19,Perfume (2018),1
6,6896599,5449324,6896599-5449324-18,Perfume (2018),1
5,6898280,5449324,6898280-5449324-3,Carpool Karaoke: The Series,2
6,6898281,5449324,6898281-5449324-3,Carpool Karaoke: The Series,2
7,6898283,5449324,6898283-5449324-27,Carpool Karaoke: The Series,2
8,6898284,5449324,6898284-5449324-3,Carpool Karaoke: The Series,2
8,6900027,5449324,6900027-5449324-20,The Dead Girls Detective Agency,1
1,6901566,5449324,6901566-5449324-19,Nailed It! Holiday!,1
1,6901566,5449324,6901566-5449324-20,Nailed It! Holiday!,1
1,6901566,5449324,6901566-5449324-18,Nailed It! Holiday!,1
11,6901567,5449324,6901567-5449324-19,Chilling Adventures of Sabrina,1
11,6901567,5449324,6901567-5449324-20,Chilling Adventures of Sabrina,1
2,6903616,5449324,6903616-5449324-20,Mom or Dad,1
3,6904298,5449324,6904298-5449324-20,Mom or Dad,1
3,6904298,5449324,6904298-5449324-19,Mom or Dad,1
4,6904300,5449324,6904300-5449324-20,Mom or Dad,1
4,6904300,5449324,6904300-5449324-19,Mom or Dad,1
5,6904302,5449324,6904302-5449324-19,Mom or Dad,1
6,6904306,5449324,6904306-5449324-20,Mom or Dad,1
8,6905828,5449324,6905828-5449324-19,Dynasty (2017),2
1,6910832,5449324,6910832-5449324-17,High Maintenance (2016),3
1,6910832,5449324,6910832-5449324-16,High Maintenance (2016),3
21,6919489,5449324,6919489-5449324-19,,3
21,6919489,5449324,6919489-5449324-20,,3
1,6920965,5449324,6920965-5449324-16,Fam,1
1,6920965,5449324,6920965-5449324-17,Fam,1
9,6921820,5449324,6921820-5449324-19,Dynasty (2017),2
1,6927356,5449324,6927356-5449324-20,Sex Education,1
2,6927852,5449324,6927852-5449324-19,Sex Education,1
2,6927852,5449324,6927852-5449324-18,Sex Education,1
2,6927852,5449324,6927852-5449324-20,Sex Education,1
3,6927853,5449324,6927853-5449324-20,Sex Education,1
3,6927853,5449324,6927853-5449324-19,Sex Education,1
4,6927854,5449324,6927854-5449324-19,Sex Education,1
5,6927857,5449324,6927857-5449324-20,Sex Education,1
6,6927861,5449324,6927861-5449324-20,Sex Education,1
7,6927862,5449324,6927862-5449324-20,Sex Education,1
7,6927862,5449324,6927862-5449324-19,Sex Education,1
8,6927863,5449324,6927863-5449324-20,Sex Education,1
1,6928553,5449324,6928553-5449324-3,Miracle Workers,1
26,6929987,5449324,6929987-5449324-16,,3
1,6930165,5449324,6930165-5449324-19,Big Head,1
2,6930583,5449324,6930583-5449324-19,Nailed It! Holiday!,1
3,6930584,5449324,6930584-5449324-18,Nailed It! Holiday!,1
3,6930584,5449324,6930584-5449324-19,Nailed It! Holiday!,1
4,6930586,5449324,6930586-5449324-16,Nailed It! Holiday!,1
5,6930587,5449324,6930587-5449324-18,Nailed It! Holiday!,1
6,6930588,5449324,6930588-5449324-19,Nailed It! Holiday!,1
7,6930589,5449324,6930589-5449324-17,Nailed It! Holiday!,1
3,6930590,5449324,6930590-5449324-19,The Hook Up Plan,1
5,6930592,5449324,6930592-5449324-19,The Hook Up Plan,1
6,6930593,5449324,6930593-5449324-19,The Hook Up Plan,1
7,6930594,5449324,6930594-5449324-19,The Hook Up Plan,1
8,6930595,5449324,6930595-5449324-20,The Hook Up Plan,1
99,6932098,5449324,6932098-5449324-3,Pokémon,18
1,6933995,5449324,6933995-5449324-28,Stranger Things,3
1,6933995,5449324,6933995-5449324-27,Stranger Things,3
0,6934210,5449324,6934210-5449324-19,Skam,1
0,6934210,5449324,6934210-5449324-20,Skam,1
1,6936580,5449324,6936580-5449324-3,Always a Witch,1
12,6937151,5449324,6937151-5449324-20,The Simpsons,30
12,6937151,5449324,6937151-5449324-19,The Simpsons,30
8,6937673,5449324,6937673-5449324-19,Unbreakable Kimmy Schmidt,4
9,6937674,5449324,6937674-5449324-18,Unbreakable Kimmy Schmidt,4
9,6937674,5449324,6937674-5449324-19,Unbreakable Kimmy Schmidt,4
10,6937675,5449324,6937675-5449324-19,Unbreakable Kimmy Schmidt,4
11,6937677,5449324,6937677-5449324-19,Unbreakable Kimmy Schmidt,4
12,6937679,5449324,6937679-5449324-18,Unbreakable Kimmy Schmidt,4
1,6937767,5449324,6937767-5449324-20,Russian Doll,1
2,6937768,5449324,6937768-5449324-20,Russian Doll,1
3,6937769,5449324,6937769-5449324-19,Russian Doll,1
3,6937769,5449324,6937769-5449324-20,Russian Doll,1
4,6937772,5449324,6937772-5449324-19,Russian Doll,1
5,6937773,5449324,6937773-5449324-19,Russian Doll,1
6,6937775,5449324,6937775-5449324-19,Russian Doll,1
7,6937778,5449324,6937778-5449324-20,Russian Doll,1
7,6937778,5449324,6937778-5449324-19,Russian Doll,1
8,6937780,5449324,6937780-5449324-19,Russian Doll,1
8,6937780,5449324,6937780-5449324-20,Russian Doll,1
2,6938243,5449324,6938243-5449324-5,Always a Witch,1
3,6938244,5449324,6938244-5449324-5,Always a Witch,1
4,6938245,5449324,6938245-5449324-3,Always a Witch,1
7,6938248,5449324,6938248-5449324-2,Always a Witch,1
13,6938266,5449324,6938266-5449324-19,,4
1,6939214,5449324,6939214-5449324-20,One Day at a Time (2017),3
1,6939214,5449324,6939214-5449324-19,One Day at a Time (2017),3
2,6939215,5449324,6939215-5449324-19,One Day at a Time (2017),3
2,6939215,5449324,6939215-5449324-20,One Day at a Time (2017),3
3,6939216,5449324,6939216-5449324-19,One Day at a Time (2017),3
4,6939217,5449324,6939217-5449324-19,One Day at a Time (2017),3
5,6939218,5449324,6939218-5449324-19,One Day at a Time (2017),3
5,6939218,5449324,6939218-5449324-20,One Day at a Time (2017),3
6,6939219,5449324,6939219-5449324-19,One Day at a Time (2017),3
7,6939220,5449324,6939220-5449324-20,One Day at a Time (2017),3
7,6939220,5449324,6939220-5449324-19,One Day at a Time (2017),3
8,6939222,5449324,6939222-5449324-20,One Day at a Time (2017),3
8,6939222,5449324,6939222-5449324-19,One Day at a Time (2017),3
13,6939229,5449324,6939229-5449324-3,One Day at a Time (2017),3
9,6940667,5449324,6940667-5449324-27,Carpool Karaoke: The Series,2
46,6942139,5449324,6942139-5449324-19,gaelle garcia diaz,2018
101,6944078,5449324,6944078-5449324-28,Pokémon,18
1,6944774,5449324,6944774-5449324-3,The Act,1
3,6944776,5449324,6944776-5449324-29,The Act,1
10,6945092,5449324,6945092-5449324-20,Skam,0
10,6945092,5449324,6945092-5449324-19,Skam,0
11,6945094,5449324,6945094-5449324-20,Skam,0
12,6945095,5449324,6945095-5449324-19,Skam,0
12,6945095,5449324,6945095-5449324-18,Skam,0
12,6945095,5449324,6945095-5449324-20,Skam,0
13,6945096,5449324,6945096-5449324-19,Skam,0
2,6945748,5449324,6945748-5449324-18,High Maintenance (2016),3
2,6952566,5449324,6952566-5449324-3,Bonding,1
3,6952578,5449324,6952578-5449324-3,Bonding,1
2,6959083,5449324,6959083-5449324-18,Black Mirror,0
2,6959083,5449324,6959083-5449324-19,Black Mirror,0
12,6969937,5449324,6969937-5449324-19,Skam Spain,1
3,6973727,5449324,6973727-5449324-5,High Maintenance (2016),3
4,6973729,5449324,6973729-5449324-2,High Maintenance (2016),3
5,6973731,5449324,6973731-5449324-4,High Maintenance (2016),3
5,6973731,5449324,6973731-5449324-2,High Maintenance (2016),3
6,6973732,5449324,6973732-5449324-3,High Maintenance (2016),3
6,6973732,5449324,6973732-5449324-1,High Maintenance (2016),3
6,6973732,5449324,6973732-5449324-4,High Maintenance (2016),3
6,6973732,5449324,6973732-5449324-2,High Maintenance (2016),3
7,6973733,5449324,6973733-5449324-1,High Maintenance (2016),3
8,6973735,5449324,6973735-5449324-4,High Maintenance (2016),3
9,6973736,5449324,6973736-5449324-1,High Maintenance (2016),3
1,6975016,5449324,6975016-5449324-3,Killing Eve,2
103,6978857,5449324,6978857-5449324-29,Pokémon,18
103,6978857,5449324,6978857-5449324-28,Pokémon,18
104,6980409,5449324,6980409-5449324-29,Pokémon,18
104,6980409,5449324,6980409-5449324-28,Pokémon,18
11,6981301,5449324,6981301-5449324-19,Dynasty (2017),2
11,6981301,5449324,6981301-5449324-20,Dynasty (2017),2
2,6983261,5449324,6983261-5449324-27,"Love, Death & Robots",1
1,6983885,5449324,6983885-5449324-19,Skam France,3
1,6983885,5449324,6983885-5449324-20,Skam France,3
12,6988081,5449324,6988081-5449324-20,Dynasty (2017),2
12,6988081,5449324,6988081-5449324-19,Dynasty (2017),2
13,6997279,5449324,6997279-5449324-19,Dynasty (2017),2
13,6997279,5449324,6997279-5449324-20,Dynasty (2017),2
11,6997775,5449324,6997775-5449324-17,Riverdale,3
11,6997775,5449324,6997775-5449324-18,Riverdale,3
11,6997775,5449324,6997775-5449324-19,Riverdale,3
12,6997778,5449324,6997778-5449324-4,Riverdale,3
12,6997778,5449324,6997778-5449324-2,Riverdale,3
12,6997778,5449324,6997778-5449324-18,Riverdale,3
12,6997778,5449324,6997778-5449324-19,Riverdale,3
14,6997780,5449324,6997780-5449324-2,Riverdale,3
14,6997780,5449324,6997780-5449324-4,Riverdale,3
16,6997931,5449324,6997931-5449324-4,Riverdale,3
2,6998836,5449324,6998836-5449324-20,Skam France,3
3,6998838,5449324,6998838-5449324-20,Skam France,3
3,6998838,5449324,6998838-5449324-19,Skam France,3
4,6998839,5449324,6998839-5449324-3,Skam France,3
5,6998842,5449324,6998842-5449324-3,Skam France,3
6,6998843,5449324,6998843-5449324-3,Skam France,3
13,7000086,5449324,7000086-5449324-20,The Simpsons,30
13,7000086,5449324,7000086-5449324-18,The Simpsons,30
13,7000086,5449324,7000086-5449324-19,The Simpsons,30
105,7001700,5449324,7001700-5449324-3,Pokémon,18
1,7004934,5449324,7004934-5449324-3,Pretty Little Liars: The Perfectionists,1
2,7009549,5449324,7009549-5449324-5,Miracle Workers,1
2,7009549,5449324,7009549-5449324-3,Miracle Workers,1
3,7009550,5449324,7009550-5449324-3,Miracle Workers,1
4,7009551,5449324,7009551-5449324-3,Miracle Workers,1
5,7009552,5449324,7009552-5449324-3,Miracle Workers,1
6,7009554,5449324,7009554-5449324-3,Miracle Workers,1
7,7009555,5449324,7009555-5449324-3,Miracle Workers,1
14,7013940,5449324,7013940-5449324-2,The Simpsons,30
10,7015887,5449324,7015887-5449324-3,Skam France,3
10,7015887,5449324,7015887-5449324-5,Skam France,3
1,7017541,5449324,7017541-5449324-27,Quicksand,1
1,7018539,5449324,7018539-5449324-20,Big Mouth,3
1,7023255,5449324,7023255-5449324-28,What We Do in the Shadows,1
3,7025344,5449324,7025344-5449324-28,Osmosis (2019),1
3,7025344,5449324,7025344-5449324-29,Osmosis (2019),1
3,7025344,5449324,7025344-5449324-3,Osmosis (2019),1
4,7025364,5449324,7025364-5449324-3,Osmosis (2019),1
15,7031329,5449324,7031329-5449324-2,Dynasty (2017),2
15,7031329,5449324,7031329-5449324-4,Dynasty (2017),2
2,7036363,5449324,7036363-5449324-29,The Handmaid's Tale,3
2,7036363,5449324,7036363-5449324-28,The Handmaid's Tale,3
3,7036366,5449324,7036366-5449324-29,The Handmaid's Tale,3
3,7036366,5449324,7036366-5449324-28,The Handmaid's Tale,3
1,7040684,5449324,7040684-5449324-3,Good Omens,1
2,7044923,5449324,7044923-5449324-28,Jane the Virgin,5
3,7044926,5449324,7044926-5449324-29,Jane the Virgin,5
6,7044965,5449324,7044965-5449324-28,Jane the Virgin,5
16,7045039,5449324,7045039-5449324-5,The Simpsons,30
16,7045039,5449324,7045039-5449324-4,The Simpsons,30
2,7045177,5449324,7045177-5449324-3,Good Omens,1
3,7045179,5449324,7045179-5449324-28,Good Omens,1
4,7045180,5449324,7045180-5449324-27,Good Omens,1
5,7045182,5449324,7045182-5449324-27,Good Omens,1
6,7045183,5449324,7045183-5449324-27,Good Omens,1
111,7047433,5449324,7047433-5449324-29,Pokémon,18
112,7047434,5449324,7047434-5449324-3,Pokémon,18
2,7052274,5449324,7052274-5449324-1,Pretty Little Liars: The Perfectionists,1
8,7054277,5449324,7054277-5449324-28,The Order,1
8,7054277,5449324,7054277-5449324-29,The Order,1
9,7054279,5449324,7054279-5449324-3,The Order,1
10,7054280,5449324,7054280-5449324-28,The Order,1
10,7054280,5449324,7054280-5449324-29,The Order,1
2,7056485,5449324,7056485-5449324-27,What We Do in the Shadows,1
1,7057082,5449324,7057082-5449324-5,Riccanza World,1
1,7059062,5449324,7059062-5449324-3,Euphoria (US),1
1,7059660,5449324,7059660-5449324-1,Special,1
1,7059660,5449324,7059660-5449324-27,Special,1
2,7062895,5449324,7062895-5449324-3,Killing Eve,2
18,7063660,5449324,7063660-5449324-3,The Simpsons,30
11,7068746,5449324,7068746-5449324-1,Arrested Development,5
12,7068748,5449324,7068748-5449324-1,Arrested Development,5
13,7068749,5449324,7068749-5449324-1,Arrested Development,5
13,7068749,5449324,7068749-5449324-27,Arrested Development,5
14,7068750,5449324,7068750-5449324-27,Arrested Development,5
14,7068750,5449324,7068750-5449324-1,Arrested Development,5
15,7068751,5449324,7068751-5449324-1,Arrested Development,5
16,7068752,5449324,7068752-5449324-1,Arrested Development,5
7,7069825,5449324,7069825-5449324-1,"Love, Death & Robots",1
1,7073672,5449324,7073672-5449324-29,No Good Nick,1
1,7075851,5449324,7075851-5449324-27,On My Block,2
1,7082952,5449324,7082952-5449324-1,Chernobyl,1
1,7085515,5449324,7085515-5449324-29,Samantha!,2
1,7085515,5449324,7085515-5449324-28,Samantha!,2
20,7086676,5449324,7086676-5449324-28,The Simpsons,30
20,7086676,5449324,7086676-5449324-27,The Simpsons,30
18,7088159,5449324,7088159-5449324-1,Dynasty (2017),2
18,7088159,5449324,7088159-5449324-27,Dynasty (2017),2
22,7088165,5449324,7088165-5449324-27,Dynasty (2017),2
22,7088165,5449324,7088165-5449324-1,Dynasty (2017),2
1,7095030,5449324,7095030-5449324-27,Huge in France,1
1,7095030,5449324,7095030-5449324-1,Huge in France,1
1,7096869,5449324,7096869-5449324-27,Clem,9
2,7096870,5449324,7096870-5449324-27,Clem,9
3,7096871,5449324,7096871-5449324-27,Clem,9
3,7096871,5449324,7096871-5449324-28,Clem,9
4,7096872,5449324,7096872-5449324-28,Clem,9
4,7096872,5449324,7096872-5449324-29,Clem,9
5,7096873,5449324,7096873-5449324-28,Clem,9
5,7096873,5449324,7096873-5449324-29,Clem,9
6,7096874,5449324,7096874-5449324-29,Clem,9
2,7096876,5449324,7096876-5449324-29,Special,1
2,7096876,5449324,7096876-5449324-28,Special,1
3,7096878,5449324,7096878-5449324-29,Special,1
3,7096878,5449324,7096878-5449324-28,Special,1
4,7096880,5449324,7096880-5449324-29,Special,1
5,7096884,5449324,7096884-5449324-28,Special,1
6,7096886,5449324,7096886-5449324-28,Special,1
7,7096888,5449324,7096888-5449324-27,Special,1
7,7096888,5449324,7096888-5449324-28,Special,1
8,7096889,5449324,7096889-5449324-28,Special,1
8,7096889,5449324,7096889-5449324-29,Special,1
4,7098403,5449324,7098403-5449324-29,Killing Eve,2
4,7098403,5449324,7098403-5449324-28,Killing Eve,2
7,7098813,5449324,7098813-5449324-29,,4
8,7098814,5449324,7098814-5449324-29,,4
9,7098815,5449324,7098815-5449324-28,,4
10,7098816,5449324,7098816-5449324-28,,4
10,7098816,5449324,7098816-5449324-29,,4
1,7099374,5449324,7099374-5449324-29,The Politician,1
1,7099374,5449324,7099374-5449324-28,The Politician,1
3,7099377,5449324,7099377-5449324-28,The Politician,1
5,7099379,5449324,7099379-5449324-3,The Politician,1
8,7099382,5449324,7099382-5449324-1,The Politician,1
18,7103416,5449324,7103416-5449324-3,Riverdale,3
18,7103416,5449324,7103416-5449324-29,Riverdale,3
1,7104146,5449324,7104146-5449324-28,The Society,1
2,7104147,5449324,7104147-5449324-28,The Society,1
3,7104149,5449324,7104149-5449324-27,The Society,1
1,7104545,5449324,7104545-5449324-28,Mythomaniac,1
19,7108115,5449324,7108115-5449324-27,Riverdale,3
19,7108115,5449324,7108115-5449324-28,Riverdale,3
4,7109995,5449324,7109995-5449324-29,Skam Spain,2
4,7109995,5449324,7109995-5449324-3,Skam Spain,2
5,7109999,5449324,7109999-5449324-3,Skam Spain,2
2,7110042,5449324,7110042-5449324-27,Huge in France,1
3,7110043,5449324,7110043-5449324-1,Huge in France,1
4,7110044,5449324,7110044-5449324-1,Huge in France,1
5,7110045,5449324,7110045-5449324-28,Huge in France,1
5,7110045,5449324,7110045-5449324-1,Huge in France,1
5,7110045,5449324,7110045-5449324-27,Huge in France,1
6,7110046,5449324,7110046-5449324-28,Huge in France,1
6,7110046,5449324,7110046-5449324-29,Huge in France,1
7,7110047,5449324,7110047-5449324-29,Huge in France,1
7,7110047,5449324,7110047-5449324-28,Huge in France,1
8,7110048,5449324,7110048-5449324-29,Huge in France,1
0,7114885,5449324,7114885-5449324-3,Money Heist,2
113,7115096,5449324,7115096-5449324-29,Pokémon,18
113,7115096,5449324,7115096-5449324-28,Pokémon,18
114,7115099,5449324,7115099-5449324-3,Pokémon,18
115,7115100,5449324,7115100-5449324-28,Pokémon,18
115,7115100,5449324,7115100-5449324-29,Pokémon,18
116,7115101,5449324,7115101-5449324-3,Pokémon,18
116,7115101,5449324,7115101-5449324-29,Pokémon,18
117,7115102,5449324,7115102-5449324-28,Pokémon,18
118,7115103,5449324,7115103-5449324-28,Pokémon,18
2,7119455,5449324,7119455-5449324-28,Quicksand,1
3,7119456,5449324,7119456-5449324-28,Quicksand,1
3,7119456,5449324,7119456-5449324-27,Quicksand,1
4,7119457,5449324,7119457-5449324-28,Quicksand,1
4,7119457,5449324,7119457-5449324-29,Quicksand,1
5,7119458,5449324,7119458-5449324-29,Quicksand,1
5,7119458,5449324,7119458-5449324-28,Quicksand,1
6,7119459,5449324,7119459-5449324-3,Quicksand,1
15,7120469,5449324,7120469-5449324-3,Chilling Adventures of Sabrina,1
15,7120469,5449324,7120469-5449324-29,Chilling Adventures of Sabrina,1
16,7120472,5449324,7120472-5449324-3,Chilling Adventures of Sabrina,1
17,7120473,5449324,7120473-5449324-3,Chilling Adventures of Sabrina,1
18,7120474,5449324,7120474-5449324-3,Chilling Adventures of Sabrina,1
7,7123648,5449324,7123648-5449324-29,Killing Eve,2
8,7123654,5449324,7123654-5449324-3,Killing Eve,2
3,7124475,5449324,7124475-5449324-3,Skam France,4
1,7125297,5449324,7125297-5449324-3,Pose,2
1,7135184,5449324,7135184-5449324-29,Big Little Lies,2
1,7135184,5449324,7135184-5449324-3,Big Little Lies,2
1,7136476,5449324,7136476-5449324-28,It's Bruno!,1
1,7136476,5449324,7136476-5449324-29,It's Bruno!,1
2,7136480,5449324,7136480-5449324-29,It's Bruno!,1
4,7139420,5449324,7139420-5449324-3,Skam France,4
1,7142266,5449324,7142266-5449324-3,Jinn,1
2,7142267,5449324,7142267-5449324-29,Jinn,1
3,7142268,5449324,7142268-5449324-28,Jinn,1
4,7142269,5449324,7142269-5449324-1,Jinn,1
5,7142271,5449324,7142271-5449324-1,Jinn,1
124,7158428,5449324,7158428-5449324-1,Pokémon,18
1,7160774,5449324,7160774-5449324-27,Calls,2
9,7172079,5449324,7172079-5449324-29,Skam Spain,2
10,7172080,5449324,7172080-5449324-3,Skam Spain,2
3,7184777,5449324,7184777-5449324-28,It's Bruno!,1
4,7184778,5449324,7184778-5449324-27,It's Bruno!,1
5,7184780,5449324,7184780-5449324-27,It's Bruno!,1
6,7184781,5449324,7184781-5449324-28,It's Bruno!,1
7,7184782,5449324,7184782-5449324-27,It's Bruno!,1
3,7185733,5449324,7185733-5449324-3,Black Mirror,5
2,7187612,5449324,7187612-5449324-29,Paquita Salas,3
3,7187613,5449324,7187613-5449324-3,Paquita Salas,3
4,7187614,5449324,7187614-5449324-3,Paquita Salas,3
5,7187615,5449324,7187615-5449324-29,Paquita Salas,3
6,7187758,5449324,7187758-5449324-3,Paquita Salas,3
18,7187965,5449324,7187965-5449324-29,Disenchantment,1
19,7187966,5449324,7187966-5449324-27,Disenchantment,1
2,7191323,5449324,7191323-5449324-3,Euphoria (US),1
3,7191325,5449324,7191325-5449324-3,Euphoria (US),1
4,7191328,5449324,7191328-5449324-3,Euphoria (US),1
2,7192545,5449324,7192545-5449324-28,Black Mirror,5
1,7192711,5449324,7192711-5449324-1,Black Mirror,5
5,7194971,5449324,7194971-5449324-3,Euphoria (US),1
6,7194979,5449324,7194979-5449324-3,Euphoria (US),1
2,7197105,5449324,7197105-5449324-27,Slasher,3
4,7197107,5449324,7197107-5449324-29,Slasher,3
5,7197108,5449324,7197108-5449324-3,Slasher,3
6,7197109,5449324,7197109-5449324-3,Slasher,3
7,7197110,5449324,7197110-5449324-3,Slasher,3
8,7197111,5449324,7197111-5449324-3,Slasher,3
2,7198159,5449324,7198159-5449324-29,Pose,2
1,7198586,5449324,7198586-5449324-27,Sweetbitter,2
1,7198586,5449324,7198586-5449324-1,Sweetbitter,2
1,7199261,5449324,7199261-5449324-28,Aggretsuko,2
1,7199261,5449324,7199261-5449324-1,Aggretsuko,2
1,7199938,5449324,7199938-5449324-29,Orange Is the New Black,7
1,7199996,5449324,7199996-5449324-29,Family Business (2019),1
2,7199999,5449324,7199999-5449324-3,Family Business (2019),1
3,7200001,5449324,7200001-5449324-3,Family Business (2019),1
2,7201382,5449324,7201382-5449324-1,Sweetbitter,2
1,7204067,5449324,7204067-5449324-27,Florida Girls,1
4,7208612,5449324,7208612-5449324-27,Mouche,1
6,7208614,5449324,7208614-5449324-28,Mouche,1
1,7210633,5449324,7210633-5449324-27,Marvel's Jessica Jones,3
1,7210633,5449324,7210633-5449324-28,Marvel's Jessica Jones,3
2,7211029,5449324,7211029-5449324-29,Marvel's Jessica Jones,3
2,7211029,5449324,7211029-5449324-3,Marvel's Jessica Jones,3
3,7211031,5449324,7211031-5449324-28,Marvel's Jessica Jones,3
3,7211031,5449324,7211031-5449324-27,Marvel's Jessica Jones,3
4,7211035,5449324,7211035-5449324-27,Marvel's Jessica Jones,3
5,7211036,5449324,7211036-5449324-1,Marvel's Jessica Jones,3
6,7211037,5449324,7211037-5449324-27,Marvel's Jessica Jones,3
7,7211039,5449324,7211039-5449324-29,Marvel's Jessica Jones,3
8,7211041,5449324,7211041-5449324-29,Marvel's Jessica Jones,3
13,7211050,5449324,7211050-5449324-28,Marvel's Jessica Jones,3
2,7211183,5449324,7211183-5449324-3,Trinkets,1
3,7211185,5449324,7211185-5449324-3,Trinkets,1
3,7211185,5449324,7211185-5449324-29,Trinkets,1
4,7211187,5449324,7211187-5449324-29,Trinkets,1
5,7211188,5449324,7211188-5449324-29,Trinkets,1
5,7211188,5449324,7211188-5449324-3,Trinkets,1
6,7211189,5449324,7211189-5449324-29,Trinkets,1
7,7211190,5449324,7211190-5449324-3,Trinkets,1
8,7211191,5449324,7211191-5449324-3,Trinkets,1
10,7211193,5449324,7211193-5449324-3,Trinkets,1
3,7212244,5449324,7212244-5449324-29,Pose,2
3,7212244,5449324,7212244-5449324-3,Pose,2
2,7212607,5449324,7212607-5449324-29,How to Sell Drugs Online (Fast),1
3,7212608,5449324,7212608-5449324-29,How to Sell Drugs Online (Fast),1
4,7212609,5449324,7212609-5449324-28,How to Sell Drugs Online (Fast),1
5,7212610,5449324,7212610-5449324-29,How to Sell Drugs Online (Fast),1
5,7212610,5449324,7212610-5449324-28,How to Sell Drugs Online (Fast),1
2,7219153,5449324,7219153-5449324-3,Big Little Lies,2
3,7219154,5449324,7219154-5449324-29,Big Little Lies,2
126,7219440,5449324,7219440-5449324-29,Pokémon,18
126,7219440,5449324,7219440-5449324-28,Pokémon,18
126,7219440,5449324,7219440-5449324-3,Pokémon,18
128,7219443,5449324,7219443-5449324-29,Pokémon,18
7,7223226,5449324,7223226-5449324-3,The Handmaid's Tale,3
11,7223231,5449324,7223231-5449324-29,The Handmaid's Tale,3
4,7223961,5449324,7223961-5449324-28,Big Little Lies,2
4,7223961,5449324,7223961-5449324-29,Big Little Lies,2
1,7224311,5449324,7224311-5449324-29,The Good Place,4
5,7228430,5449324,7228430-5449324-28,Big Little Lies,2
5,7228430,5449324,7228430-5449324-29,Big Little Lies,2
6,7228433,5449324,7228433-5449324-29,Big Little Lies,2
6,7228433,5449324,7228433-5449324-28,Big Little Lies,2
6,7230381,5449324,7230381-5449324-3,Pose,2
1,7234836,5449324,7234836-5449324-29,Trinkets,1
1,7234836,5449324,7234836-5449324-28,Trinkets,1
2,7234899,5449324,7234899-5449324-28,Aggretsuko,2
3,7234900,5449324,7234900-5449324-27,Aggretsuko,2
3,7234900,5449324,7234900-5449324-1,Aggretsuko,2
4,7234902,5449324,7234902-5449324-1,Aggretsuko,2
129,7249224,5449324,7249224-5449324-3,Pokémon,18
1,7250065,5449324,7250065-5449324-3,American Horror Story,9
1,7250065,5449324,7250065-5449324-29,American Horror Story,9
7,7250525,5449324,7250525-5449324-28,Pose,2
2,7250707,5449324,7250707-5449324-28,Scream: The TV Series,3
2,7250707,5449324,7250707-5449324-29,Scream: The TV Series,3
3,7250751,5449324,7250751-5449324-29,Scream: The TV Series,3
3,7250751,5449324,7250751-5449324-28,Scream: The TV Series,3
5,7250761,5449324,7250761-5449324-1,Scream: The TV Series,3
6,7250763,5449324,7250763-5449324-28,Scream: The TV Series,3
6,7250763,5449324,7250763-5449324-27,Scream: The TV Series,3
1,7268881,5449324,7268881-5449324-29,Elite,2
1,7268881,5449324,7268881-5449324-28,Elite,2
130,7269075,5449324,7269075-5449324-29,Pokémon,18
133,7269083,5449324,7269083-5449324-3,Pokémon,18
133,7269083,5449324,7269083-5449324-29,Pokémon,18
0,7285209,5449324,7285209-5449324-29,Money Heist,2
0,7285211,5449324,7285211-5449324-3,Money Heist,2
0,7285212,5449324,7285212-5449324-28,Money Heist,2
0,7285212,5449324,7285212-5449324-29,Money Heist,2
0,7285215,5449324,7285215-5449324-3,Money Heist,2
0,7285219,5449324,7285219-5449324-3,Money Heist,2
0,7285221,5449324,7285221-5449324-29,Money Heist,2
0,7285221,5449324,7285221-5449324-3,Money Heist,2
8,7285223,5449324,7285223-5449324-3,Money Heist,2
2,7285680,5449324,7285680-5449324-3,Orange Is the New Black,7
3,7285681,5449324,7285681-5449324-3,Orange Is the New Black,7
4,7285682,5449324,7285682-5449324-3,Orange Is the New Black,7
5,7285683,5449324,7285683-5449324-3,Orange Is the New Black,7
6,7285685,5449324,7285685-5449324-3,Orange Is the New Black,7
7,7285687,5449324,7285687-5449324-3,Orange Is the New Black,7
8,7285689,5449324,7285689-5449324-3,Orange Is the New Black,7
9,7285691,5449324,7285691-5449324-3,Orange Is the New Black,7
10,7285692,5449324,7285692-5449324-3,Orange Is the New Black,7
11,7285693,5449324,7285693-5449324-3,Orange Is the New Black,7
12,7285694,5449324,7285694-5449324-3,Orange Is the New Black,7
13,7285695,5449324,7285695-5449324-3,Orange Is the New Black,7
7,7290837,5449324,7290837-5449324-3,Big Little Lies,2
7,7290837,5449324,7290837-5449324-29,Big Little Lies,2
12,7293229,5449324,7293229-5449324-29,The Handmaid's Tale,3
13,7293239,5449324,7293239-5449324-3,The Handmaid's Tale,3
1,7298039,5449324,7298039-5449324-1,Room 104,3
3,7298942,5449324,7298942-5449324-3,Why Women Kill,1
7,7298946,5449324,7298946-5449324-3,Why Women Kill,1
1,7304706,5449324,7304706-5449324-29,Dollface,1
1,7306300,5449324,7306300-5449324-29,13 Reasons Why,3
134,7307955,5449324,7307955-5449324-29,Pokémon,18
134,7307955,5449324,7307955-5449324-3,Pokémon,18
2,7309507,5449324,7309507-5449324-3,American Horror Story,9
2,7324040,5449324,7324040-5449324-1,Room 104,3
3,7324041,5449324,7324041-5449324-3,Room 104,3
4,7324042,5449324,7324042-5449324-1,Room 104,3
5,7324043,5449324,7324043-5449324-3,Room 104,3
6,7324044,5449324,7324044-5449324-1,Room 104,3
7,7324045,5449324,7324045-5449324-1,Room 104,3
2,7328134,5449324,7328134-5449324-29,13 Reasons Why,3
4,7328138,5449324,7328138-5449324-29,13 Reasons Why,3
4,7328138,5449324,7328138-5449324-3,13 Reasons Why,3
4,7328138,5449324,7328138-5449324-28,13 Reasons Why,3
5,7328142,5449324,7328142-5449324-3,13 Reasons Why,3
11,7328167,5449324,7328167-5449324-3,13 Reasons Why,3
12,7328170,5449324,7328170-5449324-3,13 Reasons Why,3
13,7328174,5449324,7328174-5449324-3,13 Reasons Why,3
3,7330237,5449324,7330237-5449324-27,Living with Yourself,1
137,7334804,5449324,7334804-5449324-3,Pokémon,18
138,7338507,5449324,7338507-5449324-3,Pokémon,18
1,7344148,5449324,7344148-5449324-29,Beautiful Loser,3
3,7346953,5449324,7346953-5449324-3,American Horror Story,9
1,7347698,5449324,7347698-5449324-3,Mental (2019),1
2,7347721,5449324,7347721-5449324-3,Mental (2019),1
3,7347722,5449324,7347722-5449324-3,Mental (2019),1
9,7352471,5449324,7352471-5449324-3,Why Women Kill,1
3,7353567,5449324,7353567-5449324-1,The Good Place,4
1,7358146,5449324,7358146-5449324-29,Skam France,5
1,7359131,5449324,7359131-5449324-29,Home Before Dark,1
140,7360719,5449324,7360719-5449324-29,Pokémon,18
1,7362761,5449324,7362761-5449324-28,Snoopy in Space,1
3,7363282,5449324,7363282-5449324-29,,1
2,7363499,5449324,7363499-5449324-28,The Simpsons,31
4,7363536,5449324,7363536-5449324-3,American Horror Story,9
5,7363539,5449324,7363539-5449324-3,American Horror Story,9
1,7363965,5449324,7363965-5449324-29,Ghostwriter (2019),1
1,7364014,5449324,7364014-5449324-29,Insatiable,2
1,7367166,5449324,7367166-5449324-3,Servant,1
141,7370818,5449324,7370818-5449324-28,Pokémon,18
142,7370819,5449324,7370819-5449324-28,Pokémon,18
1,7372590,5449324,7372590-5449324-3,The Morning Show,1
2,7372823,5449324,7372823-5449324-3,Big Mouth,3
2,7372839,5449324,7372839-5449324-29,Insatiable,2
3,7379984,5449324,7379984-5449324-27,The Simpsons,31
4,7381120,5449324,7381120-5449324-1,The Good Place,4
1,7382468,5449324,7382468-5449324-28,Atypical,3
6,7384654,5449324,7384654-5449324-3,American Horror Story,9
144,7385630,5449324,7385630-5449324-28,Pokémon,18
145,7385631,5449324,7385631-5449324-27,Pokémon,18
143,7385638,5449324,7385638-5449324-28,Pokémon,18
2,7387375,5449324,7387375-5449324-3,Servant,1
3,7387376,5449324,7387376-5449324-29,Servant,1
5,7398201,5449324,7398201-5449324-3,Baby,2
6,7398203,5449324,7398203-5449324-29,Baby,2
10,7406286,5449324,7406286-5449324-3,Why Women Kill,1
1,7406670,5449324,7406670-5449324-29,Nailed It! Holiday!,2
1,7406701,5449324,7406701-5449324-3,Magic for Humans,2
7,7417466,5449324,7417466-5449324-3,Mental (2019),1
9,7418424,5449324,7418424-5449324-3,American Horror Story,9
3,7428285,5449324,7428285-5449324-3,See,1
4,7428286,5449324,7428286-5449324-3,See,1
1,7428555,5449324,7428555-5449324-1,The Witcher,1
2,7429279,5449324,7429279-5449324-29,Ghostwriter (2019),1
3,7429283,5449324,7429283-5449324-29,Ghostwriter (2019),1
4,7429313,5449324,7429313-5449324-28,Ghostwriter (2019),1
5,7429314,5449324,7429314-5449324-28,Ghostwriter (2019),1
6,7429922,5449324,7429922-5449324-27,Ghostwriter (2019),1
7,7429925,5449324,7429925-5449324-28,Ghostwriter (2019),1
1,7442213,5449324,7442213-5449324-29,Good Girls,3
1,7458640,5449324,7458640-5449324-3,Don't F**k with Cats: Hunting an Internet Killer,1
2,7458641,5449324,7458641-5449324-3,Don't F**k with Cats: Hunting an Internet Killer,1
3,7458644,5449324,7458644-5449324-3,Don't F**k with Cats: Hunting an Internet Killer,1
1,7459568,5449324,7459568-5449324-29,AJ and the Queen,1
6,7462406,5449324,7462406-5449324-27,Servant,1
8,7462408,5449324,7462408-5449324-3,Servant,1
9,7462409,5449324,7462409-5449324-29,Servant,1
10,7462410,5449324,7462410-5449324-27,Servant,1
7,7464945,5449324,7464945-5449324-28,Pokémon,19
2,7465681,5449324,7465681-5449324-3,Nailed It! Holiday!,2
3,7465682,5449324,7465682-5449324-29,Nailed It! Holiday!,2
4,7465683,5449324,7465683-5449324-29,Nailed It! Holiday!,2
5,7465684,5449324,7465684-5449324-28,Nailed It! Holiday!,2
6,7465685,5449324,7465685-5449324-29,Nailed It! Holiday!,2
2,7479878,5449324,7479878-5449324-29,Beautiful Loser,3
3,7479879,5449324,7479879-5449324-28,Beautiful Loser,3
4,7479880,5449324,7479880-5449324-29,Beautiful Loser,3
1,7486455,5449324,7486455-5449324-3,Normal People,1
2,7486456,5449324,7486456-5449324-3,Normal People,1
1,7492549,5449324,7492549-5449324-29,Little America,1
2,7492550,5449324,7492550-5449324-3,Little America,1
10,7522566,5449324,7522566-5449324-29,Skam France,5
2,7526782,5449324,7526782-5449324-29,Skam France,6
4,7531994,5449324,7531994-5449324-3,Skam France,6
8,7531999,5449324,7531999-5449324-3,Skam France,6
1,7538172,5449324,7538172-5449324-28,True Story With,1
14,7540186,5449324,7540186-5449324-3,The Simpsons,31
1,7548042,5449324,7548042-5449324-3,Trying,1
5,7548223,5449324,7548223-5449324-1,Amazing Stories (2020),1
1,7591103,5449324,7591103-5449324-3,Killing Eve,3
15,7593008,5449324,7593008-5449324-29,The Simpsons,31
16,7593157,5449324,7593157-5449324-28,The Simpsons,31
17,7593158,5449324,7593158-5449324-3,The Simpsons,31
1,7600908,5449324,7600908-5449324-3,Amazing Stories (2020),1
2,7600911,5449324,7600911-5449324-29,Amazing Stories (2020),1
1,7635066,5449324,7635066-5449324-1,The Midnight Gospel,1
18,7644961,5449324,7644961-5449324-28,The Simpsons,31
1,7648065,5449324,7648065-5449324-3,The Circle France,1
9,7680345,5449324,7680345-5449324-3,Dead to Me,2
1,7687219,5449324,7687219-5449324-29,One of Us Is Lying,1
2,7693522,5449324,7693522-5449324-27,Trying,1
8,7694451,5449324,7694451-5449324-3,Killing Eve,3
5,7697198,5449324,7697198-5449324-27,The Haunting,2
1,7736880,5449324,7736880-5449324-3,13 Reasons Why,4
2,7739404,5449324,7739404-5449324-29,13 Reasons Why,4
3,7739406,5449324,7739406-5449324-3,13 Reasons Why,4
4,7739407,5449324,7739407-5449324-3,13 Reasons Why,4
5,7739410,5449324,7739410-5449324-3,13 Reasons Why,4
8,7739413,5449324,7739413-5449324-3,13 Reasons Why,4
9,7739414,5449324,7739414-5449324-3,13 Reasons Why,4
10,7739416,5449324,7739416-5449324-3,13 Reasons Why,4
3,7772451,5449324,7772451-5449324-29,Rita,5
4,7772452,5449324,7772452-5449324-3,Rita,5
1,7777805,5449324,7777805-5449324-3,Call My Agent!,4
2,7777806,5449324,7777806-5449324-28,Call My Agent!,4
3,7777807,5449324,7777807-5449324-29,Call My Agent!,4
4,7777808,5449324,7777808-5449324-3,Call My Agent!,4
5,7777809,5449324,7777809-5449324-29,Call My Agent!,4
1,7788664,5449324,7788664-5449324-3,Mental (2019),2
1,7827227,5449324,7827227-5449324-3,The Simpsons,32
1,7829509,5449324,7829509-5449324-3,Genera+ion,1
3,7829511,5449324,7829511-5449324-29,Genera+ion,1
2,7859510,5449324,7859510-5449324-3,The Simpsons,32
3,7891631,5449324,7891631-5449324-27,The Simpsons,32
1,7912723,5449324,7912723-5449324-29,Emily in Paris,1
1,8001870,5449324,8001870-5449324-1,Euphoria (US),0
5,8012650,5449324,8012650-5449324-3,It's a Sin,1
0,8063448,5449324,8063448-5449324-3,"Don't Do This, Don't Do That",0
2,8080664,5449324,8080664-5449324-1,Euphoria (US),0
1,8083260,5449324,8083260-5449324-29,Bonding,2
1,8083746,5449324,8083746-5449324-29,Mr. Corman,1
1,8090576,5449324,8090576-5449324-29,Disenchantment,2
2,8130238,5449324,8130238-5449324-3,Skam France,7
3,8132053,5449324,8132053-5449324-3,Skam France,7
1,8148546,5449324,8148546-5449324-3,Behind Her Eyes,1
2,8149177,5449324,8149177-5449324-3,Behind Her Eyes,1
3,8149179,5449324,8149179-5449324-3,Behind Her Eyes,1
4,8149180,5449324,8149180-5449324-3,Behind Her Eyes,1
5,8149182,5449324,8149182-5449324-3,Behind Her Eyes,1
6,8149183,5449324,8149183-5449324-3,Behind Her Eyes,1
1,8172929,5449324,8172929-5449324-3,Maldivas,1
1,8179971,5449324,8179971-5449324-29,Good Girls,4
1,8182624,5449324,8182624-5449324-3,Dr. Brain,1
3,8238176,5449324,8238176-5449324-3,The Handmaid's Tale,4
1,8259874,5449324,8259874-5449324-29,Pose,3
2,8259882,5449324,8259882-5449324-29,Pose,3
6,8259887,5449324,8259887-5449324-3,Pose,3
7,8259888,5449324,8259888-5449324-3,Pose,3
1,8275309,5449324,8275309-5449324-3,Christmas Flow,1
1,8307201,5449324,8307201-5449324-3,Sex!fy,1
2,8322940,5449324,8322940-5449324-3,Sex!fy,1
3,8322943,5449324,8322943-5449324-3,Sex!fy,1
4,8322945,5449324,8322945-5449324-3,Sex!fy,1
5,8322947,5449324,8322947-5449324-3,Sex!fy,1
6,8322949,5449324,8322949-5449324-3,Sex!fy,1
7,8322951,5449324,8322951-5449324-3,Sex!fy,1
8,8322953,5449324,8322953-5449324-3,Sex!fy,1
1,8332593,5449324,8332593-5449324-3,Squid Game,1
1,8359686,5449324,8359686-5449324-3,Only Murders in the Building,1
1,8361884,5449324,8361884-5449324-29,Love Never Lies,1
1,8393656,5449324,8393656-5449324-3,Why Women Kill,2
16,8398130,5449324,8398130-5449324-29,Good Girls,4
2,8406073,5449324,8406073-5449324-27,Mr. Corman,1
3,8406074,5449324,8406074-5449324-1,Mr. Corman,1
4,8406075,5449324,8406075-5449324-27,Mr. Corman,1
5,8406076,5449324,8406076-5449324-1,Mr. Corman,1
1,8409002,5449324,8409002-5449324-3,Skam France,10
3,8413560,5449324,8413560-5449324-29,Skam France,10
5,8413562,5449324,8413562-5449324-3,Skam France,10
6,8413563,5449324,8413563-5449324-3,Skam France,10
8,8413565,5449324,8413565-5449324-3,Skam France,10
9,8413566,5449324,8413566-5449324-3,Skam France,10
10,8413567,5449324,8413567-5449324-29,Skam France,10
9,8436142,5449324,8436142-5449324-28,Only Murders in the Building,1
10,8436143,5449324,8436143-5449324-3,Only Murders in the Building,1
1,8441562,5449324,8441562-5449324-29,Monsters at Work,1
4,8447798,5449324,8447798-5449324-28,Money Heist,3
5,8447799,5449324,8447799-5449324-3,Money Heist,3
8,8447802,5449324,8447802-5449324-3,Money Heist,3
9,8447803,5449324,8447803-5449324-3,Money Heist,3
10,8447804,5449324,8447804-5449324-3,Money Heist,3
2,8461346,5449324,8461346-5449324-3,Why Women Kill,2
3,8461347,5449324,8461347-5449324-3,Why Women Kill,2
5,8461349,5449324,8461349-5449324-3,Why Women Kill,2
1,8470728,5449324,8470728-5449324-3,American Horror Stories,1
6,8470760,5449324,8470760-5449324-3,Why Women Kill,2
7,8470761,5449324,8470761-5449324-3,Why Women Kill,2
8,8470762,5449324,8470762-5449324-3,Why Women Kill,2
9,8470763,5449324,8470763-5449324-3,Why Women Kill,2
10,8470764,5449324,8470764-5449324-3,Why Women Kill,2
5,8473795,5449324,8473795-5449324-3,American Horror Stories,1
6,8473796,5449324,8473796-5449324-27,American Horror Stories,1
7,8473797,5449324,8473797-5449324-28,American Horror Stories,1
8,8477356,5449324,8477356-5449324-3,Pose,3
8,8485077,5449324,8485077-5449324-3,The Wakos,6
1,8507456,5449324,8507456-5449324-3,Sex Education,3
2,8507458,5449324,8507458-5449324-3,Sex Education,3
3,8507460,5449324,8507460-5449324-3,Sex Education,3
1,8508272,5449324,8508272-5449324-3,DROP (2021),1
2,8525759,5449324,8525759-5449324-29,DROP (2021),1
1,8569529,5449324,8569529-5449324-3,AlRawabi School for Girls,1
3,8573353,5449324,8573353-5449324-3,American Horror Story,10
5,8573355,5449324,8573355-5449324-3,American Horror Story,10
6,8573356,5449324,8573356-5449324-29,American Horror Story,10
7,8573357,5449324,8573357-5449324-27,American Horror Story,10
8,8573358,5449324,8573358-5449324-28,American Horror Story,10
9,8573359,5449324,8573359-5449324-29,American Horror Story,10
1,8577610,5449324,8577610-5449324-29,Open Your Eyes,1
2,8592621,5449324,8592621-5449324-29,AlRawabi School for Girls,1
3,8592622,5449324,8592622-5449324-3,AlRawabi School for Girls,1
5,8592624,5449324,8592624-5449324-3,AlRawabi School for Girls,1
6,8592625,5449324,8592625-5449324-3,AlRawabi School for Girls,1
2,8596244,5449324,8596244-5449324-29,Open Your Eyes,1
3,8596245,5449324,8596245-5449324-29,Open Your Eyes,1
4,8596246,5449324,8596246-5449324-28,Open Your Eyes,1
5,8596248,5449324,8596248-5449324-28,Open Your Eyes,1
6,8596250,5449324,8596250-5449324-29,Open Your Eyes,1
8,8604552,5449324,8604552-5449324-3,DROP (2021),1
2,8640473,5449324,8640473-5449324-27,Squid Game,1
8,8640479,5449324,8640479-5449324-3,Squid Game,1
1,8643168,5449324,8643168-5449324-3,You,3
3,8643169,5449324,8643169-5449324-3,You,3
2,8643170,5449324,8643170-5449324-3,You,3
4,8644085,5449324,8644085-5449324-29,You,3
5,8644086,5449324,8644086-5449324-29,You,3
8,8644089,5449324,8644089-5449324-3,You,3
6,8660069,5449324,8660069-5449324-3,Family Business (2019),3
2,8674596,5449324,8674596-5449324-3,One of Us Is Lying,1
9,8682415,5449324,8682415-5449324-3,Squid Game,1
1,8733802,5449324,8733802-5449324-3,Big Mouth,5
9,8758759,5449324,8758759-5449324-28,Big Mouth,5
10,8758762,5449324,8758762-5449324-29,Big Mouth,5
1,8763139,5449324,8763139-5449324-3,Tear Along the Dotted Line,1
2,8800992,5449324,8800992-5449324-27,Dr. Brain,1
1,8808695,5449324,8808695-5449324-29,Skam France,9
7,8833021,5449324,8833021-5449324-3,Love Never Lies,1
1,8841435,5449324,8841435-5449324-29,Fraggle Rock: Back to the Rock,1
2,8842208,5449324,8842208-5449324-3,Christmas Flow,1
3,8842218,5449324,8842218-5449324-3,Christmas Flow,1
4,8844363,5449324,8844363-5449324-3,The Afterparty,1
5,8844364,5449324,8844364-5449324-28,The Afterparty,1
8,8844367,5449324,8844367-5449324-3,The Afterparty,1
1,8852677,5449324,8852677-5449324-3,Euphoria (US),2
4,8852782,5449324,8852782-5449324-3,Euphoria (US),2
5,8852801,5449324,8852801-5449324-3,Euphoria (US),2
6,8852806,5449324,8852806-5449324-29,Euphoria (US),2
7,8852807,5449324,8852807-5449324-3,Euphoria (US),2
8,8852815,5449324,8852815-5449324-3,Euphoria (US),2
1,8854103,5449324,8854103-5449324-27,The Idol (2023),1
1,8873409,5449324,8873409-5449324-29,The Hook Up Plan,3
4,8912264,5449324,8912264-5449324-3,The Hook Up Plan,3
3,8913587,5449324,8913587-5449324-27,Skam France,9
4,8913588,5449324,8913588-5449324-28,Skam France,9
5,8913589,5449324,8913589-5449324-27,Skam France,9
7,8913591,5449324,8913591-5449324-29,Skam France,9
8,8913592,5449324,8913592-5449324-3,Skam France,9
10,8913594,5449324,8913594-5449324-27,Skam France,9
3,9022569,5449324,9022569-5449324-28,An Astrological Guide for Broken Hearts,2
4,9022570,5449324,9022570-5449324-27,An Astrological Guide for Broken Hearts,2
5,9022571,5449324,9022571-5449324-1,An Astrological Guide for Broken Hearts,2
6,9022572,5449324,9022572-5449324-27,An Astrological Guide for Broken Hearts,2
6,9037993,5449324,9037993-5449324-3,Drag Race France,1
7,9037994,5449324,9037994-5449324-3,Drag Race France,1
8,9037995,5449324,9037995-5449324-3,Drag Race France,1
1,9039228,5449324,9039228-5449324-29,Only Murders in the Building,2
7,9051420,5449324,9051420-5449324-27,Only Murders in the Building,2
10,9051423,5449324,9051423-5449324-29,Only Murders in the Building,2
1,9065218,5449324,9065218-5449324-3,Chair tendre,1
1,9071958,5449324,9071958-5449324-3,Bad Sisters,1
6,9107921,5449324,9107921-5449324-29,Loot,1
9,9107924,5449324,9107924-5449324-28,Loot,1
1,9115516,5449324,9115516-5449324-29,Rhythm + Flow France,1
1,9120874,5449324,9120874-5449324-28,Russian Doll,2
2,9120875,5449324,9120875-5449324-27,Russian Doll,2
3,9120876,5449324,9120876-5449324-3,Russian Doll,2
4,9120877,5449324,9120877-5449324-27,Russian Doll,2
5,9120878,5449324,9120878-5449324-3,Russian Doll,2
6,9120879,5449324,9120879-5449324-29,Russian Doll,2
7,9120880,5449324,9120880-5449324-28,Russian Doll,2
1,9142155,5449324,9142155-5449324-1,Insiders (2021),2
2,9142156,5449324,9142156-5449324-1,Insiders (2021),2
3,9142157,5449324,9142157-5449324-1,Insiders (2021),2
1,9142346,5449324,9142346-5449324-3,Trying,3
2,9149105,5449324,9149105-5449324-3,Maldivas,1
3,9149106,5449324,9149106-5449324-3,Maldivas,1
1,9149446,5449324,9149446-5449324-1,Uncoupled,1
2,9149447,5449324,9149447-5449324-1,Uncoupled,1
1,9164080,5449324,9164080-5449324-3,"Boo, Bitch",1
5,9168036,5449324,9168036-5449324-3,Endless Night,1
6,9168037,5449324,9168037-5449324-28,Endless Night,1
1,9168725,5449324,9168725-5449324-3,American Horror Stories,2
2,9168726,5449324,9168726-5449324-3,American Horror Stories,2
3,9168727,5449324,9168727-5449324-28,American Horror Stories,2
4,9168728,5449324,9168728-5449324-29,American Horror Stories,2
8,9171781,5449324,9171781-5449324-1,American Horror Stories,2
2,9172780,5449324,9172780-5449324-3,Trying,3
8,9172787,5449324,9172787-5449324-3,Trying,3
1,9178229,5449324,9178229-5449324-29,A Very Ordinary World,1
2,9178280,5449324,9178280-5449324-28,A Very Ordinary World,1
1,9185884,5449324,9185884-5449324-3,Queen (2022),1
3,9190865,5449324,9190865-5449324-29,A Very Ordinary World,1
4,9190866,5449324,9190866-5449324-3,A Very Ordinary World,1
5,9190867,5449324,9190867-5449324-28,A Very Ordinary World,1
1,9191758,5449324,9191758-5449324-3,Drag Race France,1
2,9191759,5449324,9191759-5449324-3,Drag Race France,1
4,9191761,5449324,9191761-5449324-3,Drag Race France,1
5,9191762,5449324,9191762-5449324-3,Drag Race France,1
6,9201127,5449324,9201127-5449324-29,A Very Ordinary World,1
7,9201128,5449324,9201128-5449324-29,A Very Ordinary World,1
8,9201129,5449324,9201129-5449324-3,A Very Ordinary World,1
7,9216458,5449324,9216458-5449324-29,Maldivas,1
2,9216950,5449324,9216950-5449324-3,Bad Sisters,1
2,9229044,5449324,9229044-5449324-3,Queen (2022),1
3,9229045,5449324,9229045-5449324-3,Queen (2022),1
4,9229046,5449324,9229046-5449324-3,Queen (2022),1
1,9290471,5449324,9290471-5449324-3,Off the Hook (2022),1
2,9331240,5449324,9331240-5449324-3,Off the Hook (2022),1
3,9331241,5449324,9331241-5449324-3,Off the Hook (2022),1
4,9331242,5449324,9331242-5449324-3,Off the Hook (2022),1
5,9331243,5449324,9331243-5449324-3,Off the Hook (2022),1
6,9331244,5449324,9331244-5449324-3,Off the Hook (2022),1
6,9469669,5449324,9469669-5449324-29,Too Hot to Handle,4
1,9567043,5449324,9567043-5449324-29,The Afterparty,2
2,9568011,5449324,9568011-5449324-29,The Afterparty,2
10,9640350,5449324,9640350-5449324-3,Skam France,11
8,9696129,5449324,9696129-5449324-27,The Big Door Prize,1
9,9696130,5449324,9696130-5449324-28,The Big Door Prize,1
10,9696131,5449324,9696131-5449324-28,The Big Door Prize,1
1,9757136,5449324,9757136-5449324-29,Black Mirror,6
1,9779150,5449324,9779150-5449324-3,Skam France,12
8,9779157,5449324,9779157-5449324-3,Skam France,12
9,9779158,5449324,9779158-5449324-29,Skam France,12
2,9785517,5449324,9785517-5449324-28,Black Mirror,6
3,9836764,5449324,9836764-5449324-29,Drag Race France,2
5,9836767,5449324,9836767-5449324-29,Drag Race France,2
8,9836770,5449324,9836770-5449324-3,Drag Race France,2
9,9932501,5449324,9932501-5449324-3,Drag Race France,2
1,10398314,5449324,10398314-5449324-29,Baby Reindeer,1
2,10410193,5449324,10410193-5449324-29,Baby Reindeer,1
3,10410194,5449324,10410194-5449324-29,Baby Reindeer,1
4,10410195,5449324,10410195-5449324-3,Baby Reindeer,1
1,10649169,5449324,10649169-5449324-3,Monster (2022),2
1,10927887,5449324,10927887-5449324-3,Boots,1
1,10933083,5449324,10933083-5449324-27,Chief of War,1
1,11006114,5449324,11006114-5449324-3,Adolescence,1
3,11006116,5449324,11006116-5449324-3,Adolescence,1
4,11006117,5449324,11006117-5449324-27,Adolescence,1
5,11022953,5449324,11022953-5449324-27,Black Mirror,7
1,11023062,5449324,11023062-5449324-3,Black Mirror,7
3,11023063,5449324,11023063-5449324-28,Black Mirror,7
4,11023064,5449324,11023064-5449324-3,Black Mirror,7
2,11023065,5449324,11023065-5449324-3,Black Mirror,7
6,11167781,5449324,11167781-5449324-27,Alice in Borderland (2020),3
