uuid,user_id,episode_id,vote_key,movie_name
93a46127-9124-4aaf-ab08-15d0d22541da,5449324,0,93a46127-9124-4aaf-ab08-15d0d22541da-5449324-29,Polisse
ea04668f-9b06-490a-84c0-bccfd7d309b9,5449324,0,ea04668f-9b06-490a-84c0-bccfd7d309b9-5449324-28,Qu'est-ce qu'on a encore fait au Bon Dieu?
3494a4a8-2ef6-4dff-a2e3-fe5194915f48,5449324,0,3494a4a8-2ef6-4dff-a2e3-fe5194915f48-5449324-29,The Boxtrolls
e8461e31-4507-4f99-8e8d-08b3ef7f99ae,5449324,0,e8461e31-4507-4f99-8e8d-08b3ef7f99ae-5449324-28,Willard
e33e6e56-b272-489a-822b-b12df66fa6d6,5449324,0,e33e6e56-b272-489a-822b-b12df66fa6d6-5449324-1,Paper Towns
4eaf55c8-c591-4189-a4eb-f5ff00d96b67,5449324,0,4eaf55c8-c591-4189-a4eb-f5ff00d96b67-5449324-1,Camping
78b828be-c6a0-486e-91aa-3abeb299c9de,5449324,0,78b828be-c6a0-486e-91aa-3abeb299c9de-5449324-28,The Princess Switch
f9967345-13e9-4173-bcac-d92340560200,5449324,0,f9967345-13e9-4173-bcac-d92340560200-5449324-28,The Immaculate Room
86dca86b-b9b9-460f-91cd-48d8513fd064,5449324,0,86dca86b-b9b9-460f-91cd-48d8513fd064-5449324-27,The Kissing Booth 2
deed5532-3ac6-4117-b75f-63363e89d4f5,5449324,0,deed5532-3ac6-4117-b75f-63363e89d4f5-5449324-3,Moana 2
ba4a2117-4040-4521-8d99-4a84ef889416,5449324,0,ba4a2117-4040-4521-8d99-4a84ef889416-5449324-29,Boîte noire
cac58867-7f86-4d91-9ba7-c7a83e8454bc,5449324,0,cac58867-7f86-4d91-9ba7-c7a83e8454bc-5449324-28,The Wrong Missy
0a5689cc-69fd-4f44-b164-723d323339f5,5449324,0,0a5689cc-69fd-4f44-b164-723d323339f5-5449324-3,Je ne me laisserai plus faire
dbca362c-0cd8-4007-a179-4e585e15cad3,5449324,0,dbca362c-0cd8-4007-a179-4e585e15cad3-5449324-1,The Secret Life of Pets 2
7b6dd478-bff0-40a0-be71-7919d472b086,5449324,0,7b6dd478-bff0-40a0-be71-7919d472b086-5449324-28,Twinless
7e40e2d1-8c8b-4e0c-ad4a-26eeeeb4d399,5449324,0,7e40e2d1-8c8b-4e0c-ad4a-26eeeeb4d399-5449324-1,J'irai où tu iras
99d8c03e-6d00-4b6f-8a2b-a2374c70a0dc,5449324,0,99d8c03e-6d00-4b6f-8a2b-a2374c70a0dc-5449324-28,It: Chapter Two
2e33fe62-b859-46ae-b72e-8e26d4ab37e1,5449324,0,2e33fe62-b859-46ae-b72e-8e26d4ab37e1-5449324-27,Dalloway
4ec6b7d4-e3f5-4c3a-8d36-51707ec20e45,5449324,0,4ec6b7d4-e3f5-4c3a-8d36-51707ec20e45-5449324-28,Sleeping Giant
a7118745-d41e-4732-822e-b6960281f054,5449324,0,a7118745-d41e-4732-822e-b6960281f054-5449324-28,Single All the Way
0747a355-1fb3-4e7c-ba6d-e59fc0bef45d,5449324,0,0747a355-1fb3-4e7c-ba6d-e59fc0bef45d-5449324-28,Nine Lives
e25be1c6-8dba-4f00-b4a6-9c80f8c7a78f,5449324,0,e25be1c6-8dba-4f00-b4a6-9c80f8c7a78f-5449324-29,The Lorax
b57870dc-6a63-4857-abc1-7fef47bf9807,5449324,0,b57870dc-6a63-4857-abc1-7fef47bf9807-5449324-27,Hammerharte Jungs
4ed6b9a3-8495-4f16-a167-d5c635d3e875,5449324,0,4ed6b9a3-8495-4f16-a167-d5c635d3e875-5449324-3,Délicieux
b83c2210-d70e-4e28-ba9e-6dc322cc5a8f,5449324,0,b83c2210-d70e-4e28-ba9e-6dc322cc5a8f-5449324-1,The Bob's Burgers Movie
dab4481d-2f0a-45c3-977b-425e8aab0755,5449324,0,dab4481d-2f0a-45c3-977b-425e8aab0755-5449324-3,부산행
3e2d78ae-61c3-4ac0-910b-ab6b6eed248b,5449324,0,3e2d78ae-61c3-4ac0-910b-ab6b6eed248b-5449324-27,Yves
c057a6fc-08f4-416d-af5c-d9ebd47b35de,5449324,0,c057a6fc-08f4-416d-af5c-d9ebd47b35de-5449324-3,102 Dalmatians
bd2f5e11-74bd-4bec-9911-3c489864c9dd,5449324,0,bd2f5e11-74bd-4bec-9911-3c489864c9dd-5449324-1,Return to Silent Hill
6a825659-ae92-4ff1-90e2-ec94535db626,5449324,0,6a825659-ae92-4ff1-90e2-ec94535db626-5449324-28,The Human Centipede (First Sequence)
0fd41136-916b-4944-9c12-d1a1c2b62bfa,5449324,0,0fd41136-916b-4944-9c12-d1a1c2b62bfa-5449324-29,The Fault in Our Stars
8190d4c0-6842-481f-8fde-e6614590ca0e,5449324,0,8190d4c0-6842-481f-8fde-e6614590ca0e-5449324-29,Rebelles
b8331869-3396-4662-97b0-c510b1e8bf88,5449324,0,b8331869-3396-4662-97b0-c510b1e8bf88-5449324-29,Sex Tape
2fb55c2e-cf9e-46dc-a4c0-88c15f0883f6,5449324,0,2fb55c2e-cf9e-46dc-a4c0-88c15f0883f6-5449324-27,Tamara Vol.2
f79c8c83-bc25-40b6-97b9-26d8a348075f,5449324,0,f79c8c83-bc25-40b6-97b9-26d8a348075f-5449324-29,Rattrapage
0a5bd790-585b-442b-82b8-936beefb5c01,5449324,0,0a5bd790-585b-442b-82b8-936beefb5c01-5449324-28,Journey 2: The Mysterious Island
80f39e8e-1092-4544-9af5-a686ea3543b1,5449324,0,80f39e8e-1092-4544-9af5-a686ea3543b1-5449324-29,Mijn beste vriendin Anne Frank
fc8db25b-26a3-410d-bf12-4baa34165daa,5449324,0,fc8db25b-26a3-410d-bf12-4baa34165daa-5449324-3,Le Bal des folles
53830aef-1d63-42d1-a0f9-4c7c9ab3beff,5449324,0,53830aef-1d63-42d1-a0f9-4c7c9ab3beff-5449324-3,Suck Me Shakespeer 2
52407b42-e89c-47eb-ac1d-7f9aaa34a0d0,5449324,0,52407b42-e89c-47eb-ac1d-7f9aaa34a0d0-5449324-29,Les Gazelles
b167ac6e-ff40-447e-9e45-b035136e2a75,5449324,0,b167ac6e-ff40-447e-9e45-b035136e2a75-5449324-3,Jack et la mécanique du cœur
17d5b9e7-f2b1-44d8-af63-911d40eb4d84,5449324,0,17d5b9e7-f2b1-44d8-af63-911d40eb4d84-5449324-3,Giant Little Ones
4d28d160-c5eb-489d-9eb2-b9fc6584b48d,5449324,0,4d28d160-c5eb-489d-9eb2-b9fc6584b48d-5449324-27,Center of My World
29ad91fa-745e-43c0-9c53-f6bf260634f9,5449324,0,29ad91fa-745e-43c0-9c53-f6bf260634f9-5449324-27,The Babysitter: Killer Queen
2321bf1c-f30d-47df-ae38-518e4857c4fc,5449324,0,2321bf1c-f30d-47df-ae38-518e4857c4fc-5449324-29,Diary of a Wimpy Kid
3a310a6e-adab-4029-8506-8cb193101ef9,5449324,0,3a310a6e-adab-4029-8506-8cb193101ef9-5449324-29,The Ant Bully
be68ba23-883e-408a-b3c8-da7a8100dcc1,5449324,0,be68ba23-883e-408a-b3c8-da7a8100dcc1-5449324-3,Sous le tapis
7cb13f6a-f47e-487e-8901-d8c1d161a429,5449324,0,7cb13f6a-f47e-487e-8901-d8c1d161a429-5449324-3,Father Christmas is Back
6a0ef7a1-4e32-435e-ba6a-f469896b6720,5449324,0,6a0ef7a1-4e32-435e-ba6a-f469896b6720-5449324-29,Hustlers
b63063dc-41a3-4d0c-b53e-e220e647dbed,5449324,0,b63063dc-41a3-4d0c-b53e-e220e647dbed-5449324-3,Babysitting
de398a3d-5f4d-4121-85a8-047242dd846e,5449324,0,de398a3d-5f4d-4121-85a8-047242dd846e-5449324-29,Spider-Man
b5a09fd3-2558-4e3c-bb63-f33348beb1b5,5449324,0,b5a09fd3-2558-4e3c-bb63-f33348beb1b5-5449324-3,Jonas
0247115f-7654-4e6d-a108-23fd55bf6232,5449324,0,0247115f-7654-4e6d-a108-23fd55bf6232-5449324-3,Barbie
f03c0741-9802-4d66-940b-be080d2e9289,5449324,0,f03c0741-9802-4d66-940b-be080d2e9289-5449324-27,The F**k-It List
bfb48a96-b065-434a-82fb-973098e0e06e,5449324,0,bfb48a96-b065-434a-82fb-973098e0e06e-5449324-28,Schwarze Insel
d3b68b6e-9812-4b30-889e-818973a92b65,5449324,0,d3b68b6e-9812-4b30-889e-818973a92b65-5449324-29,"Like Mother, Like Daughter"
470d9368-01e3-40be-ac62-161e380722bc,5449324,0,470d9368-01e3-40be-ac62-161e380722bc-5449324-29,Cobweb
66099a79-a842-4973-94cc-93690f22fdde,5449324,0,66099a79-a842-4973-94cc-93690f22fdde-5449324-3,Le Fabuleux destin d'Amélie Poulain
9d9b0545-546e-46bf-b99a-d060fbac8c47,5449324,0,9d9b0545-546e-46bf-b99a-d060fbac8c47-5449324-28,Doux Jésus
58d170b6-d025-43e0-8005-e7b996d20374,5449324,0,58d170b6-d025-43e0-8005-e7b996d20374-5449324-3,Tomboy
9639167d-e53e-4a6e-9ec2-61628bc65858,5449324,0,9639167d-e53e-4a6e-9ec2-61628bc65858-5449324-29,Turning Red
ede431a8-5a66-4aa8-8b5e-2af107bec51a,5449324,0,ede431a8-5a66-4aa8-8b5e-2af107bec51a-5449324-28,Good on Paper
de9a4ea3-4d5f-4a4e-a67c-d5c35de4318b,5449324,0,de9a4ea3-4d5f-4a4e-a67c-d5c35de4318b-5449324-29,Mon bébé
550fe887-c937-4190-bcf1-40b67f4ba7b7,5449324,0,550fe887-c937-4190-bcf1-40b67f4ba7b7-5449324-3,The Lost City
affadafa-6cca-421d-a2f1-6e2c957c2682,5449324,0,affadafa-6cca-421d-a2f1-6e2c957c2682-5449324-3,Rain Man
461ac707-ded8-45b6-b22d-8aaec8a94c7a,5449324,0,461ac707-ded8-45b6-b22d-8aaec8a94c7a-5449324-29,Wizards of Waverly Place: The Movie
b8f4e857-7b12-4a5e-9a87-994393fa4d70,5449324,0,b8f4e857-7b12-4a5e-9a87-994393fa4d70-5449324-1,Hotel Transylvania 2
ff5a4724-c6d9-4bd2-b3a1-791314b0611b,5449324,0,ff5a4724-c6d9-4bd2-b3a1-791314b0611b-5449324-3,Pinocchio
79a6179f-b03a-432d-b615-44e6f0ef0078,5449324,0,79a6179f-b03a-432d-b615-44e6f0ef0078-5449324-3,TOC TOC
78a8bbfe-2ed8-4c2e-890e-e4d2d87716c5,5449324,0,78a8bbfe-2ed8-4c2e-890e-e4d2d87716c5-5449324-27,To All the Boys: Always and Forever
70286776-53ca-4923-8fd8-f513e57c52be,5449324,0,70286776-53ca-4923-8fd8-f513e57c52be-5449324-27,"Red, White & Royal Blue"
a4013684-6ff8-4fbe-9630-db7aa36ac3a6,5449324,0,a4013684-6ff8-4fbe-9630-db7aa36ac3a6-5449324-29,The Boss Baby
af93bb8e-c75d-4a5a-99a2-e2b76bb17dd1,5449324,0,af93bb8e-c75d-4a5a-99a2-e2b76bb17dd1-5449324-29,Hurricane Bianca
d7bde771-1e37-4d9c-aada-886d8fa3661a,5449324,0,d7bde771-1e37-4d9c-aada-886d8fa3661a-5449324-3,Kangaroo Jack
5979c5aa-5944-445d-8cc3-c869e93cc1b5,5449324,0,5979c5aa-5944-445d-8cc3-c869e93cc1b5-5449324-3,Maleficent: Mistress of Evil
05fe89b8-d5c8-4439-b7f2-289269f5bedc,5449324,0,05fe89b8-d5c8-4439-b7f2-289269f5bedc-5449324-1,The Perfection
1581100d-f83c-4a41-94dd-2fd4938c3745,5449324,0,1581100d-f83c-4a41-94dd-2fd4938c3745-5449324-3,Thelma & Louise
a97a8227-5973-4c37-a516-be082eb7fbdb,5449324,0,a97a8227-5973-4c37-a516-be082eb7fbdb-5449324-29,火垂るの墓
d9aff53e-d802-4661-9c5a-ddb1c2a5cb97,5449324,0,d9aff53e-d802-4661-9c5a-ddb1c2a5cb97-5449324-3,Tangled
115fb902-092a-4e6a-a673-c9698eeaec0f,5449324,0,115fb902-092a-4e6a-a673-c9698eeaec0f-5449324-29,Brother Bear
d2c58ab6-cbcf-470b-a18e-2c9a0667443b,5449324,0,d2c58ab6-cbcf-470b-a18e-2c9a0667443b-5449324-3,Sister Act 2: Back in the Habit
0b9ef329-2097-49ab-acfb-9c4fad298daa,5449324,0,0b9ef329-2097-49ab-acfb-9c4fad298daa-5449324-28,Balto
db60b5fc-577f-4c29-85ea-e6397a46f735,5449324,0,db60b5fc-577f-4c29-85ea-e6397a46f735-5449324-29,Épouse-moi mon pote
4dc99da3-cdd6-42ff-a9c5-6ebd7743ae07,5449324,0,4dc99da3-cdd6-42ff-a9c5-6ebd7743ae07-5449324-29,Truth or Dare
00933248-92a9-47df-b5a8-5f95852ad76a,5449324,0,00933248-92a9-47df-b5a8-5f95852ad76a-5449324-3,Wolfwalkers
0d2daa5b-c47d-44db-a749-6fe28c0cb701,5449324,0,0d2daa5b-c47d-44db-a749-6fe28c0cb701-5449324-28,"Oh, Ramona!"
2a87f153-781b-47fc-bad7-2dc7f97d89c6,5449324,0,2a87f153-781b-47fc-bad7-2dc7f97d89c6-5449324-1,The Zone of Interest
abaef441-2076-4a87-b1ce-84522488ce81,5449324,0,abaef441-2076-4a87-b1ce-84522488ce81-5449324-29,"Tanguy, le retour"
54ff3097-c200-40e9-9e26-9fdb016461e8,5449324,0,54ff3097-c200-40e9-9e26-9fdb016461e8-5449324-3,Inside the Mind of a Cat
35d392d8-8616-4be4-a2cd-4122781a4090,5449324,0,35d392d8-8616-4be4-a2cd-4122781a4090-5449324-29,Finding Nemo
877d5e4d-30db-47f9-85e8-c3d9b975f33c,5449324,0,877d5e4d-30db-47f9-85e8-c3d9b975f33c-5449324-29,Arthur 3 : La Guerre des deux mondes
4266e1ec-4e7e-40dd-b863-512354f91a40,5449324,0,4266e1ec-4e7e-40dd-b863-512354f91a40-5449324-29,A mon seul désir
2441a861-c846-4a3c-b365-32f720426143,5449324,0,2441a861-c846-4a3c-b365-32f720426143-5449324-29,Alien
bb52ce42-a7e5-482c-8127-8a53283965ac,5449324,0,bb52ce42-a7e5-482c-8127-8a53283965ac-5449324-29,Inside Out 2
61032b7c-920a-441f-84a7-d4e31569341c,5449324,0,61032b7c-920a-441f-84a7-d4e31569341c-5449324-27,Baisers volés
d2848284-c359-4255-8a6c-dcb804ac701f,5449324,0,d2848284-c359-4255-8a6c-dcb804ac701f-5449324-3,Nos jours heureux
7ff969cc-3783-4a42-bbbc-2c317de1ee17,5449324,0,7ff969cc-3783-4a42-bbbc-2c317de1ee17-5449324-1,Bros
ea2310c3-8f2c-464f-b0b8-d52b15091a61,5449324,0,ea2310c3-8f2c-464f-b0b8-d52b15091a61-5449324-1,Die My Love
d282c1fb-cf02-42c1-8248-017fe5ad001a,5449324,0,d282c1fb-cf02-42c1-8248-017fe5ad001a-5449324-3,Chouchou
b47cb2a3-4dcf-40bd-964d-98f5f1f70553,5449324,0,b47cb2a3-4dcf-40bd-964d-98f5f1f70553-5449324-28,Ducobu 3
46bc35de-debc-425f-952c-d505241dcfa9,5449324,0,46bc35de-debc-425f-952c-d505241dcfa9-5449324-3,Vilaine
8a142746-1fad-4c07-91c1-4cf970940c33,5449324,0,8a142746-1fad-4c07-91c1-4cf970940c33-5449324-27,Bird Box
14eb9a75-6e19-428c-95f9-3f17ec7efbae,5449324,0,14eb9a75-6e19-428c-95f9-3f17ec7efbae-5449324-1,Mon Ket
cb9cab1f-c768-43c8-8f5e-fa8aeea9e4d8,5449324,0,cb9cab1f-c768-43c8-8f5e-fa8aeea9e4d8-5449324-3,Antoinette dans les Cévennes
2355f5a2-058e-468c-931d-1da1849e83c3,5449324,0,2355f5a2-058e-468c-931d-1da1849e83c3-5449324-29,Vivarium
be0ebb27-e226-497c-b2b3-716f80bb1bbd,5449324,0,be0ebb27-e226-497c-b2b3-716f80bb1bbd-5449324-3,Le Grand bleu
898a5cae-f49a-4bf1-9479-b092d6922613,5449324,0,898a5cae-f49a-4bf1-9479-b092d6922613-5449324-3,House of Gucci
39bdc626-7d81-420e-b699-f56038a83528,5449324,0,39bdc626-7d81-420e-b699-f56038a83528-5449324-29,アーヤと魔女
3bc5166e-0b1a-4322-94f8-ee71639654ce,5449324,0,3bc5166e-0b1a-4322-94f8-ee71639654ce-5449324-28,Big Hero 6
45836f29-afa4-4ea8-b9d7-d9b58361e5fa,5449324,0,45836f29-afa4-4ea8-b9d7-d9b58361e5fa-5449324-27,Pokémon The Movie: Mewtwo Strikes Back Evolution
c5278a9a-77c8-483f-9806-93559e3902e7,5449324,0,c5278a9a-77c8-483f-9806-93559e3902e7-5449324-3,Knives Out
f45c70ab-45ef-4938-8ec1-883a5e8b6fda,5449324,0,f45c70ab-45ef-4938-8ec1-883a5e8b6fda-5449324-3,Lucy
e9125678-68eb-4f9b-a16f-67ad7372e4da,5449324,0,e9125678-68eb-4f9b-a16f-67ad7372e4da-5449324-3,Freaky Friday
1f07f453-950f-450f-a28c-831d34211bf3,5449324,0,1f07f453-950f-450f-a28c-831d34211bf3-5449324-27,Mes jours de gloire
488b1c2a-9ace-42e7-a987-6c43d20d6af1,5449324,0,488b1c2a-9ace-42e7-a987-6c43d20d6af1-5449324-27,Call Me by Your Name
5e3a85ab-12d5-4af3-8fd0-eeb5c0163d6c,5449324,0,5e3a85ab-12d5-4af3-8fd0-eeb5c0163d6c-5449324-1,Challengers
6aab24a7-accb-482f-8f6d-a26f397a4d06,5449324,0,6aab24a7-accb-482f-8f6d-a26f397a4d06-5449324-29,"OSS 117 : Le Caire, nid d'espions"
2abf2f54-e227-4594-b810-8554954d8997,5449324,0,2abf2f54-e227-4594-b810-8554954d8997-5449324-3,Animal Crossing: The Movie
d8486500-b047-427e-b9ab-4504fcb9ded6,5449324,0,d8486500-b047-427e-b9ab-4504fcb9ded6-5449324-28,The Hustle
8de97903-79f4-4fc1-ad40-06667e07e02d,5449324,0,8de97903-79f4-4fc1-ad40-06667e07e02d-5449324-3,Le Jeu
f60847ad-af62-4f51-ad2b-61a7e0adf150,5449324,0,f60847ad-af62-4f51-ad2b-61a7e0adf150-5449324-3,Slumdog Millionaire
1f83e198-00b3-4922-8278-12e63ebe18b8,5449324,0,1f83e198-00b3-4922-8278-12e63ebe18b8-5449324-3,The Golden Dream
8ef12c09-c030-4ccf-ba3e-ed313393a427,5449324,0,8ef12c09-c030-4ccf-ba3e-ed313393a427-5449324-28,Dune: Part One
e1e7296c-c66c-4730-939c-930d412337fd,5449324,0,e1e7296c-c66c-4730-939c-930d412337fd-5449324-3,Suck Me Shakespeer
6654e835-58ac-4258-95af-cfc2919a1c77,5449324,0,6654e835-58ac-4258-95af-cfc2919a1c77-5449324-28,Isi & Ossi
bf7daace-2044-45fb-9c1d-f4a15925afb5,5449324,0,bf7daace-2044-45fb-9c1d-f4a15925afb5-5449324-29,Ce qui nous lie
43a49c9f-9bc5-4e18-98b5-a93b8dca2d3f,5449324,0,43a49c9f-9bc5-4e18-98b5-a93b8dca2d3f-5449324-3,Don't Look Up
72cd1fd5-d488-4cbb-9525-72f5c65c318e,5449324,0,72cd1fd5-d488-4cbb-9525-72f5c65c318e-5449324-1,Le Livre des solutions
3021688b-e37a-4862-87e0-4f7085570548,5449324,0,3021688b-e37a-4862-87e0-4f7085570548-5449324-27,Middle School: The Worst Years of My Life
33cf67a7-6d4e-44c8-8424-0e90c73137d0,5449324,0,33cf67a7-6d4e-44c8-8424-0e90c73137d0-5449324-29,White Chicks
67215e3d-5090-458b-8180-02216fd6135c,5449324,0,67215e3d-5090-458b-8180-02216fd6135c-5449324-29,Klaus
2b15fbb0-1f38-466b-83e6-1b4b4c12a673,5449324,0,2b15fbb0-1f38-466b-83e6-1b4b4c12a673-5449324-28,(500) Days of Summer
b5f02b28-1299-46c5-9a23-0e31cc248aad,5449324,0,b5f02b28-1299-46c5-9a23-0e31cc248aad-5449324-3,Shéhérazade
97ddba3e-a62e-43c8-8017-7a0fc234484c,5449324,0,97ddba3e-a62e-43c8-8017-7a0fc234484c-5449324-3,Eli
188ecc18-840b-4a62-977d-526b12989f80,5449324,0,188ecc18-840b-4a62-977d-526b12989f80-5449324-3,Astérix et Obélix : Mission Cléopâtre
6dd7e4a0-efd8-4bbd-8d64-65792fe42b17,5449324,0,6dd7e4a0-efd8-4bbd-8d64-65792fe42b17-5449324-3,Avril et le monde truqué
9f1301bc-0cb5-4bdc-99ef-d1c3fe0a8163,5449324,0,9f1301bc-0cb5-4bdc-99ef-d1c3fe0a8163-5449324-1,Le Gendre de ma vie
9e5e9ef7-8976-4b8c-8cda-8d4aad85b20a,5449324,0,9e5e9ef7-8976-4b8c-8cda-8d4aad85b20a-5449324-29,Mulan
f4cb2f2a-5f80-473c-958e-1cab2e6d8acf,5449324,0,f4cb2f2a-5f80-473c-958e-1cab2e6d8acf-5449324-29,Old
a2f4f40e-e26c-4dbd-9bc3-1061df15f7f7,5449324,0,a2f4f40e-e26c-4dbd-9bc3-1061df15f7f7-5449324-28,Sausage Party
454b0b7a-6689-4e8b-ab59-1bba0974e2aa,5449324,0,454b0b7a-6689-4e8b-ab59-1bba0974e2aa-5449324-29,Arthur and the Revenge of Maltazard
eed61fb2-35ed-4b40-84c4-c31f400c7830,5449324,0,eed61fb2-35ed-4b40-84c4-c31f400c7830-5449324-3,La Nuée
4aa15a93-36b7-4782-bd09-4e5fd71716d1,5449324,0,4aa15a93-36b7-4782-bd09-4e5fd71716d1-5449324-3,Lilo & Stitch
4f678ba1-e68b-418a-94d0-4fec5bf283be,5449324,0,4f678ba1-e68b-418a-94d0-4fec5bf283be-5449324-3,Invisibles
a2cf0ae2-dbef-4506-b001-1b9e5261ec20,5449324,0,a2cf0ae2-dbef-4506-b001-1b9e5261ec20-5449324-29,La Petite dernière
d4238f49-a485-410d-829d-6c3d905efd76,5449324,0,d4238f49-a485-410d-829d-6c3d905efd76-5449324-29,Tall Girl
e39793d0-e679-491a-95f1-2c18569bbb1b,5449324,0,e39793d0-e679-491a-95f1-2c18569bbb1b-5449324-3,Insidious
a3683448-9d51-4063-bf34-923af9116dcc,5449324,0,a3683448-9d51-4063-bf34-923af9116dcc-5449324-3,Super bourrés
d64fc554-6527-4887-82c1-f1e0d5bce8f7,5449324,0,d64fc554-6527-4887-82c1-f1e0d5bce8f7-5449324-28,Papi-Sitter
dc7f59f1-4ba3-4fe8-8bfc-3aaf8142a91e,5449324,0,dc7f59f1-4ba3-4fe8-8bfc-3aaf8142a91e-5449324-28,Mommy
2abef5e4-9445-45bb-a0df-7a518ba6d098,5449324,0,2abef5e4-9445-45bb-a0df-7a518ba6d098-5449324-28,Tinker Bell and the Legend of the NeverBeast
996f229b-8e8e-4891-af43-e75e744e30fc,5449324,0,996f229b-8e8e-4891-af43-e75e744e30fc-5449324-3,The Last House on the Left
f9db2943-03f0-4d3b-9d55-173b09f56623,5449324,0,f9db2943-03f0-4d3b-9d55-173b09f56623-5449324-3,Ghost
073a4a0b-a70f-4550-90b3-f25f746c7ad6,5449324,0,073a4a0b-a70f-4550-90b3-f25f746c7ad6-5449324-29,The Shining
095373b1-05de-4e01-bd00-9c69494ac33d,5449324,0,095373b1-05de-4e01-bd00-9c69494ac33d-5449324-27,Une fille facile
da24691e-1338-415d-80a1-6009955e8182,5449324,0,da24691e-1338-415d-80a1-6009955e8182-5449324-29,The Princess and the Frog
ce42e7dc-9b1b-47da-9d3c-00d0461f53e2,5449324,0,ce42e7dc-9b1b-47da-9d3c-00d0461f53e2-5449324-28,Pourquoi j'ai pas mangé mon père
0c7c7acc-d9c2-41b2-a855-42cf8c91a9e9,5449324,0,0c7c7acc-d9c2-41b2-a855-42cf8c91a9e9-5449324-29,Harry Potter and the Half-Blood Prince
8ed79c61-2216-477a-a52e-871d7895ca2b,5449324,0,8ed79c61-2216-477a-a52e-871d7895ca2b-5449324-3,Avatar: The Way of Water
efab8114-b48c-4b3f-9843-fd824bc521e4,5449324,0,efab8114-b48c-4b3f-9843-fd824bc521e4-5449324-3,Hoje Eu Quero Voltar Sozinho
ddcc2416-e5f3-45fe-991a-f2b2d0cafc55,5449324,0,ddcc2416-e5f3-45fe-991a-f2b2d0cafc55-5449324-3,Classe moyenne
302e36c6-30d0-4311-8518-0fd476e215b5,5449324,0,302e36c6-30d0-4311-8518-0fd476e215b5-5449324-27,The Boogeyman
e2744e19-70ca-42ea-af12-06ffc8dbb870,5449324,0,e2744e19-70ca-42ea-af12-06ffc8dbb870-5449324-29,La Lutte des classes
5344ea1b-3b2d-4939-bab9-bacc7432f00b,5449324,0,5344ea1b-3b2d-4939-bab9-bacc7432f00b-5449324-28,Tall Girl 2
c19b6c27-7138-453e-ad6f-2393829a0e0a,5449324,0,c19b6c27-7138-453e-ad6f-2393829a0e0a-5449324-3,Une sirène à Paris
3ecbc558-fcc3-478e-87d0-c1ce052c1adb,5449324,0,3ecbc558-fcc3-478e-87d0-c1ce052c1adb-5449324-29,The Emperor's New Groove
a18de3cb-e198-40e1-ab88-cdb05a4b5d86,5449324,0,a18de3cb-e198-40e1-ab88-cdb05a4b5d86-5449324-29,After We Collided
f3891ac0-08b5-45ee-a64d-63d4fe845f64,5449324,0,f3891ac0-08b5-45ee-a64d-63d4fe845f64-5449324-28,8 Rue de l'Humanité
761f24bb-8f66-41ae-8ade-62cfc27ad34f,5449324,0,761f24bb-8f66-41ae-8ade-62cfc27ad34f-5449324-3,Sex Appeal
160ed8e8-2949-4eeb-adea-b7e01813e6b4,5449324,0,160ed8e8-2949-4eeb-adea-b7e01813e6b4-5449324-29,Ralph Breaks the Internet
631d409b-f404-4d97-8abe-96fd6a8f6548,5449324,0,631d409b-f404-4d97-8abe-96fd6a8f6548-5449324-1,The Empty Man
bc449b26-a786-4a16-9562-164ff24a26c1,5449324,0,bc449b26-a786-4a16-9562-164ff24a26c1-5449324-29,The Kid
2cc5479d-97f5-451e-9d87-f0eb5d0385cb,5449324,0,2cc5479d-97f5-451e-9d87-f0eb5d0385cb-5449324-29,Grave
43b2b5ac-a5e1-45da-8665-d66593b05ea6,5449324,0,43b2b5ac-a5e1-45da-8665-d66593b05ea6-5449324-3,Sister Act
e1ae9a89-1954-4c61-a108-20b52b0a97ae,5449324,0,e1ae9a89-1954-4c61-a108-20b52b0a97ae-5449324-29,M3GAN
8057d93e-9f39-450a-96b6-461b1b14e652,5449324,0,8057d93e-9f39-450a-96b6-461b1b14e652-5449324-3,La vita è bella
7c6dcdf6-9e80-4b1c-a421-3fabe6fb873c,5449324,0,7c6dcdf6-9e80-4b1c-a421-3fabe6fb873c-5449324-28,Tarzan II
50baf4cd-ce53-4aa2-a111-2a0ab90b635b,5449324,0,50baf4cd-ce53-4aa2-a111-2a0ab90b635b-5449324-3,Le Brio
932511c4-2e29-4398-ac60-b6c446acf46b,5449324,0,932511c4-2e29-4398-ac60-b6c446acf46b-5449324-3,Saltburn
f2dfb9f4-3087-4e62-87d4-3eae4d466e78,5449324,0,f2dfb9f4-3087-4e62-87d4-3eae4d466e78-5449324-29,Les Liaisons dangereuses
d17d66e9-18ef-4728-828a-cd064bc51111,5449324,0,d17d66e9-18ef-4728-828a-cd064bc51111-5449324-29,Matrimillas
e5c578d0-d2c5-4f69-b45a-65198841c8ab,5449324,0,e5c578d0-d2c5-4f69-b45a-65198841c8ab-5449324-3,No Time to Die
d34836c0-d2cb-433e-9056-b0126e4e85cc,5449324,0,d34836c0-d2cb-433e-9056-b0126e4e85cc-5449324-3,La Famille Bélier
1f10152a-36dd-4813-b896-dd3edd34f687,5449324,0,1f10152a-36dd-4813-b896-dd3edd34f687-5449324-3,"Connasse, Princesse des cœurs"
018caed3-b0f6-4342-a4e4-500a28fe3fad,5449324,0,018caed3-b0f6-4342-a4e4-500a28fe3fad-5449324-29,Encanto
c03e189a-ab05-4b3b-8e85-28bb6001bd11,5449324,0,c03e189a-ab05-4b3b-8e85-28bb6001bd11-5449324-27,Smurfs
297355ac-8fa1-4801-b9c7-bd1e89acd242,5449324,0,297355ac-8fa1-4801-b9c7-bd1e89acd242-5449324-3,Bridge to Terabithia
f3b17af3-7362-42bf-abf2-def25e26162d,5449324,0,f3b17af3-7362-42bf-abf2-def25e26162d-5449324-27,The Tall Man
23056092-be01-4f64-a3e9-b75308d4a1bc,5449324,0,23056092-be01-4f64-a3e9-b75308d4a1bc-5449324-28,Glass
6dfd72b6-2a39-4f34-bf1d-75326a084eee,5449324,0,6dfd72b6-2a39-4f34-bf1d-75326a084eee-5449324-29,Sierra Burgess Is a Loser
451497a1-3596-4cec-8fe1-ce457ec98946,5449324,0,451497a1-3596-4cec-8fe1-ce457ec98946-5449324-28,To All the Boys I've Loved Before
2f666ff0-5151-484e-a6a5-799c59ffdcc7,5449324,0,2f666ff0-5151-484e-a6a5-799c59ffdcc7-5449324-27,Annabelle
3ea69519-d3c8-4c21-9ddd-356da22583f0,5449324,0,3ea69519-d3c8-4c21-9ddd-356da22583f0-5449324-28,Spectre
4c7162d9-9154-4187-b792-66fe8826ade9,5449324,0,4c7162d9-9154-4187-b792-66fe8826ade9-5449324-29,Sul più bello
c0e55d85-afd4-4d6b-ac30-d2a95db3bf4d,5449324,0,c0e55d85-afd4-4d6b-ac30-d2a95db3bf4d-5449324-3,Neuilly sa mère !
a0831e7e-ed0d-459e-89ae-f72b389470b5,5449324,0,a0831e7e-ed0d-459e-89ae-f72b389470b5-5449324-29,Moana
69eac434-2b1f-48af-ab17-f4d89e0e254d,5449324,0,69eac434-2b1f-48af-ab17-f4d89e0e254d-5449324-27,Her
ff40e52b-dfbb-4548-ad4f-5e75ea10cc9a,5449324,0,ff40e52b-dfbb-4548-ad4f-5e75ea10cc9a-5449324-3,Paloma
0e6b1ad8-08da-490f-8b21-dcf7bf74112e,5449324,0,0e6b1ad8-08da-490f-8b21-dcf7bf74112e-5449324-27,Blockers
75ced044-812e-446f-8f4b-429983245546,5449324,0,75ced044-812e-446f-8f4b-429983245546-5449324-3,MouseHunt
e529afe0-dab0-4c33-816b-8c69c0f35ffe,5449324,0,e529afe0-dab0-4c33-816b-8c69c0f35ffe-5449324-27,Beetlejuice Beetlejuice
b11899fc-4429-49cd-8859-1225f07aab25,5449324,0,b11899fc-4429-49cd-8859-1225f07aab25-5449324-29,Fair Haven
d348f0c0-4f92-4c20-8887-90daa3b09d5c,5449324,0,d348f0c0-4f92-4c20-8887-90daa3b09d5c-5449324-29,The Silence of the Lambs
3399b307-eb8c-4f55-a47b-2c87c429542e,5449324,0,3399b307-eb8c-4f55-a47b-2c87c429542e-5449324-29,Fantastic Beasts and Where to Find Them
91e579c9-7b9f-49a2-b63b-1e165f79d50b,5449324,0,91e579c9-7b9f-49a2-b63b-1e165f79d50b-5449324-3,Soul
72686a4d-8c66-4bd3-9dae-0de88ab9a6ad,5449324,0,72686a4d-8c66-4bd3-9dae-0de88ab9a6ad-5449324-3,Le mystère Henri Pick
8af9aa5c-9719-4630-8fe9-32eba55e0f91,5449324,0,8af9aa5c-9719-4630-8fe9-32eba55e0f91-5449324-3,Les Tuche
be49747e-0faf-44dd-9531-3cbdc872f38d,5449324,0,be49747e-0faf-44dd-9531-3cbdc872f38d-5449324-29,Alibi.com
64443402-841b-404e-909e-19baa37e1778,5449324,0,64443402-841b-404e-909e-19baa37e1778-5449324-3,L’origine du mal
542b708e-be1e-47f1-b485-5db3b8244b1a,5449324,0,542b708e-be1e-47f1-b485-5db3b8244b1a-5449324-28,American Pie
33a5696a-ccd0-4e8d-b8c7-5733f6a182b4,5449324,0,33a5696a-ccd0-4e8d-b8c7-5733f6a182b4-5449324-3,Zootopia
835c5049-e612-4e1d-b670-c6adcc20589e,5449324,0,835c5049-e612-4e1d-b670-c6adcc20589e-5449324-29,Effroyables Jardins
0ea0d5dd-ce60-41fe-abf8-12b74b2ba38d,5449324,0,0ea0d5dd-ce60-41fe-abf8-12b74b2ba38d-5449324-28,Scott Pilgrim vs. the World
d3f32b20-33fc-44fd-9731-fc254dc030cb,5449324,0,d3f32b20-33fc-44fd-9731-fc254dc030cb-5449324-29,Juniors
54b7217f-8567-419f-8d51-9024c28cba06,5449324,0,54b7217f-8567-419f-8d51-9024c28cba06-5449324-29,Suck Me Shakespeer 3
22506e54-2b4d-441d-b9cd-9bbc128613bb,5449324,0,22506e54-2b4d-441d-b9cd-9bbc128613bb-5449324-29,Palm Springs
fe58d6ce-6230-4486-8986-811ce0fe4c9e,5449324,0,fe58d6ce-6230-4486-8986-811ce0fe4c9e-5449324-29,となりのトトロ
3b9949f6-a9f0-4c64-a367-6f3d57ccc54e,5449324,0,3b9949f6-a9f0-4c64-a367-6f3d57ccc54e-5449324-29,Mandibules
0d01855f-bea3-44b3-8e23-3fabc0705658,5449324,0,0d01855f-bea3-44b3-8e23-3fabc0705658-5449324-29,The Half Of It
472085b3-1ff3-4b86-96ad-d8bee0cb83cb,5449324,0,472085b3-1ff3-4b86-96ad-d8bee0cb83cb-5449324-28,Sauvage / Wild
d05c90a7-1bc6-4425-9fd4-4fbb3cce7217,5449324,0,d05c90a7-1bc6-4425-9fd4-4fbb3cce7217-5449324-29,Romeo + Juliet
1edf98ad-ca21-4ac5-9691-0c2d6b474912,5449324,0,1edf98ad-ca21-4ac5-9691-0c2d6b474912-5449324-3,He's All That
f763ceef-536b-4497-99d0-719e484970c5,5449324,0,f763ceef-536b-4497-99d0-719e484970c5-5449324-29,Circle
7ea2adee-1db8-4f1e-86ed-40c15d68fdc1,5449324,0,7ea2adee-1db8-4f1e-86ed-40c15d68fdc1-5449324-3,Été 85
57dee2a4-be29-4036-87b2-ed974fd67b47,5449324,0,57dee2a4-be29-4036-87b2-ed974fd67b47-5449324-27,Brutus vs César
2bd765f2-ba7d-4f99-8223-0c226c96831b,5449324,0,2bd765f2-ba7d-4f99-8223-0c226c96831b-5449324-3,Hugo
6e08ddfe-fe5e-409a-a5b6-798f316839c5,5449324,0,6e08ddfe-fe5e-409a-a5b6-798f316839c5-5449324-1,A través de mi ventana
11b1b419-92c5-4064-af45-4f45b7cd09f5,5449324,0,11b1b419-92c5-4064-af45-4f45b7cd09f5-5449324-28,Edward Scissorhands
508d67e8-c7d0-4e77-8296-6cd9f46fb2b0,5449324,0,508d67e8-c7d0-4e77-8296-6cd9f46fb2b0-5449324-29,Budapest
ee46e16b-a8e7-48ec-adf3-a74e87583eff,5449324,0,ee46e16b-a8e7-48ec-adf3-a74e87583eff-5449324-27,Bambi
9c5c7636-7bcb-43cb-ab5b-a065fead255c,5449324,0,9c5c7636-7bcb-43cb-ab5b-a065fead255c-5449324-27,Holidate
1058d920-6880-456c-ad70-e6684d4ea018,5449324,0,1058d920-6880-456c-ad70-e6684d4ea018-5449324-1,Marie-Francine
ee58bb04-f7dc-44aa-8d98-5ca2b742c7cb,5449324,0,ee58bb04-f7dc-44aa-8d98-5ca2b742c7cb-5449324-27,Nightbitch
14f6eea1-a962-4b3b-b7d0-033c8c924aa8,5449324,0,14f6eea1-a962-4b3b-b7d0-033c8c924aa8-5449324-27,Someone Great
2f640e9a-8db2-471e-9971-2abbffb7b654,5449324,0,2f640e9a-8db2-471e-9971-2abbffb7b654-5449324-3,Kirikou and the Sorceress
ddca1056-0f21-4147-bd26-5b617b28a6c1,5449324,0,ddca1056-0f21-4147-bd26-5b617b28a6c1-5449324-1,Wish
ce626032-5db2-4570-919d-6b6aeaa95f8c,5449324,0,ce626032-5db2-4570-919d-6b6aeaa95f8c-5449324-28,Fight Club
b0582a05-a843-4dfb-858a-8812f2bd6b69,5449324,0,b0582a05-a843-4dfb-858a-8812f2bd6b69-5449324-3,The Elephant Man
2b3e6edf-2a1f-4e17-b7ef-6c8fe5c37167,5449324,0,2b3e6edf-2a1f-4e17-b7ef-6c8fe5c37167-5449324-28,Alibi.com 2
abfe55a8-bf3c-40a3-bd94-9b1351f38712,5449324,0,abfe55a8-bf3c-40a3-bd94-9b1351f38712-5449324-27,Burying the Ex
bc4ebf85-2259-486a-9337-8ad607e14240,5449324,0,bc4ebf85-2259-486a-9337-8ad607e14240-5449324-27,Assassination Nation
d99d9d27-e4ac-41fc-8090-904e886c2237,5449324,0,d99d9d27-e4ac-41fc-8090-904e886c2237-5449324-29,Hysteria
75a7a892-832e-4505-a1d2-6d936577f3f9,5449324,0,75a7a892-832e-4505-a1d2-6d936577f3f9-5449324-3,The Perks of Being a Wallflower
002e2d8f-aee0-40ce-aa39-1be952e2952a,5449324,0,002e2d8f-aee0-40ce-aa39-1be952e2952a-5449324-3,What Happened to Monday
a7e059a9-d24b-45f6-8392-8798beda2f4f,5449324,0,a7e059a9-d24b-45f6-8392-8798beda2f4f-5449324-29,It Follows
0c9bb178-7b3a-4c4d-863d-066465373371,5449324,0,0c9bb178-7b3a-4c4d-863d-066465373371-5449324-27,The Nun II
17d0558c-ccd6-49f7-bf51-5b615d4cbb9f,5449324,0,17d0558c-ccd6-49f7-bf51-5b615d4cbb9f-5449324-3,De l'huile sur le feu
6cfd4245-4414-4e5f-906a-cc9efe2f136b,5449324,0,6cfd4245-4414-4e5f-906a-cc9efe2f136b-5449324-3,Intouchables
2d4ab44f-b844-4feb-a20a-634b6d586a02,5449324,0,2d4ab44f-b844-4feb-a20a-634b6d586a02-5449324-27,How the Grinch Stole Christmas
c7b40ad8-3aec-4c59-9d8e-70ef7fb5b626,5449324,0,c7b40ad8-3aec-4c59-9d8e-70ef7fb5b626-5449324-27,RRRrrrr!!!
963b3cb8-db27-42b5-afd6-9fb4ffd4c0fc,5449324,0,963b3cb8-db27-42b5-afd6-9fb4ffd4c0fc-5449324-3,Chicken Little
f9658d7a-f275-4867-9658-c50a86f2b969,5449324,0,f9658d7a-f275-4867-9658-c50a86f2b969-5449324-3,Les Cyclades
b1176a38-4e16-49a6-920d-aa4211bd3994,5449324,0,b1176a38-4e16-49a6-920d-aa4211bd3994-5449324-29,Wind
df70d44d-8fc9-4398-8f31-8f22395a9b6a,5449324,0,df70d44d-8fc9-4398-8f31-8f22395a9b6a-5449324-29,Les Tuche 4
dc19553b-7ee7-4e0c-a302-102f11091be6,5449324,0,dc19553b-7ee7-4e0c-a302-102f11091be6-5449324-1,Fantastic Beasts: The Crimes of Grindelwald
4a01cec6-3956-4b5d-8a27-7e9ce172c728,5449324,0,4a01cec6-3956-4b5d-8a27-7e9ce172c728-5449324-3,Les Tuche 3
2dafe964-66c4-4a1b-82b1-ae1729bf6b1d,5449324,0,2dafe964-66c4-4a1b-82b1-ae1729bf6b1d-5449324-29,Premières vacances
15c9c28a-1fa7-4c81-b98e-aad190e7f67e,5449324,0,15c9c28a-1fa7-4c81-b98e-aad190e7f67e-5449324-29,Thunder and the House of Magic
61be6ff7-d472-4c4b-840e-26f0a7a16482,5449324,0,61be6ff7-d472-4c4b-840e-26f0a7a16482-5449324-1,Le Consentement
7bc1b69b-d2a0-42aa-891d-87434ca11faa,5449324,0,7bc1b69b-d2a0-42aa-891d-87434ca11faa-5449324-3,L'amour Ouf
e16aa3dc-271a-4eb7-8ec2-0b2ed7fe70b2,5449324,0,e16aa3dc-271a-4eb7-8ec2-0b2ed7fe70b2-5449324-27,Titane
c36c1e39-3a8d-4e81-94f6-4450e3544f60,5449324,0,c36c1e39-3a8d-4e81-94f6-4450e3544f60-5449324-29,El Bar
2eea7518-6bae-467a-bf4a-c9edf7f9a9d3,5449324,0,2eea7518-6bae-467a-bf4a-c9edf7f9a9d3-5449324-3,I Feel Pretty
732acc39-23f3-4836-9575-623bbc5a6a73,5449324,0,732acc39-23f3-4836-9575-623bbc5a6a73-5449324-3,"Love, Simon"
c9084c2b-bea2-4bbb-8e29-bdf22245d23b,5449324,0,c9084c2b-bea2-4bbb-8e29-bdf22245d23b-5449324-3,Cruella
3e99f37d-0750-474d-b8a5-224656bf69a3,5449324,0,3e99f37d-0750-474d-b8a5-224656bf69a3-5449324-29,The Little Mermaid
75972e0d-abc4-4812-b347-614d2a7aec95,5449324,0,75972e0d-abc4-4812-b347-614d2a7aec95-5449324-3,L'amour et les forêts
656d1272-bbee-461e-8df7-1e85cbe13481,5449324,0,656d1272-bbee-461e-8df7-1e85cbe13481-5449324-29,Brave
bae86e19-a9a1-41d2-ac2f-63b73bdad284,5449324,0,bae86e19-a9a1-41d2-ac2f-63b73bdad284-5449324-29,Confissões de uma Garota Excluída
e28f2a54-9712-4990-af62-0bc2eea5067c,5449324,0,e28f2a54-9712-4990-af62-0bc2eea5067c-5449324-29,Eighth Grade
b3a8b892-d160-4934-b69f-f0cea346af21,5449324,0,b3a8b892-d160-4934-b69f-f0cea346af21-5449324-27,Argylle
2c4ad6d9-dd23-4fa6-a701-5fd68503d761,5449324,0,2c4ad6d9-dd23-4fa6-a701-5fd68503d761-5449324-28,Greta
1bf93962-a426-44c7-b0f9-01ba8c603642,5449324,0,1bf93962-a426-44c7-b0f9-01ba8c603642-5449324-3,Angèle
71fc7259-2ce3-4db4-945d-01fed5e3913e,5449324,0,71fc7259-2ce3-4db4-945d-01fed5e3913e-5449324-1,Jennifer's Body
841c1032-0edf-4dcb-be12-31e524cffe82,5449324,0,841c1032-0edf-4dcb-be12-31e524cffe82-5449324-1,Made In China
5c2514f2-a781-4cf2-a899-a4f6d6af37e0,5449324,0,5c2514f2-a781-4cf2-a899-a4f6d6af37e0-5449324-3,The Good Dinosaur
e5b10d64-9e58-4355-bb85-625783bdd6d4,5449324,0,e5b10d64-9e58-4355-bb85-625783bdd6d4-5449324-27,Bring It On
b20244d3-c51a-4634-9e59-a026117a2339,5449324,0,b20244d3-c51a-4634-9e59-a026117a2339-5449324-28,The Babysitter
65c7935f-6b77-4f36-8251-3a2a1eedb70c,5449324,0,65c7935f-6b77-4f36-8251-3a2a1eedb70c-5449324-3,Total Eclipse
d0d735b5-b126-4156-98e5-11e1c758a09c,5449324,0,d0d735b5-b126-4156-98e5-11e1c758a09c-5449324-3,Azur et Asmar
aa3a43f2-fa9a-4a71-9298-ce0c9bfb3123,5449324,0,aa3a43f2-fa9a-4a71-9298-ce0c9bfb3123-5449324-3,Wonka
f4553752-87ac-41ce-b929-9d1bb0741af7,5449324,0,f4553752-87ac-41ce-b929-9d1bb0741af7-5449324-29,Minions
4790b6de-47d3-4a56-bdd6-2ca2ec610386,5449324,0,4790b6de-47d3-4a56-bdd6-2ca2ec610386-5449324-29,Tenet
397da4b6-1cfd-41cb-8147-1479189a7396,5449324,0,397da4b6-1cfd-41cb-8147-1479189a7396-5449324-27,"Everything, Everything"
399461e8-6f6b-4792-80fc-d39b6ff80c69,5449324,0,399461e8-6f6b-4792-80fc-d39b6ff80c69-5449324-28,Abominable
c67c649c-cf3c-4edc-8667-3eeb268fd8c2,5449324,0,c67c649c-cf3c-4edc-8667-3eeb268fd8c2-5449324-27,Une femme du monde
1936b62d-ab8a-4395-897a-dc2862b57610,5449324,0,1936b62d-ab8a-4395-897a-dc2862b57610-5449324-28,Babysitting 2
aae43ef0-1d61-4ee0-aba5-fad21c775f64,5449324,0,aae43ef0-1d61-4ee0-aba5-fad21c775f64-5449324-27,Scream 7
ec3869a9-1d64-47cd-a696-90cf1aecc6de,5449324,0,ec3869a9-1d64-47cd-a696-90cf1aecc6de-5449324-28,Teddy
e542ae47-4e0c-4028-abba-73df0372fd58,5449324,0,e542ae47-4e0c-4028-abba-73df0372fd58-5449324-3,Wicked
49cb8598-4351-4519-9ddb-ea549fc62aa3,5449324,0,49cb8598-4351-4519-9ddb-ea549fc62aa3-5449324-29,Lady and the Tramp
4f08ab89-6241-48a8-840f-dd634c3094c3,5449324,0,4f08ab89-6241-48a8-840f-dd634c3094c3-5449324-1,Chambre 212
f0e237c3-e560-49ad-9453-775e63032b47,5449324,0,f0e237c3-e560-49ad-9453-775e63032b47-5449324-3,A Monster in Paris
31e3d4aa-ba0a-4de3-b456-1ed5a6c7d141,5449324,0,31e3d4aa-ba0a-4de3-b456-1ed5a6c7d141-5449324-3,Paulette
61990171-dafd-4ef4-ba7a-20c0b54b5c78,5449324,0,61990171-dafd-4ef4-ba7a-20c0b54b5c78-5449324-29,Fresh
3a9eec96-b92c-482b-8685-146b4d144f7d,5449324,0,3a9eec96-b92c-482b-8685-146b4d144f7d-5449324-1,Bodies Bodies Bodies
cfe592bb-c89d-4411-865d-2f8767c02494,5449324,0,cfe592bb-c89d-4411-865d-2f8767c02494-5449324-29,The Thursday Murder Club
29f4e554-11c9-457a-8466-b2cd957d7e9a,5449324,0,29f4e554-11c9-457a-8466-b2cd957d7e9a-5449324-29,Pokémon Detective Pikachu
914349d1-b360-4a94-b4b6-197fa8fe8ac7,5449324,0,914349d1-b360-4a94-b4b6-197fa8fe8ac7-5449324-3,Hidden Figures
780fa612-3916-40e9-a1c3-6b2e75197395,5449324,0,780fa612-3916-40e9-a1c3-6b2e75197395-5449324-3,Up
3c4b0a69-a8a2-4566-b416-180403ce2d80,5449324,0,3c4b0a69-a8a2-4566-b416-180403ce2d80-5449324-29,Lou! Journal infime
8664b336-d295-4d89-bde9-bb3f3139d50b,5449324,0,8664b336-d295-4d89-bde9-bb3f3139d50b-5449324-3,Blush
6cc79afa-15c9-4a5a-9ee8-0389ccc2314c,5449324,0,6cc79afa-15c9-4a5a-9ee8-0389ccc2314c-5449324-28,The Queen's Corgi
1828cbda-edee-4a09-af91-706a3fc6d2fd,5449324,0,1828cbda-edee-4a09-af91-706a3fc6d2fd-5449324-28,Despicable Me 4
ca276c44-d3ad-418b-9739-4f6df4913a70,5449324,0,ca276c44-d3ad-418b-9739-4f6df4913a70-5449324-29,10 jours sans maman
8727b86b-59cd-437b-89a7-40d2003155df,5449324,0,8727b86b-59cd-437b-89a7-40d2003155df-5449324-28,Star Wars: Episode I – The Phantom Menace
13f5e3eb-a08e-417a-9c3d-5eb1f7e9dc2d,5449324,0,13f5e3eb-a08e-417a-9c3d-5eb1f7e9dc2d-5449324-3,Arthur and the Invisibles
ce245077-0b88-478c-9793-e20730be9b8c,5449324,0,ce245077-0b88-478c-9793-e20730be9b8c-5449324-29,Glass Onion: A Knives Out Mystery
ca3197a6-27bf-4135-a18e-4108c14acce3,5449324,0,ca3197a6-27bf-4135-a18e-4108c14acce3-5449324-3,Bienvenue à Marly-Gomont
6fd364e0-6d52-40b2-8eaf-398b6dd9c528,5449324,0,6fd364e0-6d52-40b2-8eaf-398b6dd9c528-5449324-1,L'été nucléaire
bdcfddc4-0166-4379-9dd3-7f76c18c945a,5449324,0,bdcfddc4-0166-4379-9dd3-7f76c18c945a-5449324-1,Scary Movie 5
d8b596ea-bd9e-46d0-9d6d-fa310a7f8ef2,5449324,0,d8b596ea-bd9e-46d0-9d6d-fa310a7f8ef2-5449324-3,Tout ce qui brille
19d89b1d-14b2-491b-9661-363d2d057af0,5449324,0,19d89b1d-14b2-491b-9661-363d2d057af0-5449324-29,Orphan
5e0ae7fc-fa27-465e-b087-038c11ac7398,5449324,0,5e0ae7fc-fa27-465e-b087-038c11ac7398-5449324-28,W lesie dziś nie zaśnie nikt
55294da6-56da-4d4f-bf85-7a33a4a3124f,5449324,0,55294da6-56da-4d4f-bf85-7a33a4a3124f-5449324-29,Ice Age: Collision Course
648092ed-0aa4-4b4c-b41e-1d4969c41075,5449324,0,648092ed-0aa4-4b4c-b41e-1d4969c41075-5449324-28,"Titeuf, le film"
f54f82d0-548d-4bcc-a1f0-3d4839a327cd,5449324,0,f54f82d0-548d-4bcc-a1f0-3d4839a327cd-5449324-29,Docteur ?
5e774575-5e33-4780-8577-6e9ac7286c81,5449324,0,5e774575-5e33-4780-8577-6e9ac7286c81-5449324-29,Fear Street: 1978
02840749-b8a5-4a70-864e-38107c830b1a,5449324,0,02840749-b8a5-4a70-864e-38107c830b1a-5449324-3,Druk
573b055b-79de-4eef-b94c-4d2ebcbb06f1,5449324,0,573b055b-79de-4eef-b94c-4d2ebcbb06f1-5449324-27,To the Bone
4d4d19f4-6590-45de-9654-697b53528fb8,5449324,0,4d4d19f4-6590-45de-9654-697b53528fb8-5449324-3,CODA
931e4a2b-f141-40f9-b9d2-86960f47b97a,5449324,0,931e4a2b-f141-40f9-b9d2-86960f47b97a-5449324-29,He Even Has Your Eyes
ac830130-d2f6-4e0c-8ab6-1dbfb0ab988c,5449324,0,ac830130-d2f6-4e0c-8ab6-1dbfb0ab988c-5449324-27,La croisade
5eab7483-1e11-480e-8593-84a3926180c5,5449324,0,5eab7483-1e11-480e-8593-84a3926180c5-5449324-27,To All the Boys: P.S. I Still Love You
fb158f35-6e8e-4693-bddc-2d35a26a889c,5449324,0,fb158f35-6e8e-4693-bddc-2d35a26a889c-5449324-29,It
93611ff9-2bb6-41ec-81a2-bdf80bc390bd,5449324,0,93611ff9-2bb6-41ec-81a2-bdf80bc390bd-5449324-3,Senior Year
9ded12df-1920-4338-80d8-fda905574f96,5449324,0,9ded12df-1920-4338-80d8-fda905574f96-5449324-29,"Yo, Adolescente"
97ed86f8-7338-4adb-90d2-7c36167ad091,5449324,0,97ed86f8-7338-4adb-90d2-7c36167ad091-5449324-29,Mid90s
c1a637f4-169f-4b1e-b3f0-2764bf8bede4,5449324,0,c1a637f4-169f-4b1e-b3f0-2764bf8bede4-5449324-3,Barbaque
f20ada76-4425-40ec-983b-98a8278d5de1,5449324,0,f20ada76-4425-40ec-983b-98a8278d5de1-5449324-27,Bones & All
aaf514bd-67bf-49b1-b2df-b041c1777a82,5449324,0,aaf514bd-67bf-49b1-b2df-b041c1777a82-5449324-3,Spring Breakers
0cc377a1-5ea7-44ac-9066-aae7be749396,5449324,0,0cc377a1-5ea7-44ac-9066-aae7be749396-5449324-29,Wallace & Gromit: The Curse of the Were-Rabbit
a2530add-511a-49e2-991b-1e6c6a68b4ab,5449324,0,a2530add-511a-49e2-991b-1e6c6a68b4ab-5449324-28,Les Méchants
fe8e64de-c605-43d8-8072-fe8464db4f12,5449324,0,fe8e64de-c605-43d8-8072-fe8464db4f12-5449324-3,Madame Claude
0af2fefc-53d8-4ce3-abf8-4783a91d0ef5,5449324,0,0af2fefc-53d8-4ce3-abf8-4783a91d0ef5-5449324-3,Charlie and the Chocolate Factory
eb0a741b-f1ea-4c49-96ff-2298f9ec9fb7,5449324,0,eb0a741b-f1ea-4c49-96ff-2298f9ec9fb7-5449324-29,The Hangover
0c2975f5-e12c-4752-b0c8-aa46cf7c1397,5449324,0,0c2975f5-e12c-4752-b0c8-aa46cf7c1397-5449324-29,千と千尋の神隠し
087c5808-8e72-434a-aa41-5524315fb683,5449324,0,087c5808-8e72-434a-aa41-5524315fb683-5449324-28,Happy Nous Year
566e3a78-993f-480b-8bf4-9b10e6056df8,5449324,0,566e3a78-993f-480b-8bf4-9b10e6056df8-5449324-28,Into the Woods
b69c6c14-4cdd-420b-b55c-8a9eea46bc5f,5449324,0,b69c6c14-4cdd-420b-b55c-8a9eea46bc5f-5449324-29,Sur la piste du Marsupilami
2c41a188-b550-44be-bb6b-c0d1c9604744,5449324,0,2c41a188-b550-44be-bb6b-c0d1c9604744-5449324-29,Harry Potter and the Deathly Hallows: Part 2
c171db62-0c2d-4aa4-8e77-5ad2f9a811d5,5449324,0,c171db62-0c2d-4aa4-8e77-5ad2f9a811d5-5449324-29,Ciao Alberto
b8e97bc6-0fb4-44e8-b572-77381aee72be,5449324,0,b8e97bc6-0fb4-44e8-b572-77381aee72be-5449324-27,Together
8bde2f43-47a4-4a0e-bb47-6e2c6ffac7a8,5449324,0,8bde2f43-47a4-4a0e-bb47-6e2c6ffac7a8-5449324-27,365 dni
87e66b99-5b58-43f4-89bf-cd311d74f0ef,5449324,0,87e66b99-5b58-43f4-89bf-cd311d74f0ef-5449324-29,Forte
ef661837-7d45-4ace-80d7-9bb4b0d2f46a,5449324,0,ef661837-7d45-4ace-80d7-9bb4b0d2f46a-5449324-27,Minions: The Rise of Gru
95da2cbc-6bef-4bdc-bf14-6912e3176c9c,5449324,0,95da2cbc-6bef-4bdc-bf14-6912e3176c9c-5449324-29,Strange World
b3ab9a19-39c5-4819-8835-38450e743add,5449324,0,b3ab9a19-39c5-4819-8835-38450e743add-5449324-27,The Nun
154b99cc-d6ef-49b2-9793-af6a49cfc9d7,5449324,0,154b99cc-d6ef-49b2-9793-af6a49cfc9d7-5449324-3,Les Bronzés font du ski
6f86edbb-c40d-457a-9da5-cc99fb49cf43,5449324,0,6f86edbb-c40d-457a-9da5-cc99fb49cf43-5449324-28,El hoyo
f428dc3d-f837-4d0a-b137-fa53c5dffb42,5449324,0,f428dc3d-f837-4d0a-b137-fa53c5dffb42-5449324-3,Geography Club
51decdbe-bfef-4a54-900c-571274fc6d18,5449324,0,51decdbe-bfef-4a54-900c-571274fc6d18-5449324-3,Les Chatouilles
e34132a2-6c96-4df5-9cce-1c6cc0de0285,5449324,0,e34132a2-6c96-4df5-9cce-1c6cc0de0285-5449324-3,Close
bbecff1a-c10d-41e0-9955-86c9400c5d17,5449324,0,bbecff1a-c10d-41e0-9955-86c9400c5d17-5449324-28,La Colle
3cbaefe4-667d-4921-ba5e-d6487a3d8072,5449324,0,3cbaefe4-667d-4921-ba5e-d6487a3d8072-5449324-29,
c372d40b-705c-4e4d-9499-581f2ee71afc,5449324,0,c372d40b-705c-4e4d-9499-581f2ee71afc-5449324-29,Forgive Us Our Trespasses
bc5eb84f-6e5d-45b0-97c1-96bf401dd59f,5449324,0,bc5eb84f-6e5d-45b0-97c1-96bf401dd59f-5449324-3,Avatar
8483500f-3fbf-4902-acf1-a9869900b0c8,5449324,0,8483500f-3fbf-4902-acf1-a9869900b0c8-5449324-28,Sirāt
225d5faa-0b4c-4a32-8d12-ec760bd2d6d8,5449324,0,225d5faa-0b4c-4a32-8d12-ec760bd2d6d8-5449324-3,Ancora più bello
39015588-a5e4-4258-a1d7-4ec55664ff42,5449324,0,39015588-a5e4-4258-a1d7-4ec55664ff42-5449324-3,Cars
f1c48303-5a07-45fc-80de-907d77d73ed2,5449324,0,f1c48303-5a07-45fc-80de-907d77d73ed2-5449324-28,One Day at Disney
0c032225-e491-4911-8daf-a010ed5a82e7,5449324,0,0c032225-e491-4911-8daf-a010ed5a82e7-5449324-3,Imogène McCarthery
69d21aba-d73f-4826-905a-ed46b09cb100,5449324,0,69d21aba-d73f-4826-905a-ed46b09cb100-5449324-29,Alex Strangelove
7ce46b12-e232-4977-9dc1-4df0320b738c,5449324,0,7ce46b12-e232-4977-9dc1-4df0320b738c-5449324-28,Open Season 3
c914d8fe-81cb-4f09-bd7d-85d11cb1194f,5449324,0,c914d8fe-81cb-4f09-bd7d-85d11cb1194f-5449324-29,Elemental
c6781788-baad-46fd-92b3-03ce9fed85ee,5449324,0,c6781788-baad-46fd-92b3-03ce9fed85ee-5449324-29,Amor de Madre
0169a39e-1f5b-4c6c-8530-d1f90c0f3dde,5449324,0,0169a39e-1f5b-4c6c-8530-d1f90c0f3dde-5449324-29,Back to School
cab391c7-ce27-4a3e-a50a-392b8e0fc3ca,5449324,0,cab391c7-ce27-4a3e-a50a-392b8e0fc3ca-5449324-28,Look Both Ways
9ec040f2-8807-4e86-b27a-2745d24fa5fa,5449324,0,9ec040f2-8807-4e86-b27a-2745d24fa5fa-5449324-28,Bugonia
52995b68-a59b-4fbb-8835-da5f0e785b93,5449324,0,52995b68-a59b-4fbb-8835-da5f0e785b93-5449324-27,I Love Peru
a13a91ac-46e4-4926-a8ce-ea7dfba5ec87,5449324,0,a13a91ac-46e4-4926-a8ce-ea7dfba5ec87-5449324-3,Mimi
e86ad74f-3e3d-45cf-8c55-c5a5f8938748,5449324,0,e86ad74f-3e3d-45cf-8c55-c5a5f8938748-5449324-29,Incredibles 2
5ee2da15-a87e-4df4-8b8a-0bece52c9d5f,5449324,0,5ee2da15-a87e-4df4-8b8a-0bece52c9d5f-5449324-3,Love Hard
78ee9fb6-c710-44d3-bb2c-a25cc9c46c54,5449324,0,78ee9fb6-c710-44d3-bb2c-a25cc9c46c54-5449324-1,The Ritual
6bffdc55-ee4a-45c8-afda-3c06b0d676fa,5449324,0,6bffdc55-ee4a-45c8-afda-3c06b0d676fa-5449324-28,All the Bright Places
38ea487d-d502-4873-b52e-a68fd2784a36,5449324,0,38ea487d-d502-4873-b52e-a68fd2784a36-5449324-1,Dos
4bdbb1dc-9ba6-42e7-b8a8-5355d25a9100,5449324,0,4bdbb1dc-9ba6-42e7-b8a8-5355d25a9100-5449324-29,Rouge
41f68266-b7da-4573-afbe-d215a7b77322,5449324,0,41f68266-b7da-4573-afbe-d215a7b77322-5449324-3,Les Combattants
e11c4377-0e7a-4eea-8fff-b01d1af37669,5449324,0,e11c4377-0e7a-4eea-8fff-b01d1af37669-5449324-3,Scream
dfe92d1c-0125-4f6d-a9d3-35443b5a9aac,5449324,0,dfe92d1c-0125-4f6d-a9d3-35443b5a9aac-5449324-28,Harry Potter and the Prisoner of Azkaban
e2c79312-ca01-40fc-bd7a-002fb5bbf34b,5449324,0,e2c79312-ca01-40fc-bd7a-002fb5bbf34b-5449324-28,Kadaver
2e42eadf-d592-4675-8c04-e7351364af17,5449324,0,2e42eadf-d592-4675-8c04-e7351364af17-5449324-3,Mulan
f18bdba8-0597-44a6-bc74-f3c3b35017b9,5449324,0,f18bdba8-0597-44a6-bc74-f3c3b35017b9-5449324-3,Night Teeth
25f9d808-d24f-4575-8c10-9e65310f1ff8,5449324,0,25f9d808-d24f-4575-8c10-9e65310f1ff8-5449324-28,"Arthur, malédiction"
9787e50b-2f06-4b57-bd7a-ac308d701efa,5449324,0,9787e50b-2f06-4b57-bd7a-ac308d701efa-5449324-27,Snow White and the Seven Dwarfs
d1b7e6be-cc20-4299-b38e-4213181a391f,5449324,0,d1b7e6be-cc20-4299-b38e-4213181a391f-5449324-27,¿Qué culpa tiene el karma?
8a3613fe-1ffc-4adb-8fd8-daf9c7f9a75e,5449324,0,8a3613fe-1ffc-4adb-8fd8-daf9c7f9a75e-5449324-3,No and Me
9f7fd4ce-e81a-4301-8a61-593d8e372b63,5449324,0,9f7fd4ce-e81a-4301-8a61-593d8e372b63-5449324-3,Les Pires
8524d86e-11af-42b5-9637-1fa18664e218,5449324,0,8524d86e-11af-42b5-9637-1fa18664e218-5449324-3,Maleficent
18e99a65-819d-4650-a88a-3ff5c4cf1eb2,5449324,0,18e99a65-819d-4650-a88a-3ff5c4cf1eb2-5449324-3,Face/Off
dc1edab5-b62c-4c48-9abe-1e045552ebf1,5449324,0,dc1edab5-b62c-4c48-9abe-1e045552ebf1-5449324-28,Hollywoo
8e767db7-cecb-4eda-9879-1abb2dff786c,5449324,0,8e767db7-cecb-4eda-9879-1abb2dff786c-5449324-28,The Kissing Booth 3
dfa25fdf-710e-4dd9-8539-5503b5edba1c,5449324,0,dfa25fdf-710e-4dd9-8539-5503b5edba1c-5449324-3,Un ours dans le Jura
498923be-3fa3-458e-95d5-c35d65a0229a,5449324,0,498923be-3fa3-458e-95d5-c35d65a0229a-5449324-29,Bonne Conduite
15017f29-d16f-4141-9d04-04117b02c791,5449324,0,15017f29-d16f-4141-9d04-04117b02c791-5449324-3,Toy Story 4
a967212d-e42d-4aa0-9b31-70e2c9d257dd,5449324,0,a967212d-e42d-4aa0-9b31-70e2c9d257dd-5449324-27,Dating Amber
2382c91f-815c-4f75-807f-efb8bffc0223,5449324,0,2382c91f-815c-4f75-807f-efb8bffc0223-5449324-3,The Witches
a54413b7-2890-48fc-8695-8eb241df83a5,5449324,0,a54413b7-2890-48fc-8695-8eb241df83a5-5449324-29,Rumspringa
4fac0474-a1e4-4dc1-b1b4-e8fc07478e83,5449324,0,4fac0474-a1e4-4dc1-b1b4-e8fc07478e83-5449324-1,映画『８番出口』
30ecc384-0bd3-48bd-8f95-07d661ce6c38,5449324,0,30ecc384-0bd3-48bd-8f95-07d661ce6c38-5449324-3,Twilight
cf2b9c19-59d2-47bf-9b98-91eadbe62e56,5449324,0,cf2b9c19-59d2-47bf-9b98-91eadbe62e56-5449324-28,Enola Holmes
b9538b45-f5c8-4433-af75-a368cfba1aa6,5449324,0,b9538b45-f5c8-4433-af75-a368cfba1aa6-5449324-28,"Sorry, Baby"
aa96c2e5-af6d-4135-af44-9d22b9176d92,5449324,0,aa96c2e5-af6d-4135-af44-9d22b9176d92-5449324-27,Frozen II
56d9fe32-7dcd-42e9-8ad9-ba95e71461f9,5449324,0,56d9fe32-7dcd-42e9-8ad9-ba95e71461f9-5449324-29,The Electrical Life of Louis Wain
b493c854-4b80-45fb-81ab-78dd92486883,5449324,0,b493c854-4b80-45fb-81ab-78dd92486883-5449324-3,The Lion King
cf82bdac-f096-45f2-9362-ae51e6e533d2,5449324,0,cf82bdac-f096-45f2-9362-ae51e6e533d2-5449324-3,The Nightmare Before Christmas
e86d93fb-1e52-42f9-a6b7-0fafecb9e50a,5449324,0,e86d93fb-1e52-42f9-a6b7-0fafecb9e50a-5449324-3,A Star Is Born
9269ae2f-9410-4c62-a46f-97262cee7842,5449324,0,9269ae2f-9410-4c62-a46f-97262cee7842-5449324-3,Sala samobójców
52c95994-fae3-48e0-be00-ee3fdbace3b5,5449324,0,52c95994-fae3-48e0-be00-ee3fdbace3b5-5449324-29,The Sea Beast
421f69c1-195e-433f-a64b-6191a3db7524,5449324,0,421f69c1-195e-433f-a64b-6191a3db7524-5449324-27,Time Trap
b8137d04-f505-4b41-aeae-db9c85d4ac51,5449324,0,b8137d04-f505-4b41-aeae-db9c85d4ac51-5449324-28,T'as pécho ?
6e76fb73-0ea4-41ff-9350-2ed233a95980,5449324,0,6e76fb73-0ea4-41ff-9350-2ed233a95980-5449324-3,Rise of the Guardians
39723a0e-4b1d-4e41-8ec8-77337d2b6523,5449324,0,39723a0e-4b1d-4e41-8ec8-77337d2b6523-5449324-3,African Cats
d9db3143-e9fa-46b3-865e-946bf867202b,5449324,0,d9db3143-e9fa-46b3-865e-946bf867202b-5449324-3,Onward
e01b06be-6f99-41e2-b727-0f4a993eae28,5449324,0,e01b06be-6f99-41e2-b727-0f4a993eae28-5449324-29,Gerald's Game
fd0b4b1f-fca2-49e2-9b39-caa292e55c7b,5449324,0,fd0b4b1f-fca2-49e2-9b39-caa292e55c7b-5449324-28,Cam
47a025df-fc51-4ecd-a084-60e3679e56c4,5449324,0,47a025df-fc51-4ecd-a084-60e3679e56c4-5449324-1,Les amours imaginaires
445b0250-ca75-45fe-9618-b446d1220103,5449324,0,445b0250-ca75-45fe-9618-b446d1220103-5449324-28,Jaws
903a576e-a716-4abc-b69b-3a1003d9d5af,5449324,0,903a576e-a716-4abc-b69b-3a1003d9d5af-5449324-29,The Devil Wears Prada
bd4b647f-b322-4971-98c5-eb609c452d8b,5449324,0,bd4b647f-b322-4971-98c5-eb609c452d8b-5449324-1,The Hills Have Eyes
ff32fe6c-e087-4b0c-8cd1-f83e764a0832,5449324,0,ff32fe6c-e087-4b0c-8cd1-f83e764a0832-5449324-29,Memoir of a Snail
65fc2022-ff69-4810-b393-994dd57bb501,5449324,0,65fc2022-ff69-4810-b393-994dd57bb501-5449324-29,Luck
8f380bf9-fd55-4b5d-9908-2412930dec54,5449324,0,8f380bf9-fd55-4b5d-9908-2412930dec54-5449324-27,Voicemails for Isabelle
4fd35bdd-64d9-495a-96d8-2833fb5a8a1a,5449324,0,4fd35bdd-64d9-495a-96d8-2833fb5a8a1a-5449324-29,Spadek
58d07ca7-890f-4513-8413-38bbfc894a71,5449324,0,58d07ca7-890f-4513-8413-38bbfc894a71-5449324-3,The Voices
adb538db-3212-4440-8237-2ad146bff615,5449324,0,adb538db-3212-4440-8237-2ad146bff615-5449324-27,L'inconnu du lac
a35d486e-e62f-41d8-96b2-d61bb8d7987c,5449324,0,a35d486e-e62f-41d8-96b2-d61bb8d7987c-5449324-3,House of Wax
973b0d4b-b369-4206-81fb-6c4d218aa5c6,5449324,0,973b0d4b-b369-4206-81fb-6c4d218aa5c6-5449324-27,Grease
7081fdda-1aba-4391-9e5e-1b1a3de4f45a,5449324,0,7081fdda-1aba-4391-9e5e-1b1a3de4f45a-5449324-3,Friendzone
6ff46d75-c811-4184-a104-4017a5a990cd,5449324,0,6ff46d75-c811-4184-a104-4017a5a990cd-5449324-3,Bottoms
5614b7a4-10b7-4841-aba9-ee49fef6d7bd,5449324,0,5614b7a4-10b7-4841-aba9-ee49fef6d7bd-5449324-3,La Tortue rouge
dbf4b987-263f-4757-a031-dbece746d060,5449324,0,dbf4b987-263f-4757-a031-dbece746d060-5449324-28,After
e44ee911-2c5e-41a6-acf3-6a5d9aa9a73c,5449324,0,e44ee911-2c5e-41a6-acf3-6a5d9aa9a73c-5449324-29,Paradigmes: le film
2b5a59a8-7b4e-4c34-9b94-0102be710d2f,5449324,0,2b5a59a8-7b4e-4c34-9b94-0102be710d2f-5449324-3,The Mitchells vs. The Machines
06dc7623-9f63-4864-bb1d-555318d184b0,5449324,0,06dc7623-9f63-4864-bb1d-555318d184b0-5449324-3,Split
56575800-96de-4c2a-ba13-6a9ae81ef442,5449324,0,56575800-96de-4c2a-ba13-6a9ae81ef442-5449324-27,Les Chèvres!
2421a721-ea9b-4d35-8fe9-f62a5f49d066,5449324,0,2421a721-ea9b-4d35-8fe9-f62a5f49d066-5449324-29,17 filles
95e87c91-5686-4624-8f80-1d428c2b3d75,5449324,0,95e87c91-5686-4624-8f80-1d428c2b3d75-5449324-29,No Hard Feelings
06403db9-013b-4884-8ea8-93a189d169e7,5449324,0,06403db9-013b-4884-8ea8-93a189d169e7-5449324-29,Aladdin
cd92a258-7ace-40de-82df-b6053b8d0c93,5449324,0,cd92a258-7ace-40de-82df-b6053b8d0c93-5449324-3,Fanfik
91e9efd6-4751-4a3e-98cb-97f48e0f4d6d,5449324,0,91e9efd6-4751-4a3e-98cb-97f48e0f4d6d-5449324-29,Iris et les hommes
d91bc867-a7c5-4c3a-b087-ed071ff1a97a,5449324,0,d91bc867-a7c5-4c3a-b087-ed071ff1a97a-5449324-3,Raya and The Last Dragon
b9298536-62c6-4fc9-b8aa-86d48d1f1d5d,5449324,0,b9298536-62c6-4fc9-b8aa-86d48d1f1d5d-5449324-3,Mean Girls
21700c2e-711a-4839-b6c7-fc6f2656a5c4,5449324,0,21700c2e-711a-4839-b6c7-fc6f2656a5c4-5449324-3,Pupille
c4f6fefa-df2d-44dd-aeac-61ca0cd0c2d4,5449324,0,c4f6fefa-df2d-44dd-aeac-61ca0cd0c2d4-5449324-28,Licorice Pizza
7364fa81-e10f-42b8-a1e1-74b9629aec1f,5449324,0,7364fa81-e10f-42b8-a1e1-74b9629aec1f-5449324-29,When Pigs Have Wings
0c55a247-fdb7-4117-8973-edb27786bde9,5449324,0,0c55a247-fdb7-4117-8973-edb27786bde9-5449324-3,Crush
2d47166a-5c86-426e-8cdd-7a8ce44be18f,5449324,0,2d47166a-5c86-426e-8cdd-7a8ce44be18f-5449324-1,W lesie dziś nie zaśnie nikt 2
5ff46212-225f-440b-b1fd-b34f98754ebe,5449324,0,5ff46212-225f-440b-b1fd-b34f98754ebe-5449324-3,Little Miss Sunshine
919bfa79-f34f-470d-9472-d04016613b23,5449324,0,919bfa79-f34f-470d-9472-d04016613b23-5449324-3,Frozen
8946f9d4-8506-4074-b7c9-124c1b357408,5449324,0,8946f9d4-8506-4074-b7c9-124c1b357408-5449324-29,YANNICK
15fc2643-dfdd-4370-ae33-04a3659fe806,5449324,0,15fc2643-dfdd-4370-ae33-04a3659fe806-5449324-3,Venise n'est pas en Italie
d97978bc-481f-4dde-bb55-704e9f412bff,5449324,0,d97978bc-481f-4dde-bb55-704e9f412bff-5449324-1,Bambi II
5549a61a-b33b-4002-b584-bca8c93e6d0a,5449324,0,5549a61a-b33b-4002-b584-bca8c93e6d0a-5449324-3,Escape Room
c261648b-b395-482a-aeaf-2a1f8c6e01f6,5449324,0,c261648b-b395-482a-aeaf-2a1f8c6e01f6-5449324-3,BPM (Beats per Minute)
c63ca24a-4e75-448e-b9e8-d76ae8bb751d,5449324,0,c63ca24a-4e75-448e-b9e8-d76ae8bb751d-5449324-1,Arthur Rambo
