created_at,updated_at,tv_show_name,user_id,tv_show_id
2025-12-06 13:16:42,2025-12-06 13:16:42,Cardcaptor Sakura,5449324,70668
2025-12-06 13:14:49,2025-12-06 13:14:49,Rurouni Kenshin,5449324,70863
2025-01-09 22:59:55,2025-01-09 22:59:55,Teenage Mutant Ninja Turtles (2003),5449324,71032
2025-12-06 13:14:54,2025-12-06 13:14:54,Golden Boy,5449324,72408
2025-12-06 13:14:12,2025-12-06 13:14:12,Detective Conan,5449324,72454
2025-12-06 13:16:45,2025-12-06 13:16:45,Gargoyles,5449324,72885
2020-10-27 22:33:26,2020-10-27 22:33:26,American Dad!,5449324,73141
2019-05-08 13:33:08,2019-05-08 13:33:08,Grey's Anatomy,5449324,73762
2020-10-27 22:34:05,2020-10-27 22:34:05,Futurama,5449324,73871
2020-08-24 21:19:07,2020-08-24 21:19:07,Avatar: The Last Airbender,5449324,74852
2025-12-06 13:14:57,2025-12-06 13:14:57,Batman Beyond,5449324,75417
2025-01-09 22:59:51,2025-01-09 22:59:51,Fullmetal Alchemist,5449324,75579
2020-10-27 22:33:54,2020-10-27 22:33:54,SpongeBob SquarePants,5449324,75886
2024-01-03 18:30:13,2024-01-03 18:30:13,South Park,5449324,75897
2025-12-06 13:14:15,2025-12-06 13:14:15,Elfen Lied,5449324,75941
2025-12-06 13:22:20,2025-12-06 13:22:20,Ranma ½,5449324,76932
2022-06-04 23:49:59,2022-06-04 23:49:59,Tales of the City,5449324,77422
2020-10-27 22:38:43,2020-10-27 22:38:43,Totally Spies!,5449324,77625
2021-11-19 22:37:00,2021-11-19 22:37:00,Ghost Whisperer,5449324,78817
2025-12-06 13:14:29,2025-12-06 13:14:29,Hunter x Hunter,5449324,79076
2024-01-21 16:18:24,2024-01-21 16:18:24,Kaamelott,5449324,79175
2025-12-06 13:14:41,2025-12-06 13:14:41,Ergo Proxy,5449324,79228
2020-10-27 22:34:56,2020-10-27 22:34:56,Hannah Montana,5449324,79317
2025-12-06 13:14:36,2025-12-06 13:14:36,Foster's Home for Imaginary Friends,5449324,79323
2025-12-06 13:15:34,2025-12-06 13:15:34,Welcome to the N.H.K.,5449324,79415
2025-12-06 13:13:26,2025-12-06 13:13:26,Ouran High School Host Club,5449324,79713
2025-12-06 13:14:20,2025-12-06 13:14:20,The Familiar of Zero,5449324,79719
2019-05-08 13:36:50,2019-05-08 13:36:50,Naruto Shippuden,5449324,79824
2020-08-24 21:20:45,2020-08-24 21:20:45,Mickey Mouse Clubhouse,5449324,79854
2020-10-27 22:39:33,2020-10-27 22:39:33,The Big Bang Theory,5449324,80379
2022-06-01 19:52:34,2022-06-01 19:52:34,Gossip Girl,5449324,80547
2025-12-06 13:15:33,2025-12-06 13:15:33,Special A,5449324,81752
2020-08-24 21:19:17,2020-08-24 21:19:17,Pucca,5449324,81774
2024-01-21 16:19:27,2024-01-21 16:19:27,A Guy And A Girl,5449324,81791
2019-05-08 13:36:20,2019-05-08 13:36:20,One Piece,5449324,81797
2020-08-24 21:19:03,2020-08-24 21:19:03,Strawberry Panic!,5449324,81852
2025-01-09 22:59:46,2025-01-09 22:59:46,Bakugan Battle Brawlers,5449324,82832
2025-12-06 13:14:32,2025-12-06 13:14:32,Wolverine and the X-Men,5449324,82870
2020-08-24 21:20:09,2020-08-24 21:20:09,Huntik: Secrets & Seekers,5449324,84391
2025-12-06 13:15:30,2025-12-06 13:15:30,KissXSis,5449324,84768
2022-01-24 21:30:32,2022-01-24 21:30:32,RuPaul's Drag Race,5449324,85002
2024-01-21 16:18:22,2024-01-21 16:18:22,Wakfu,5449324,94121
2020-10-27 22:35:06,2020-10-27 22:35:06,The Vampire Diaries,5449324,95491
2024-01-21 16:17:31,2024-01-21 16:17:31,Plus Belle La Vie,5449324,97371
2019-07-09 21:18:28,2019-07-09 21:18:28,Fairy Tail,5449324,114801
2026-02-21 23:29:31,2026-02-21 23:29:31,Rainbow (2010),5449324,141121
2024-01-21 16:18:50,2024-01-21 16:18:50,The Garfield Show,5449324,145371
2021-07-14 13:15:04,2021-07-14 13:15:04,Victorious,5449324,152721
2020-10-27 22:33:33,2020-10-27 22:33:33,Adventure Time,5449324,152831
2019-05-08 13:36:36,2019-05-08 13:36:36,The Walking Dead,5449324,153021
2024-01-21 16:18:29,2024-01-21 16:18:29,Scènes de ménages,5449324,155291
2020-12-03 21:27:04,2020-12-03 21:27:04,Scooby-Doo! Mystery Incorporated,5449324,174681
2020-12-03 21:26:09,2020-12-03 21:26:09,Teen Wolf,5449324,175001
2025-12-06 13:15:36,2025-12-06 13:15:36,Young Justice,5449324,192061
2024-01-21 16:18:48,2024-01-21 16:18:48,My Friend Marsupilami,5449324,208041
2020-08-24 21:19:10,2020-08-24 21:19:10,The Tyrant Falls in Love,5449324,223711
2024-01-21 16:19:21,2024-01-21 16:19:21,Love in Paris,5449324,233981
2025-12-06 13:16:47,2025-12-06 13:16:47,The Looney Tunes Show,5449324,248368
2020-10-27 22:38:27,2020-10-27 22:38:27,The Amazing World of Gumball,5449324,248482
2025-12-06 13:13:44,2025-12-06 13:13:44,Dragon Ball Z Abridged,5449324,248580
2024-01-21 16:17:33,2024-01-21 16:17:33,Love is in the Meadow,5449324,249952
2022-06-02 21:16:07,2022-06-02 21:16:07,Jessie,5449324,252312
2024-01-21 16:18:08,2024-01-21 16:18:08,Temptation Island (FR),5449324,256593
2026-02-21 23:29:12,2026-02-21 23:29:12,Derek,5449324,257630
2019-05-08 13:33:21,2019-05-08 13:33:21,Arrow,5449324,257655
2020-10-27 22:39:35,2020-10-27 22:39:35,Vikings,5449324,260449
2024-01-21 16:19:10,2024-01-21 16:19:10,It's Only TV,5449324,263755
2025-12-06 13:15:44,2025-12-06 13:15:44,Maoyu: Archenemy & Hero,5449324,264056
2024-01-21 16:17:51,2024-01-21 16:17:51,Star Academy,5449324,264351
2025-12-06 13:15:46,2025-12-06 13:15:46,Amnesia,5449324,264532
2021-01-01 02:33:15,2021-01-01 02:33:15,EastSiders,5449324,265359
2019-05-08 13:36:29,2019-05-08 13:36:29,The Blacklist,5449324,266189
2019-07-09 21:18:04,2019-07-09 21:18:04,Attack on Titan,5449324,267440
2021-07-14 13:15:25,2021-07-14 13:15:25,Sam & Cat,5449324,267564
2020-12-03 21:29:19,2020-12-03 21:29:19,Ravenswood,5449324,268126
2020-10-26 11:21:50,2020-10-26 11:21:50,The 100,5449324,268592
2019-07-28 16:47:33,2019-07-28 16:47:33,Brooklyn Nine-Nine,5449324,269586
2022-12-25 20:47:39,2022-12-25 20:47:39,Mako: Island of Secrets,5449324,269909
2025-12-06 13:14:27,2025-12-06 13:14:27,Nagi-Asu: A Lull in the Sea,5449324,272073
2025-12-06 13:15:21,2025-12-06 13:15:21,Paw Patrol,5449324,272472
2020-08-24 21:18:24,2020-08-24 21:18:24,Hiyokoi,5449324,272941
2024-01-21 16:19:25,2024-01-21 16:19:25,Les Marseillais,5449324,275015
2024-01-21 16:20:05,2024-01-21 16:20:05,The Wakos,5449324,277455
2022-01-24 21:29:41,2022-01-24 21:29:41,UnREAL,5449324,278264
2025-12-06 13:14:13,2025-12-06 13:14:13,The Irregular at Magic High School,5449324,278329
2019-05-08 13:36:24,2019-05-08 13:36:24,The Flash (2014),5449324,279121
2024-01-21 16:17:35,2024-01-21 16:17:35,Squeezie,5449324,279758
2020-12-13 14:43:30,2020-12-13 14:43:30,How to Get Away with Murder,5449324,281620
2025-10-14 19:35:56,2025-10-14 19:35:56,World Trigger,5449324,283934
2025-12-06 13:15:15,2025-12-06 13:15:15,The Seven Deadly Sins,5449324,284131
2025-12-06 13:15:11,2025-12-06 13:15:11,The Testament of Sister New Devil,5449324,284719
2020-10-27 22:35:58,2020-10-27 22:35:58,Fear the Walking Dead,5449324,290853
2022-06-02 21:16:11,2022-06-02 21:16:11,Superstore,5449324,295648
2025-07-16 21:07:29,2025-07-16 21:07:29,Love Island,5449324,296669
2024-01-21 16:20:16,2024-01-21 16:20:16,Wankil Studio - Laink and Terracid,5449324,303314
2025-12-06 13:14:23,2025-12-06 13:14:23,Kabaneri of the Iron Fortress,5449324,305082
2025-12-06 13:14:48,2025-12-06 13:14:48,Super Lovers,5449324,305101
2020-10-26 11:21:39,2020-10-26 11:21:39,Degrassi: Next Class,5449324,305913
2024-01-21 16:18:34,2024-01-21 16:18:34,Le Monde à l'envers,5449324,311272
2025-12-06 13:15:40,2025-12-06 13:15:40,Taboo Tattoo,5449324,311537
2022-06-01 19:52:47,2022-06-01 19:52:47,Great News,5449324,311899
2024-01-21 16:19:58,2024-01-21 16:19:58,Quotidien,5449324,315932
2025-12-06 13:13:27,2025-12-06 13:13:27,Yuri!!! on Ice,5449324,317004
2022-06-02 21:16:20,2022-06-02 21:16:20,Trollhunters: Tales of Arcadia,5449324,318201
2020-08-24 21:21:05,2020-08-24 21:21:05,World of Winx,5449324,319365
2022-06-02 21:15:51,2022-06-02 21:15:51,Legion,5449324,320724
2022-06-04 14:48:06,2022-06-04 14:48:06,Workin' Moms,5449324,320737
2024-01-21 16:18:31,2024-01-21 16:18:31,,5449324,322358
2024-01-21 16:17:41,2024-01-21 16:17:41,Siphano: The Legend of Zelda,5449324,327237
2020-08-24 21:20:24,2020-08-24 21:20:24,Spirit Riding Free,5449324,327985
2024-01-21 16:20:27,2024-01-21 16:20:27,,5449324,328213
2020-10-27 22:36:47,2020-10-27 22:36:47,Young Sheldon,5449324,328724
2025-12-06 13:14:34,2025-12-06 13:14:34,Hitorijime My Hero,5449324,329313
2025-12-06 13:14:08,2025-12-06 13:14:08,My First Girlfriend is a Gal,5449324,329422
2020-10-26 11:21:25,2020-10-26 11:21:25,Alexa & Katie,5449324,330132
2025-12-06 13:14:10,2025-12-06 13:14:10,Violet Evergarden,5449324,330139
2025-12-06 13:16:24,2025-12-06 13:16:24,Laid-Back Camp,5449324,330692
2020-12-03 21:26:41,2020-12-03 21:26:41,Marvel's Runaways,5449324,332027
2020-10-27 22:33:59,2020-10-27 22:33:59,Altered Carbon,5449324,332331
2025-12-06 13:15:06,2025-12-06 13:15:06,UQ Holder!,5449324,332984
2022-05-12 17:02:19,2022-05-12 17:02:19,Raising Dion,5449324,335985
2019-02-26 00:25:47,2019-02-26 00:25:47,Beyond Stranger Things,5449324,337634
2019-05-08 13:32:20,2019-05-08 13:32:20,Devilman Crybaby,5449324,338192
2024-01-21 16:20:29,2024-01-21 16:20:29,Mcfly & Carlito,5449324,338282
2021-02-02 12:09:54,2021-02-02 12:09:54,Derry Girls,5449324,338903
2024-01-21 16:20:08,2024-01-21 16:20:08,Don't Forget the Lyrics! (FR),5449324,339682
2024-01-21 16:18:00,2024-01-21 16:18:00,The Thousand and One Prowess of Pepin Troispommes,5449324,340467
2020-08-24 21:19:54,2020-08-24 21:19:54,A.I.C.O. -Incarnation-,5449324,340890
2020-04-20 00:03:32,2020-04-20 00:03:32,Queer Eye,5449324,341614
2025-12-06 13:16:40,2025-12-06 13:16:40,Real Girl,5449324,342010
2020-08-24 21:18:37,2020-08-24 21:18:37,Rilakkuma and Kaoru,5449324,347929
2019-07-09 21:18:20,2019-07-09 21:18:20,Demon Slayer: Kimetsu no Yaiba,5449324,348545
2020-08-24 21:22:41,2020-08-24 21:22:41,Baki (2018),5449324,348742
2019-06-22 21:04:26,2019-06-22 21:04:26,All About The Washingtons,5449324,349077
2018-10-26 22:34:13,2018-10-26 22:34:13,,5449324,349078
2022-12-25 20:46:04,2022-12-25 20:46:04,Manifest,5449324,349271
2019-05-08 13:37:43,2019-05-08 13:37:43,The Dragon Prince,5449324,350123
2020-04-20 00:03:55,2020-04-20 00:03:55,Amazing Interiors,5449324,350265
2019-05-08 13:32:34,2019-05-08 13:32:34,She-Ra and the Princesses of Power,5449324,350399
2019-05-08 13:37:27,2019-05-08 13:37:27,Switched,5449324,350628
2019-05-08 13:38:18,2019-05-08 13:38:18,Patriot Act with Hasan Minhaj,5449324,351269
2020-08-24 21:19:13,2020-08-24 21:19:13,Saint Seiya: Knights of the Zodiac,5449324,351487
2020-04-20 00:03:43,2020-04-20 00:03:43,The Curious Creations of Christine McConnell,5449324,351770
2019-05-08 13:28:59,2019-05-08 13:28:59,Dancing Queen,5449324,351896
2020-04-20 00:03:51,2020-04-20 00:03:51,The Final Table,5449324,351971
2020-08-24 21:19:21,2020-08-24 21:19:21,Kengan Ashura,5449324,354179
2020-08-24 21:10:13,2020-08-24 21:10:13,AJ and the Queen,5449324,354305
2024-01-03 18:30:19,2024-01-03 18:30:19,Corrida das Blogueiras,5449324,354639
2020-08-24 21:21:34,2020-08-24 21:21:34,Hero Mask,5449324,355025
2020-06-25 21:45:01,2020-06-25 21:45:01,RuPaul's Drag Race: Holi-slay Spectacular,5449324,355187
2019-07-09 21:18:15,2019-07-09 21:18:15,Fire Force,5449324,355480
2019-07-28 16:46:59,2019-07-28 16:46:59,Vai Anitta,5449324,355486
2022-01-24 21:29:48,2022-01-24 21:29:48,The Boys,5449324,355567
2019-07-09 21:17:52,2019-07-09 21:17:52,Dr. STONE,5449324,355774
2022-06-01 19:53:14,2022-06-01 19:53:14,Carmen Sandiego,5449324,356574
2021-02-02 12:09:45,2021-02-02 12:09:45,Weird City,5449324,356940
2019-02-26 00:25:34,2019-02-26 00:25:34,Tidying Up with Marie Kondo,5449324,357071
2025-12-06 13:15:38,2025-12-06 13:15:38,Isekai Quartet,5449324,357471
2019-07-09 21:18:34,2019-07-09 21:18:34,Fruits Basket (2019),5449324,357488
2025-12-06 13:13:30,2025-12-06 13:13:30,2 Moons 2,5449324,357590
2024-01-21 16:20:20,2024-01-21 16:20:20,The Twelve Strokes of Noon,5449324,359149
2019-07-09 21:17:58,2019-07-09 21:17:58,Vinland Saga,5449324,359274
2020-12-03 21:26:13,2020-12-03 21:26:13,High School Musical: The Musical: The Series,5449324,359728
2020-08-24 21:14:52,2020-08-24 21:14:52,Tuca & Bertie,5449324,361005
2022-12-25 20:46:47,2022-12-25 20:46:47,You vs. Wild,5449324,361214
2025-12-06 13:15:02,2025-12-06 13:15:02,Are You Lost?,5449324,362052
2021-04-10 22:13:31,2021-04-10 22:13:31,WandaVision,5449324,362392
2025-12-06 13:16:05,2025-12-06 13:16:05,Primal,5449324,364007
2022-06-01 19:53:17,2022-06-01 19:53:17,Inside Job,5449324,365098
2020-08-24 21:18:44,2020-08-24 21:18:44,Kipo and the Age of Wonderbeasts,5449324,365463
2025-12-06 13:14:38,2025-12-06 13:14:38,What If…?,5449324,367147
2020-08-24 21:09:56,2020-08-24 21:09:56,The Circle (US),5449324,368012
2022-01-24 21:30:08,2022-01-24 21:30:08,Fate: The Winx Saga,5449324,368185
2025-12-06 13:16:07,2025-12-06 13:16:07,Masters of the Universe: Revelation,5449324,368321
2025-12-06 13:14:22,2025-12-06 13:14:22,"Science Fell in Love, So I Tried to Prove It",5449324,368358
2022-12-25 20:46:39,2022-12-25 20:46:39,The I-Land,5449324,368387
2025-12-06 13:16:36,2025-12-06 13:16:36,Kemono Michi: Rise Up,5449324,368905
2020-08-24 21:11:32,2020-08-24 21:11:32,Rhythm + Flow,5449324,369025
2020-08-24 21:20:21,2020-08-24 21:20:21,Stars Align,5449324,369141
2020-08-24 21:10:42,2020-08-24 21:10:42,The Circle (BR),5449324,369956
2022-06-02 21:16:32,2022-06-02 21:16:32,Human Resources (2022),5449324,370452
2025-12-06 13:15:13,2025-12-06 13:15:13,Appare-Ranman!,5449324,371000
2022-01-24 21:30:25,2022-01-24 21:30:25,Arcane,5449324,371028
2020-08-24 21:10:38,2020-08-24 21:10:38,RuPaul's Secret Celebrity Drag Race,5449324,371278
2025-12-06 13:16:15,2025-12-06 13:16:15,My Next Life as a Villainess: All Routes Lead to Doom!,5449324,371437
2025-12-06 13:22:25,2025-12-06 13:22:25,Fast & Furious: Spy Racers,5449324,372498
2020-08-24 21:10:20,2020-08-24 21:10:20,Next in Fashion,5449324,375605
2025-10-14 19:35:53,2025-10-14 19:35:53,The Daily Life of the Immortal King,5449324,376751
2020-08-24 21:11:27,2020-08-24 21:11:27,Tiger King,5449324,377269
2020-08-24 21:17:55,2020-08-24 21:17:55,The Trials of Gabriel Fernandez,5449324,377321
2024-01-03 18:30:55,2024-01-03 18:30:55,JUJUTSU KAISEN,5449324,377543
2025-12-06 13:15:50,2025-12-06 13:15:50,Onyx Equinox,5449324,377625
2022-06-01 19:53:24,2022-06-01 19:53:24,Q-Force,5449324,379858
2020-08-24 21:11:12,2020-08-24 21:11:12,Floor Is Lava,5449324,383101
2024-01-03 18:30:25,2024-01-03 18:30:25,LEGO Masters (FR),5449324,385123
2025-12-06 13:15:25,2025-12-06 13:15:25,Moriarty the Patriot,5449324,385542
2024-01-03 18:30:16,2024-01-03 18:30:16,Burn the Witch,5449324,389459
2024-01-21 16:20:03,2024-01-21 16:20:03,Barbapapa: One Big Happy Family!,5449324,393029
2025-12-06 13:14:55,2025-12-06 13:14:55,I Am Groot,5449324,393201
2025-12-06 13:16:15,2025-12-06 13:16:15,Dug Days,5449324,393210
2022-06-02 21:16:14,2022-06-02 21:16:14,WeCrashed,5449324,393499
2025-12-06 13:16:06,2025-12-06 13:16:06,The Honor Student at Magic High School (2021),5449324,394013
2025-12-06 13:14:51,2025-12-06 13:14:51,The aquatope on white sand,5449324,395198
2025-12-06 13:14:17,2025-12-06 13:14:17,The Detective Is Already Dead,5449324,397197
2025-12-06 13:15:03,2025-12-06 13:15:03,Blue Reflection Ray,5449324,399467
2025-12-06 13:15:04,2025-12-06 13:15:04,"Liar, Liar",5449324,401619
2025-12-06 13:14:59,2025-12-06 13:14:59,The Idaten Deities Know Only Peace,5449324,401856
2025-12-06 13:16:38,2025-12-06 13:16:38,Love After World Domination,5449324,401902
2025-12-06 13:22:17,2025-12-06 13:22:17,Love of Kill,5449324,406168
2026-02-21 23:29:21,2026-02-21 23:29:21,Aoashi,5449324,407840
2025-12-06 13:14:46,2025-12-06 13:14:46,Under Ninja,5449324,409650
2025-12-06 13:15:27,2025-12-06 13:15:27,I'm Quitting Heroing,5449324,411625
2025-12-06 13:22:19,2025-12-06 13:22:19,Kakegurui Twin (2022),5449324,412354
2025-01-09 23:00:14,2025-01-09 23:00:14,Call of the Night,5449324,412374
2025-12-06 13:14:25,2025-12-06 13:14:25,"More than a Married Couple, but Not Lovers.",5449324,412806
2024-01-21 16:17:38,2024-01-21 16:17:38,"Palmashow, The Show",5449324,414395
2025-01-09 23:00:08,2025-01-09 23:00:08,My Man is Cupid,5449324,414444
2025-12-06 13:14:21,2025-12-06 13:14:21,NieR:Automata Ver1.1a,5449324,416998
2025-12-06 13:15:56,2025-12-06 13:15:56,Immoral Guild,5449324,417674
2025-12-06 13:15:09,2025-12-06 13:15:09,Agent Elvis,5449324,417944
2025-12-06 13:15:22,2025-12-06 13:15:22,Blades of the Guardians,5449324,419618
2026-02-21 23:29:25,2026-02-21 23:29:25,Kung Fu Panda: The Dragon Knight,5449324,419961
2025-12-06 13:16:09,2025-12-06 13:16:09,Castlevania: Nocturne,5449324,421113
2026-02-21 23:29:17,2026-02-21 23:29:17,No Longer Allowed in Another World,5449324,422250
2024-01-21 16:20:40,2024-01-21 16:20:40,Wakfu: The Quest for the Six Eliatrope Dofus,5449324,422833
2025-12-06 13:15:32,2025-12-06 13:15:32,Sweet Reincarnation,5449324,423096
2026-02-21 23:29:19,2026-02-21 23:29:19,Delicious in Dungeon,5449324,423257
2025-01-09 23:00:00,2025-01-09 23:00:00,Onimusha,5449324,425299
2025-12-06 13:15:19,2025-12-06 13:15:19,My Instant Death Ability Is Overpowered,5449324,427883
2025-01-09 23:00:12,2025-01-09 23:00:12,Celebrity (2023),5449324,427920
2025-12-06 13:15:17,2025-12-06 13:15:17,2.5 Dimensional Seduction,5449324,428168
2025-12-06 13:16:43,2025-12-06 13:16:43,Firefighter Daigo: Rescuer in Orange,5449324,428394
2025-12-06 13:22:23,2025-12-06 13:22:23,Zom 100: Bucket List of the Dead,5449324,429310
2025-12-06 13:15:52,2025-12-06 13:15:52,A Playthrough of a Certain Dude's VRMMO Life,5449324,430925
2025-12-06 13:13:39,2025-12-06 13:13:39,Ranking of Kings: The Treasure Chest of Courage,5449324,432080
2025-07-16 21:07:42,2025-07-16 21:07:42,DAN DA DAN,5449324,432832
2025-01-09 22:59:28,2025-01-09 22:59:28,WIND BREAKER,5449324,433088
2025-12-06 13:15:42,2025-12-06 13:15:42,Sengoku Youko,5449324,438151
2024-01-21 16:19:08,2024-01-21 16:19:08,"The Floor, à la conquête du sol",5449324,443314
2024-01-21 16:17:48,2024-01-21 16:17:48,Squeezie: Thanks Internet,5449324,443496
2025-07-16 21:07:51,2025-07-16 21:07:51,The Summer Hikaru Died,5449324,450428
2026-01-15 20:31:53,2026-01-15 20:31:53,Three Graces,5449324,461305
