episode_id,created_at,updated_at,tv_show_name,user_id,tv_show_id
3,2020-08-24 21:24:45,2020-08-24 21:24:45,Buffy the Vampire Slayer,5449324,70327
16029,2021-03-23 18:23:53,2021-03-23 18:23:53,Charmed,5449324,70626
6122663,2017-08-21 14:47:24,2017-08-21 14:47:24,Fort Boyard,5449324,71350
7891632,2022-09-03 15:18:50,2022-09-03 15:18:50,The Simpsons,5449324,71663
7068752,2019-04-18 22:15:34,2019-04-18 22:15:34,Arrested Development,5449324,72173
110907,2021-02-06 20:48:17,2021-02-06 20:48:17,Space Goofs,5449324,73248
307233,2022-04-20 00:57:41,2022-04-20 00:57:41,Malcolm in the Middle,5449324,73838
384144,2022-06-29 07:15:16,2022-06-29 07:15:16,Code Lyoko,5449324,74280
295369,2018-09-11 19:34:51,2018-09-11 19:34:51,Weeds,5449324,74845
739091,2018-08-01 12:56:26,2018-08-01 12:56:26,SpongeBob SquarePants,5449324,75886
9708907,2023-06-13 18:49:49,2024-11-21 21:13:22,Pokémon,5449324,76703
218585,2019-04-30 20:16:20,2019-04-30 20:16:20,"Sabrina, The Teenage Witch",5449324,76876
310845,2016-10-28 04:32:14,2016-10-28 04:32:14,Dexter,5449324,79349
4448292,2022-08-02 01:30:55,2022-08-02 01:30:55,Skins,5449324,79773
324818,2018-12-26 21:40:20,2018-12-26 21:40:20,"Go, Diego, Go!",5449324,79896
5437433,2018-10-29 22:59:07,2018-10-29 22:59:07,Happy Tree Friends,5449324,80534
2943791,2020-05-01 19:32:01,2020-05-01 19:32:01,Wizards of Waverly Place,5449324,80726
439930,2016-10-03 17:53:56,2016-10-03 17:53:56,Le cœur a ses raisons,5449324,80741
10840040,2020-12-31 23:45:46,2024-12-18 21:38:54,"Don't Do This, Don't Do That",5449324,80977
368333,2020-09-01 16:13:47,2020-09-01 16:13:47,H2O: Just Add Water,5449324,81061
363266,2020-05-06 18:29:58,2020-05-06 18:29:58,Phineas and Ferb,5449324,81848
6706944,2018-10-03 11:04:45,2018-10-03 11:04:45,Oggy and the Cockroaches,5449324,82956
5011466,2019-08-31 13:07:57,2019-08-31 13:07:57,Glee,5449324,83610
441605,2019-03-02 17:17:43,2019-03-02 17:17:43,Dinosaur King,5449324,85329
5160954,2016-11-28 17:27:51,2016-11-28 17:27:51,Modern Family,5449324,95011
1339301,2016-02-23 02:37:23,2016-02-23 02:37:23,The Middle,5449324,95021
1059241,2018-11-18 12:38:37,2018-11-18 12:38:37,Titeuf,5449324,100991
4245777,2021-02-03 08:38:09,2021-02-03 08:38:09,Game of Thrones,5449324,121361
4682065,2020-12-13 14:36:34,2020-12-13 14:36:34,Misfits,5449324,124051
4699391,2016-02-25 00:57:35,2016-02-25 00:57:35,Campers in Paradise,5449324,125431
1953521,2020-10-27 17:26:18,2020-10-27 17:26:18,One Step Forward,5449324,144491
1795171,2018-03-10 18:08:03,2018-03-10 18:08:03,The Garfield Show,5449324,145371
1795851,2017-06-03 20:34:39,2017-06-03 20:34:39,Simon's Cat,5449324,145431
5017384,2018-07-07 22:26:52,2018-07-07 22:26:52,Pretty Little Liars,5449324,146711
2165931,2016-08-25 21:13:24,2016-08-25 21:13:24,Genie in the House,5449324,160661
6608936,2018-03-22 21:23:38,2018-03-22 21:23:38,"Josephine, Guardian Angel",5449324,196331
5389306,2016-09-26 22:00:42,2016-09-26 22:00:42,Profilage,5449324,226181
7096874,2019-06-13 23:28:14,2019-06-13 23:28:14,Clem,5449324,243011
5099738,2017-05-17 15:55:51,2017-05-17 15:55:51,Watch My Chops,5449324,247952
4433541,2016-11-19 13:32:18,2016-11-19 13:32:18,New Girl,5449324,248682
4558191,2016-08-12 23:44:31,2016-08-12 23:44:31,Don't Trust the B---- in Apartment 23,5449324,248812
4164087,2017-04-28 18:02:46,2017-04-28 18:02:46,Once Upon a Time (2011),5449324,248835
4345288,2016-11-02 06:34:47,2016-11-02 06:34:47,Touch (2012),5449324,248935
4382732,2017-01-13 21:09:15,2017-01-13 21:09:15,My Babysitter's a Vampire,5449324,248972
11822525,2023-08-04 20:20:03,2026-06-30 22:48:09,Secret Story,5449324,249896
10431095,2023-05-19 20:18:36,2025-09-06 16:55:06,American Horror Story,5449324,250487
10939905,2017-11-05 04:01:45,2025-04-19 21:17:56,Bref.,5449324,251562
4665665,2018-05-12 21:14:04,2018-05-12 21:14:04,The Minimighty Kids,5449324,251740
11023066,2023-06-21 20:28:51,2025-04-29 09:05:44,Black Mirror,5449324,253463
7021761,2019-03-26 21:08:15,2019-03-26 21:08:15,American Gods,5449324,253573
7825800,2022-06-24 00:37:04,2022-06-24 00:37:04,Rita,5449324,256006
4715708,2022-05-31 21:33:50,2022-05-31 21:33:50,Hollywood Girls,5449324,257306
4881190,2018-07-24 14:45:48,2018-07-24 14:45:48,Shuriken School,5449324,257599
4348880,2017-06-22 00:53:46,2017-06-22 00:53:46,Fish 'N' Chips,5449324,260194
5689186,2017-08-13 14:16:45,2017-08-13 14:16:45,Orphan Black,5449324,260315
4994785,2016-04-26 18:44:26,2016-04-26 18:44:26,The Vault,5449324,261401
4382082,2017-06-22 00:50:09,2017-06-22 00:50:09,A Kind of Magic,5449324,261618
5939690,2017-04-25 18:03:31,2017-04-25 18:03:31,Bates Motel,5449324,262414
6722944,2019-11-10 22:40:58,2019-11-10 22:40:58,Michel,5449324,262538
4914793,2017-01-13 12:34:43,2017-01-13 12:34:43,Under the Dome,5449324,264492
7285695,2019-07-28 04:55:59,2019-07-28 04:55:59,Orange Is the New Black,5449324,264586
4488245,2022-07-01 08:17:18,2022-07-01 08:17:18,Code Lyoko: Evolution,5449324,265109
5248997,2016-08-31 11:06:38,2016-08-31 11:06:38,My Mad Fat Diary,5449324,265110
4558431,2019-12-29 06:05:01,2019-12-29 06:05:01,EastSiders,5449324,265359
4771444,2016-12-04 20:04:57,2016-12-04 20:04:57,Penny Dreadful,5449324,265766
8085638,2021-03-29 13:34:18,2021-03-29 13:34:18,Attack on Titan,5449324,267440
5985411,2019-01-04 04:09:33,2019-01-04 04:09:33,The Fosters (2013),5449324,267907
6663646,2018-06-09 14:52:11,2018-06-09 14:52:11,Sense8,5449324,268156
5244068,2016-07-21 16:55:51,2016-07-21 16:55:51,The Jungle Bunch,5449324,268773
4682669,2019-03-14 17:52:28,2019-03-14 17:52:28,Reign (2013),5449324,269602
4695966,2016-09-07 19:48:52,2016-09-07 19:48:52,Hostages (US),5449324,269642
4864452,2017-06-20 00:51:47,2017-06-20 00:51:47,Andy Raconte,5449324,273242
5079909,2017-06-03 20:18:33,2017-06-03 20:18:33,Connasse,5449324,273354
4665951,2016-05-16 16:56:25,2016-05-16 16:56:25,Victoire Bonnot,5449324,273527
4675624,2016-08-25 14:16:09,2016-08-25 14:16:09,Pokémon: Origins,5449324,273616
6644528,2018-04-12 09:29:47,2018-04-12 09:29:47,Studio Bagel,5449324,274237
5001058,2024-10-05 23:57:07,2024-10-14 11:38:36,Gotham,5449324,274431
5598482,2017-05-08 23:08:10,2017-05-08 23:08:10,Salem,5449324,274897
7186906,2019-11-26 21:16:32,2019-11-26 21:16:32,Rick and Morty,5449324,275274
4739491,2016-04-06 18:37:44,2016-04-06 18:37:44,From Dusk Till Dawn: The Series,5449324,276312
5002150,2017-09-29 22:09:33,2017-09-29 22:09:33,Faking It (2014),5449324,277169
9173960,2022-05-22 18:56:45,2022-05-22 18:56:45,The Wakos,5449324,277455
4817560,2016-07-28 00:58:03,2016-07-28 00:58:03,Rosie (2011),5449324,279215
6165924,2017-07-17 20:38:26,2017-07-17 20:38:26,Squeezie,5449324,279758
5560087,2016-10-10 05:29:59,2016-10-10 05:29:59,iZombie,5449324,281470
5146755,2016-07-23 01:03:53,2016-07-23 01:03:53,Forever (2014),5449324,281535
7712962,2020-05-18 00:55:20,2020-05-18 00:55:20,Unbreakable Kimmy Schmidt,5449324,281593
7044984,2020-01-07 00:21:37,2020-01-07 00:21:37,Jane the Virgin,5449324,281621
6645085,2018-06-19 11:54:24,2018-06-19 11:54:24,The Last Man on Earth,5449324,281622
6297741,2018-02-19 22:50:38,2018-02-19 22:50:38,BoJack Horseman,5449324,282254
6462765,2018-02-10 22:51:34,2018-02-10 22:51:34,Grace and Frankie,5449324,282562
5292344,2017-06-12 11:56:00,2017-06-12 11:56:00,Narcos,5449324,282670
4947767,2016-01-17 00:53:59,2016-01-17 00:53:59,The Returned (US),5449324,283317
5469934,2016-10-08 14:12:30,2016-10-08 14:12:30,Assassination Classroom,5449324,283947
7211050,2019-07-19 21:59:33,2019-07-19 21:59:33,Marvel's Jessica Jones,5449324,284190
4997840,2016-08-22 17:49:16,2016-08-22 17:49:16,Lovesick,5449324,286126
5003088,2017-11-09 22:24:40,2017-11-09 22:24:40,Carmilla,5449324,286357
6166559,2018-07-13 12:24:07,2018-07-13 12:24:07,Making A Scene With James Franco,5449324,286891
5064004,2016-03-28 15:42:42,2016-03-28 15:42:42,All Hail King Julien,5449324,288926
6485782,2018-03-25 13:38:44,2018-03-25 13:38:44,American Crime Story,5449324,289108
5240617,2020-01-04 01:50:06,2020-01-04 01:50:06,Mr. Robot,5449324,289590
5219638,2016-12-05 21:00:08,2016-12-05 21:00:08,The Adventures of Puss in Boots,5449324,290174
5093568,2016-02-08 20:21:07,2016-02-08 20:21:07,Paris (2015),5449324,290268
5100930,2018-10-20 22:07:07,2018-10-20 22:07:07,Cucumber,5449324,290623
5648538,2016-07-12 22:12:50,2016-07-12 22:12:50,Between,5449324,293194
5841463,2017-05-03 11:12:35,2017-05-03 11:12:35,Scream Queens,5449324,293302
7250763,2019-07-29 06:40:17,2019-07-29 06:40:17,Scream: The TV Series,5449324,294417
5202318,2021-12-20 23:43:40,2021-12-20 23:43:40,Trollz,5449324,294729
5302888,2019-07-01 13:59:26,2019-07-01 13:59:26,Lucifer,5449324,295685
5230390,2016-02-03 15:29:05,2016-02-03 15:29:05,Hjørdis,5449324,295727
5397199,2017-11-04 23:58:04,2017-11-04 23:58:04,Crazy Ex-Girlfriend,5449324,295777
5865454,2018-04-08 13:04:21,2018-04-08 13:04:21,Shadowhunters,5449324,295837
6264661,2018-02-19 22:20:10,2018-02-19 22:20:10,Glitch (2015),5449324,296550
6678940,2018-07-08 11:39:33,2018-07-08 11:39:33,Westworld,5449324,296762
5816249,2017-06-29 21:17:33,2017-06-29 21:17:33,Stupid Questions,5449324,296967
5298530,2021-01-23 12:08:37,2021-01-23 12:08:37,The Magicians (2015),5449324,299139
6317623,2017-11-17 15:18:19,2017-11-17 15:18:19,Project Mc²,5449324,299260
5458767,2019-08-29 09:53:23,2019-08-29 09:53:23,You'll Die Less Stupid,5449324,299856
7777808,2020-11-02 22:57:04,2020-11-02 22:57:04,Call My Agent!,5449324,300247
5348150,2016-02-23 01:45:12,2016-02-23 01:45:12,Elise's Secret,5449324,300699
5925494,2017-04-16 23:13:54,2017-04-16 23:13:54,Chewing Gum,5449324,301562
5866692,2017-06-29 21:09:39,2017-06-29 21:09:39,Le Woop,5449324,302102
7093058,2021-03-25 19:07:18,2021-03-25 19:07:18,Miraculous: Tales of Ladybug & Cat Noir,5449324,302218
6945096,2018-12-23 18:16:51,2018-12-23 18:16:51,Skam,5449324,303786
5545823,2017-10-30 23:10:33,2017-10-30 23:10:33,Marvel's Luke Cage,5449324,304219
6111591,2017-12-08 16:49:41,2017-12-08 16:49:41,Wanted (2016),5449324,304591
5570622,2021-05-01 20:09:03,2021-05-01 20:09:03,My Hero Academia,5449324,305074
7197111,2019-07-01 21:05:35,2019-07-01 21:05:35,Slasher,5449324,305194
6933995,2019-07-21 17:45:13,2019-07-21 17:45:13,Stranger Things,5449324,305288
6590587,2018-04-09 21:00:04,2018-04-09 21:00:04,Love,5449324,305378
5474001,2019-03-09 16:41:38,2019-03-09 16:41:38,The Crown,5449324,305574
7290837,2019-07-25 01:37:41,2019-07-25 01:37:41,Big Little Lies,5449324,305719
6653601,2019-01-03 04:17:45,2019-01-03 04:17:45,A Series of Unfortunate Events,5449324,306304
7093861,2019-07-18 13:27:48,2019-07-18 13:27:48,You Me Her,5449324,309130
5570701,2016-05-16 20:27:59,2016-05-16 20:27:59,Sam (2016),5449324,309835
6163488,2017-06-30 01:54:31,2017-06-30 01:54:31,,5449324,311312
7381120,2022-06-22 23:56:03,2022-06-22 23:56:03,The Good Place,5449324,311711
5711416,2016-11-15 18:18:58,2016-11-15 18:18:58,Timeless (2016),5449324,311713
5737314,2017-05-28 22:59:53,2017-05-28 22:59:53,This Is Us,5449324,311714
6415451,2018-04-20 22:49:14,2018-04-20 22:49:14,The Exorcist,5449324,311816
6751825,2018-07-18 03:05:37,2018-07-18 03:05:37,Marlon,5449324,311901
6012833,2017-05-31 21:43:43,2017-05-31 21:43:43,Still Star-Crossed,5449324,311908
7142226,2019-05-17 18:01:47,2019-05-17 18:01:47,Riverdale,5449324,311954
5797995,2016-12-17 14:22:25,2016-12-17 14:22:25,Frequency,5449324,311958
6395205,2018-07-02 00:58:54,2018-07-02 00:58:54,Dirk Gently's Holistic Detective Agency,5449324,312505
7481529,2019-12-22 03:43:53,2019-12-22 03:43:53,Beautiful Loser,5449324,312515
5680590,2016-10-03 15:51:08,2016-10-03 15:51:08,,5449324,312978
6371862,2017-10-21 16:39:16,2017-10-21 16:39:16,Haters Back Off,5449324,313589
6089150,2017-05-17 15:39:21,2017-05-17 15:39:21,Startup Heroes,5449324,314288
6973736,2019-04-11 20:33:22,2019-04-11 20:33:22,High Maintenance (2016),5449324,314324
5868368,2017-06-04 12:05:24,2017-06-04 12:05:24,,5449324,314427
6795576,2019-07-22 03:04:47,2019-07-22 03:04:47,Naked Attraction,5449324,314821
6644527,2018-04-12 09:50:25,2018-04-12 09:50:25,,5449324,315250
7200236,2019-05-24 16:58:01,2019-05-24 16:58:01,,5449324,315991
7428592,2020-04-26 22:32:54,2020-04-26 22:32:54,Grown Ups (2016),5449324,316176
5772705,2016-12-25 02:52:18,2016-12-25 02:52:18,Pokémon Generations,5449324,316998
6780697,2019-02-27 15:10:07,2019-02-27 15:10:07,The Deuce,5449324,317728
7187758,2022-06-11 02:33:15,2022-06-11 02:33:15,Paquita Salas,5449324,317995
5796168,2017-02-08 15:35:31,2017-02-08 15:35:31,Crazyhead,5449324,318000
5920641,2017-08-26 04:12:35,2017-08-26 04:12:35,Little Witch Academia,5449324,318161
6939229,2019-02-17 13:42:58,2019-02-17 13:42:58,One Day at a Time (2017),5449324,318363
5958423,2018-07-17 01:57:46,2018-07-17 01:57:46,The Throne of Frogz,5449324,318432
5812495,2023-01-22 19:14:36,2023-01-22 19:14:36,Great Greek Myths,5449324,318970
5821287,2017-07-02 22:35:33,2017-07-02 22:35:33,La Loove,5449324,319222
5852015,2020-12-18 23:29:04,2020-12-18 23:29:04,Lastman,5449324,319531
7098816,2019-05-10 19:57:24,2019-05-10 19:57:24,,5449324,320344
7109112,2019-04-06 11:20:38,2019-04-06 11:20:38,Santa Clarita Diet,5449324,320450
6760522,2018-07-14 15:48:28,2018-07-14 15:48:28,Bapt & Gaël and the Adventures of the Cosmic Ball,5449324,320613
6455702,2019-05-08 13:05:12,2019-05-08 13:05:12,The OA,5449324,321060
8319642,2021-06-22 21:08:23,2021-06-22 21:08:23,The Handmaid's Tale,5449324,321239
5897857,2018-02-15 21:00:36,2018-02-15 21:00:36,Prof T.,5449324,321746
7093124,2019-08-09 12:14:55,2019-08-09 12:14:55,The Worst Witch (2017),5449324,321884
5963296,2017-04-22 22:39:49,2017-04-22 22:39:49,Girlboss,5449324,322246
7221292,2019-06-04 21:49:43,2019-06-04 21:49:43,,5449324,322332
6561021,2018-07-19 20:58:12,2018-07-19 20:58:12,,5449324,322358
5994934,2018-03-25 16:47:03,2018-03-25 16:47:03,Feud,5449324,322466
5934057,2017-03-06 22:01:20,2017-03-06 22:01:20,Louis(e),5449324,322884
7739416,2022-06-14 20:39:07,2022-06-14 20:39:07,13 Reasons Why,5449324,323168
6818477,2018-11-14 14:37:45,2018-11-14 14:37:45,Cable Girls,5449324,323225
6668593,2018-05-15 16:36:24,2018-05-15 16:36:24,Dear White People,5449324,323855
6675816,2018-07-23 02:37:49,2018-07-23 02:37:49,GLOW,5449324,324835
6639129,2018-08-09 14:38:11,2018-08-09 14:38:11,Kiss Me First,5449324,324916
6398349,2018-04-08 21:11:04,2018-04-08 21:11:04,,5449324,326815
6757799,2018-10-20 18:18:35,2018-10-20 18:18:35,The Sinner,5449324,326866
6150766,2017-08-26 04:54:37,2017-08-26 04:54:37,The Mist,5449324,326887
6055049,2018-02-14 17:52:20,2018-02-14 17:52:20,Disjointed,5449324,327359
8447804,2022-07-04 10:48:52,2022-07-04 10:48:52,Money Heist,5449324,327417
6062058,2017-09-14 10:53:02,2017-09-14 10:53:02,White Gold,5449324,327600
6879480,2018-11-15 22:29:05,2018-11-15 22:29:05,En fait,5449324,328068
6845753,2018-11-25 20:47:25,2018-11-25 20:47:25,,5449324,328213
6084435,2017-06-29 21:04:22,2017-06-29 21:04:22,Seb,5449324,328224
6157888,2017-07-04 03:48:14,2017-07-04 03:48:14,Gypsy,5449324,328292
7324045,2020-11-24 22:13:07,2020-11-24 22:13:07,Room 104,5449324,328308
6712758,2018-06-28 21:10:39,2018-06-28 21:10:39,,5449324,328346
6085886,2017-08-11 08:53:53,2017-08-11 08:53:53,Playground,5449324,328350
6447044,2018-07-04 14:03:07,2018-07-04 14:03:07,Happy!,5449324,328361
6086184,2017-08-22 01:12:07,2017-08-22 01:12:07,Tycoon (2017),5449324,328368
6376266,2017-10-30 14:10:05,2017-10-30 14:10:05,Pillow Talk,5449324,328369
6087349,2017-07-01 02:50:46,2017-07-01 02:50:46,Junior,5449324,328398
6601756,2018-07-10 20:48:41,2018-07-10 20:48:41,Champions,5449324,328535
6148891,2017-10-05 18:16:01,2017-10-05 18:16:01,The Gifted,5449324,328552
8398130,2022-08-03 11:29:47,2022-08-03 11:29:47,Good Girls,5449324,328577
6882238,2019-01-05 00:11:01,2019-01-05 00:11:01,The Good Doctor,5449324,328634
6093252,2017-11-24 21:23:53,2017-11-24 21:23:53,Saving The Human Race,5449324,328661
7088165,2019-06-15 23:52:28,2019-06-15 23:52:28,Dynasty (2017),5449324,328749
6097676,2017-05-22 19:12:49,2017-05-22 19:12:49,,5449324,328844
6103346,2017-11-01 00:15:55,2017-11-01 00:15:55,Friends from College,5449324,328972
6103944,2017-06-05 22:33:58,2017-06-05 22:33:58,Pineapple,5449324,329058
6172292,2017-09-23 21:35:23,2017-09-23 21:35:23,Ozark,5449324,329089
6189368,2017-08-21 21:17:29,2017-08-21 21:17:29,You Got Trumped: The First 100 Days,5449324,329178
6111360,2017-09-04 07:03:15,2017-09-04 07:03:15,Skinford,5449324,329312
6117111,2017-07-18 14:27:23,2017-07-18 14:27:23,Duels,5449324,329536
6353314,2018-02-17 20:58:02,2018-02-17 20:58:02,Alias Grace,5449324,329586
6120078,2017-10-13 23:42:35,2017-10-13 23:42:35,,5449324,329655
6120630,2017-08-22 02:38:21,2017-08-22 02:38:21,Exposed,5449324,329674
6122116,2019-07-15 04:05:32,2019-07-15 04:05:32,Planet of the Apps,5449324,329718
6125667,2017-06-18 03:44:56,2017-06-18 03:44:56,Virgin,5449324,329841
6139876,2022-07-23 13:50:46,2022-07-23 13:50:46,,5449324,330082
6138699,2017-08-22 03:29:21,2017-08-22 03:29:21,Icarus,5449324,330229
7382468,2022-06-22 23:19:41,2022-06-22 23:19:41,Atypical,5449324,330374
6174771,2017-11-19 22:13:23,2017-11-19 22:13:23,Presque adultes,5449324,330433
6380195,2020-05-17 01:05:00,2020-05-17 01:05:00,Calls,5449324,330525
6162983,2017-08-22 06:15:56,2017-08-22 06:15:56,Surrogate,5449324,330895
9318998,2022-12-25 20:21:39,2022-12-25 20:21:39,Big Mouth,5449324,331431
6751414,2018-07-19 21:16:26,2018-07-19 21:16:26,Epic Time Leap,5449324,331604
6201846,2017-07-26 06:44:00,2017-07-26 06:44:00,Skal,5449324,331920
6201876,2017-08-22 03:37:52,2017-08-22 03:37:52,Twiz & Tuck's Bucket List,5449324,331922
6332720,2017-10-16 00:46:42,2017-10-16 00:46:42,Superhigh,5449324,331988
6248747,2017-08-16 23:56:18,2017-08-16 23:56:18,,5449324,332272
6235287,2017-08-21 21:55:52,2017-08-21 21:55:52,Everyone I Love Is Dead,5449324,332763
6518554,2018-10-14 08:56:37,2018-10-14 08:56:37,American Vandal,5449324,332828
7021769,2020-05-10 03:28:26,2020-05-10 03:28:26,SMILF,5449324,332898
7110602,2019-07-15 03:10:23,2019-07-15 03:10:23,Carpool Karaoke: The Series,5449324,332954
6243235,2017-08-10 11:59:17,2017-08-10 11:59:17,The Bar Mitzvah,5449324,332963
6276544,2017-08-28 08:53:20,2017-08-28 08:53:20,Sons of God,5449324,333838
6283823,2018-05-01 22:01:44,2018-05-01 22:01:44,Superstition,5449324,334003
6868841,2019-02-24 19:27:11,2019-02-24 19:27:11,Lore,5449324,334147
7085515,2019-08-11 01:39:07,2019-08-11 01:39:07,Samantha!,5449324,334543
6860880,2018-12-24 16:29:36,2018-12-24 16:29:36,Neo Yokio,5449324,334670
6347559,2018-03-11 23:44:41,2018-03-11 23:44:41,Dark,5449324,334824
6341865,2017-10-04 19:55:45,2017-10-04 19:55:45,Mooom,5449324,335024
6786330,2021-02-08 13:02:48,2021-02-08 13:02:48,Siren (2018),5449324,335982
7395734,2019-11-10 23:16:17,2019-11-10 23:16:17,The End of the F***ing World,5449324,336522
6464862,2018-02-17 14:37:59,2018-02-17 14:37:59,Re:Mind,5449324,336622
10920390,2023-07-21 04:57:29,2025-05-04 23:59:21,You,5449324,336924
6428380,2020-07-04 21:53:23,2020-07-04 21:53:23,Paris etc.,5449324,337171
6547530,2018-10-12 17:10:35,2018-10-12 17:10:35,Creeped Out,5449324,337218
6397006,2018-07-23 11:01:07,2018-07-23 11:01:07,Raising Hitler,5449324,337395
7162356,2019-07-15 00:26:58,2019-07-15 00:26:58,9-1-1,5449324,337907
6982577,2019-01-09 11:37:10,2019-01-09 11:37:10,gaelle garcia diaz,5449324,338301
7489570,2020-04-06 17:39:36,2020-04-06 17:39:36,Chilling Adventures of Sabrina,5449324,338947
7106048,2019-08-11 01:26:44,2019-08-11 01:26:44,On My Block,5449324,339273
7201382,2019-07-21 02:38:10,2019-07-21 02:38:10,Sweetbitter,5449324,339512
6467028,2018-04-18 23:24:15,2018-04-18 23:24:15,Polyvalente,5449324,339774
8090576,2022-06-20 17:03:04,2022-06-20 17:03:04,Disenchantment,5449324,340234
6667632,2018-06-22 11:20:44,2018-06-22 11:20:44,Nude,5449324,340793
6499487,2019-01-02 00:59:41,2019-01-02 00:59:41,I Love You 2,5449324,340944
8998256,2022-07-11 14:39:45,2022-07-11 14:39:45,Killing Eve,5449324,340959
7080635,2019-04-15 21:08:26,2019-04-15 21:08:26,Fifty Shades of Greeks,5449324,340973
6765502,2018-10-30 00:22:46,2018-10-30 00:22:46,Heathers,5449324,341235
6529614,2018-02-16 21:37:18,2018-02-16 21:37:18,Everything Sucks!,5449324,341282
6517939,2018-07-31 14:59:34,2018-07-31 14:59:34,Welcome to the Family (2018),5449324,341423
7178663,2019-05-17 21:40:41,2019-05-17 21:40:41,The Rain,5449324,341704
9779159,2023-07-08 10:40:37,2023-07-08 10:40:37,Skam France,5449324,341902
7598157,2022-06-26 21:39:02,2022-06-26 21:39:02,Miracle Workers,5449324,342818
6833340,2018-11-02 02:43:56,2018-11-02 02:43:56,The Boss Baby: Back in Business,5449324,342858
8272949,2021-06-08 22:30:50,2021-06-08 22:30:50,Special,5449324,342976
6564318,2018-04-18 15:34:32,2018-04-18 15:34:32,Lost in Space (2018),5449324,343253
7151262,2019-07-07 17:10:15,2019-07-07 17:10:15,Nailed It!,5449324,343290
6751101,2018-07-17 21:36:40,2018-07-17 21:36:40,Sacred Games,5449324,343435
6578093,2018-04-07 07:45:49,2018-04-07 07:45:49,Derren Brown: The Push,5449324,343656
6603588,2018-10-24 19:09:00,2018-10-24 19:09:00,Skam Germany,5449324,344566
6605072,2019-01-04 01:15:20,2019-01-04 01:15:20,My Brilliant Friend,5449324,344626
8154909,2022-06-02 21:46:53,2022-06-02 21:46:53,Bonding,5449324,344643
6863009,2018-10-25 22:19:17,2018-10-25 22:19:17,Lovleg,5449324,345242
7968847,2021-02-14 10:09:56,2021-02-14 10:09:56,The Haunting,5449324,345246
6809875,2019-03-09 11:40:05,2019-03-09 11:40:05,Vingt-cinq,5449324,345379
6641125,2018-06-20 08:57:14,2018-06-20 08:57:14,,5449324,345479
6644636,2018-04-18 23:17:30,2018-04-18 23:17:30,Vermin,5449324,345948
8477356,2022-01-09 22:15:48,2022-01-09 22:15:48,Pose,5449324,346026
6803229,2018-08-26 20:32:20,2018-08-26 20:32:20,Pêche Aubergine,5449324,346174
7330385,2019-12-22 05:00:24,2019-12-22 05:00:24,Elite,5449324,346328
6655511,2022-06-17 00:41:25,2022-06-17 00:41:25,November 13: Attack on Paris,5449324,346357
6662213,2018-10-20 15:53:32,2018-10-20 15:53:32,SKAM Austin,5449324,346371
7172080,2019-06-14 22:42:42,2019-06-14 22:42:42,Skam Spain,5449324,346465
6833043,2018-10-13 09:10:38,2018-10-13 09:10:38,Sharp Objects,5449324,346602
6664221,2018-05-13 12:29:49,2018-05-13 12:29:49,The Show (2018),5449324,346683
7234902,2019-06-24 20:36:21,2019-06-24 20:36:21,Aggretsuko,5449324,346744
6827550,2019-05-01 22:31:07,2019-05-01 22:31:07,Into the Dark,5449324,347115
6684234,2021-01-20 11:59:54,2021-01-20 11:59:54,Back Street Girls -GOKUDOLLS-,5449324,347160
7398209,2019-10-27 20:39:30,2019-10-27 20:39:30,The House of Flowers,5449324,347325
6687517,2018-12-25 22:18:00,2018-12-25 22:18:00,3Below: Tales of Arcadia,5449324,347512
6688790,2018-07-19 22:55:32,2018-07-19 22:55:32,Marion Seclin,5449324,347544
7142271,2019-07-03 21:26:57,2019-07-03 21:26:57,Jinn,5449324,347710
6718450,2018-06-09 23:06:55,2018-06-09 23:06:55,The Hollow (2018),5449324,347726
6784610,2019-04-10 19:26:14,2019-04-10 19:26:14,Explained,5449324,347903
7372848,2019-10-26 20:59:30,2019-10-26 20:59:30,Insatiable,5449324,348117
7832179,2020-11-07 12:54:08,2020-11-07 12:54:08,PEN15,5449324,348127
6869854,2019-06-22 21:34:30,2019-06-22 21:34:30,Super Drags,5449324,348357
6726601,2018-07-18 01:19:35,2018-07-18 01:19:35,World Cup 2018,5449324,348431
6734165,2022-06-02 01:25:26,2022-06-02 01:25:26,First Love: The Monster Between Us,5449324,348744
6736208,2018-07-01 19:00:31,2018-07-01 19:00:31,Cooking on High,5449324,348774
6800831,2018-09-05 21:31:46,2018-09-05 21:31:46,Paradise PD,5449324,348922
6880370,2018-10-28 14:33:28,2018-10-28 14:33:28,Legacies,5449324,349309
6733508,2018-11-21 13:38:43,2018-11-21 13:38:43,Bodyguard (2018),5449324,349310
6858970,2018-10-31 02:52:17,2018-10-31 02:52:17,Charmed (2018),5449324,349317
6830721,2019-07-17 13:59:49,2019-07-17 13:59:49,Hilda,5449324,349643
6786643,2019-02-25 22:44:34,2019-02-25 22:44:34,The Purge,5449324,349661
8324517,2021-04-18 11:27:24,2021-04-18 11:27:24,Peepoodo,5449324,350191
7154019,2019-08-06 21:14:40,2019-08-06 21:14:40,Cupcake & Dino - General Services,5449324,350225
6773961,2018-07-28 12:24:56,2018-07-28 12:24:56,,5449324,350392
6775602,2018-09-30 18:20:58,2018-09-30 18:20:58,Maniac (2018),5449324,350864
7465685,2019-11-30 09:30:55,2019-11-30 09:30:55,Nailed It! Holiday!,5449324,350879
7406701,2019-12-21 14:00:48,2019-12-21 14:00:48,Magic for Humans,5449324,350907
6782406,2018-11-02 03:25:18,2018-11-02 03:25:18,Tell Me a Story (US),5449324,351134
7308232,2020-10-27 17:35:55,2020-10-27 17:35:55,Dirty John,5449324,351254
6792763,2019-01-14 19:18:20,2019-01-14 19:18:20,Good Trouble,5449324,351504
7398203,2019-10-30 00:31:03,2019-10-30 00:31:03,Baby,5449324,351911
8814924,2021-11-22 01:39:24,2021-11-22 01:39:24,HP,5449324,351956
6904306,2018-12-20 23:49:24,2018-12-20 23:49:24,Mom or Dad,5449324,352132
6896599,2018-12-25 21:54:17,2018-12-25 21:54:17,Perfume (2018),5449324,352150
8064491,2021-05-17 00:45:49,2021-05-17 00:45:49,A Teacher,5449324,352440
7649387,2020-04-03 15:58:25,2020-04-03 15:58:25,Groom,5449324,352572
6835471,2019-02-24 17:08:54,2019-02-24 17:08:54,Mike,5449324,352777
8286721,2021-06-24 19:26:01,2021-06-24 19:26:01,Interns,5449324,352781
6869609,2018-11-18 13:47:28,2018-11-18 13:47:28,Larva Island,5449324,353351
6847131,2019-06-26 19:49:18,2019-06-26 19:49:18,High Seas,5449324,353568
6851548,2019-01-02 01:57:33,2019-01-02 01:57:33,Deadly Class,5449324,353717
6894457,2019-02-19 22:08:32,2019-02-19 22:08:32,The Umbrella Academy,5449324,353764
6938251,2019-03-13 21:26:54,2019-03-13 21:26:54,Always a Witch,5449324,354019
7484755,2022-08-20 21:10:17,2022-08-20 21:10:17,AJ and the Queen,5449324,354305
8439477,2021-07-04 20:48:22,2021-07-04 20:48:22,The A List,5449324,354323
8912266,2022-01-02 05:34:42,2022-01-02 05:34:42,The Hook Up Plan,5449324,354556
7357195,2019-11-28 11:54:05,2019-11-28 11:54:05,Daybreak (2019),5449324,354735
6944781,2021-05-16 01:03:19,2021-05-16 01:03:19,The Act,5449324,354765
6884313,2018-11-02 02:42:56,2018-11-02 02:42:56,Don't Watch This,5449324,354780
6900027,2019-01-13 21:54:16,2019-01-13 21:54:16,The Dead Girls Detective Agency,5449324,355312
6920965,2019-01-14 20:48:02,2019-01-14 20:48:02,Fam,5449324,356093
9882281,2023-11-04 02:06:15,2024-02-02 23:39:07,Sex Education,5449324,356317
6952438,2018-12-24 12:06:16,2018-12-24 12:06:16,Big Head,5449324,356399
9120880,2022-06-06 03:53:17,2022-06-06 03:53:17,Russian Doll,5449324,356640
6940423,2018-12-15 11:00:21,2018-12-15 11:00:21,Roger and his humans,5449324,356728
7069825,2021-05-19 23:16:43,2021-05-19 23:16:43,"Love, Death & Robots",5449324,357888
7056485,2020-08-16 09:31:30,2020-08-16 09:31:30,What We Do in the Shadows,5449324,358211
7052274,2019-05-03 21:32:51,2019-05-03 21:32:51,Pretty Little Liars: The Perfectionists,5449324,358590
7119459,2019-04-16 22:00:10,2019-04-16 22:00:10,Quicksand,5449324,358977
7025383,2019-08-15 02:07:33,2019-08-15 02:07:33,Osmosis (2019),5449324,359238
7045183,2019-08-22 23:24:23,2019-08-22 23:24:23,Good Omens,5449324,359569
7054280,2019-04-18 22:15:45,2019-04-18 22:15:45,The Order,5449324,359675
7057082,2019-03-02 21:39:37,2019-03-02 21:39:37,Riccanza World,5449324,360188
11560129,2022-02-28 21:45:16,2026-06-03 19:34:19,Euphoria (US),5449324,360261
7064227,2020-01-22 19:33:10,2020-01-22 19:33:10,Ares,5449324,360354
7094256,2019-09-01 17:21:24,2019-09-01 17:21:24,No Good Nick,5449324,360627
7082952,2019-05-08 23:14:02,2019-05-08 23:14:02,Chernobyl,5449324,360893
7798088,2020-10-27 17:37:50,2020-10-27 17:37:50,How to Sell Drugs Online (Fast),5449324,361034
7110048,2019-04-14 20:06:45,2019-04-14 20:06:45,Huge in France,5449324,361276
7749078,2020-08-16 10:04:59,2020-08-16 10:04:59,The Politician,5449324,361411
7104149,2019-06-22 20:33:15,2019-06-22 20:33:15,The Society,5449324,361558
7372590,2019-11-01 23:16:51,2019-11-01 23:16:51,The Morning Show,5449324,361563
9238379,2021-08-28 11:34:46,2025-05-03 09:01:23,See,5449324,361565
7984092,2022-06-23 18:51:45,2022-06-23 18:51:45,Dickinson,5449324,361566
7104545,2019-11-02 01:13:36,2019-11-02 01:13:36,Mythomaniac,5449324,361569
7480295,2020-02-07 19:28:47,2020-02-07 19:28:47,Locke & Key,5449324,361594
7752861,2020-10-27 17:36:13,2020-10-27 17:36:13,Curon,5449324,361739
9452289,2022-12-23 22:12:28,2022-12-23 22:12:28,Dead to Me,5449324,361857
7359131,2020-04-15 19:44:05,2020-04-15 19:44:05,Home Before Dark,5449324,362004
7184784,2019-06-21 16:06:04,2019-06-21 16:06:04,It's Bruno!,5449324,362578
7428555,2019-12-23 20:37:36,2019-12-23 20:37:36,The Witcher,5449324,362696
7163696,2020-05-20 19:00:52,2020-05-20 19:00:52,Flinch,5449324,362788
7501870,2020-03-09 12:53:39,2020-03-09 12:53:39,Mythic Quest,5449324,362829
7204067,2019-07-18 22:46:43,2019-07-18 22:46:43,Florida Girls,5449324,363682
7208612,2019-06-08 22:10:26,2019-06-08 22:10:26,Mouche,5449324,364009
7888115,2020-10-27 17:34:49,2020-10-27 17:34:49,Trinkets,5449324,364082
9363298,2022-12-22 23:40:39,2022-12-22 23:40:39,Emily in Paris,5449324,364439
8660069,2021-11-11 19:37:14,2021-11-11 19:37:14,Family Business (2019),5449324,364468
7820660,2020-12-17 22:06:29,2020-12-17 22:06:29,Ratched,5449324,364870
8470764,2022-02-13 22:43:08,2022-02-13 22:43:08,Why Women Kill,5449324,365069
7351595,2019-09-19 15:31:37,2019-09-19 15:31:37,Marianne,5449324,365442
7243504,2024-11-15 20:37:10,2024-11-23 14:16:41,KAOS,5449324,365700
7262047,2019-07-03 17:59:47,2019-07-03 17:59:47,Greg Guillotin: Worst Trainee Ever,5449324,365972
7429167,2020-03-09 13:19:00,2020-03-09 13:19:00,Snoopy in Space,5449324,367015
7288509,2020-10-26 11:23:34,2020-10-26 11:23:34,Unbelievable,5449324,367030
8854810,2023-01-01 11:23:56,2023-01-01 11:23:56,Dollface,5449324,367553
7434629,2020-05-10 13:04:37,2020-05-10 13:04:37,Diary of a Future President,5449324,368111
7548223,2020-04-08 12:54:14,2020-04-08 12:54:14,Amazing Stories (2020),5449324,368120
7548412,2020-05-21 21:41:04,2020-05-21 21:41:04,Defending Jacob,5449324,368122
7492550,2020-01-26 22:27:30,2020-01-26 22:27:30,Little America,5449324,368123
7462410,2020-01-26 21:37:22,2020-01-26 21:37:22,Servant,5449324,368126
8993536,2022-06-16 02:54:47,2022-06-16 02:54:47,"Love, Victor",5449324,368188
7330252,2022-06-08 03:47:49,2022-06-08 03:47:49,Living with Yourself,5449324,368523
7659344,2020-05-21 21:40:24,2020-05-21 21:40:24,Into the Night,5449324,369076
7363282,2019-12-30 13:46:51,2019-12-30 13:46:51,,5449324,369097
8294848,2021-05-23 13:46:37,2021-05-23 13:46:37,Mental (2019),5449324,369209
11148227,2021-10-28 20:47:45,2026-02-19 06:46:06,Stalk,5449324,369213
7719713,2020-05-21 21:39:55,2020-05-21 21:39:55,Ghostwriter (2019),5449324,369490
7658074,2020-04-20 23:20:04,2020-04-20 23:20:04,The Circle France,5449324,369955
7410388,2019-11-10 12:10:56,2019-11-10 12:10:56,Nailed It! France,5449324,370082
7375517,2019-11-10 14:30:31,2019-11-10 14:30:31,War of the Worlds (2019),5449324,370139
8219833,2021-05-05 22:14:06,2021-05-05 22:14:06,The Mosquito Coast,5449324,370360
9020907,2022-06-07 20:18:32,2022-06-07 20:18:32,Burning Love (FR),5449324,371079
8454962,2021-07-25 15:31:30,2021-07-25 15:31:30,Mortel,5449324,371258
7434710,2020-12-17 22:08:04,2020-12-17 22:08:04,I May Destroy You,5449324,371798
7486464,2022-03-13 14:42:57,2022-03-13 14:42:57,Normal People,5449324,371806
8038204,2020-11-30 22:24:50,2020-11-30 22:24:50,Dash & Lily,5449324,371940
8201831,2025-09-11 19:36:09,2025-09-11 19:36:09,Inventing Anna,5449324,371944
10592768,2025-02-03 01:40:15,2025-03-26 06:53:43,Severance,5449324,371980
7458644,2019-12-20 19:42:28,2019-12-20 19:42:28,Don't F**k with Cats: Hunting an Internet Killer,5449324,372566
7524133,2020-02-27 21:29:52,2020-02-27 21:29:52,The Stranger,5449324,374977
7536131,2022-09-02 16:17:43,2022-09-02 16:17:43,Landscapers,5449324,375516
7538178,2020-07-02 20:29:18,2020-07-02 20:29:18,True Story With,5449324,375575
9172787,2022-09-02 11:35:37,2022-09-02 11:35:37,Trying,5449324,375903
8421454,2021-08-28 17:04:16,2021-08-28 17:04:16,Lupin,5449324,375921
7550563,2020-02-29 21:30:45,2020-02-29 21:30:45,I Am Not Okay With This,5449324,375998
11167781,2025-01-16 18:30:54,2025-10-20 23:20:01,Alice in Borderland (2020),5449324,376472
7627830,2025-04-07 21:43:55,2025-04-08 20:38:18,Vampires (2020),5449324,377240
7635066,2022-06-22 21:19:38,2022-06-22 21:19:38,The Midnight Gospel,5449324,378553
9732510,2022-08-25 07:52:21,2025-03-08 21:44:34,Never Have I Ever,5449324,378746
8012650,2021-04-10 23:00:36,2021-04-10 23:00:36,It's a Sin,5449324,378994
9850677,2023-07-17 19:39:44,2023-07-17 19:39:44,Too Hot to Handle,5449324,379962
8674602,2022-02-24 21:45:06,2022-02-24 21:45:06,One of Us Is Lying,5449324,380210
7750022,2020-06-07 19:57:23,2020-06-07 19:57:23,Control Z,5449324,380850
8149183,2021-04-21 23:27:10,2021-04-21 23:27:10,Behind Her Eyes,5449324,380991
8457892,2021-12-09 00:02:02,2021-12-09 00:02:02,Genera+ion,5449324,381493
10693524,2022-12-05 01:15:09,2024-12-10 12:09:56,American Horror Stories,5449324,382187
8418877,2023-09-01 01:39:24,2023-09-01 01:39:24,Mixte,5449324,382571
11126295,2021-11-19 22:23:35,2025-07-10 23:25:43,Squid Game,5449324,383275
9575554,2023-01-29 15:27:10,2023-01-29 15:27:10,,5449324,383784
9568024,2023-08-24 20:09:22,2024-01-21 14:40:43,The Afterparty,5449324,384495
9465210,2022-12-19 03:24:13,2022-12-19 03:24:13,3615 Monique,5449324,385371
7852936,2020-08-19 20:41:01,2020-08-19 20:41:01,Teenage Bounty Hunters,5449324,385713
8202113,2021-04-10 17:20:10,2021-04-10 17:20:10,The One (2021),5449324,387054
8005111,2021-01-21 19:58:56,2025-01-30 14:44:41,The Queen's Gambit,5449324,387115
11309541,2022-11-12 16:30:21,2026-01-26 05:56:03,Monster (2022),5449324,389492
9115516,2022-06-16 21:41:38,2022-06-16 21:41:38,Rhythm + Flow France,5449324,390403
10855739,2024-07-09 01:07:38,2025-04-13 03:22:42,The White Lotus,5449324,390430
9216458,2022-06-16 20:48:04,2022-06-16 20:48:04,Maldivas,5449324,391367
9050504,2022-09-03 10:08:54,2022-09-03 10:08:54,Dirty Lines,5449324,391440
9079731,2022-05-13 22:49:01,2022-05-13 22:49:01,Welcome to Eden,5449324,393110
8406076,2021-08-29 16:13:00,2021-08-29 16:13:00,Mr. Corman,5449324,393156
8841798,2021-11-26 21:07:07,2021-11-26 21:07:07,Tear Along the Dotted Line,5449324,394680
10493595,2023-08-04 20:19:37,2024-10-29 02:48:30,Heartstopper,5449324,395494
10439902,2022-12-01 14:54:33,2025-03-08 16:08:58,Heartbreak High (2022),5449324,396115
8181823,2021-06-22 20:39:13,2021-06-22 20:39:13,Physical,5449324,396346
8800992,2021-11-20 21:36:10,2021-11-20 21:36:10,Dr. Brain,5449324,396362
9195384,2022-07-27 15:50:54,2022-07-27 15:50:54,"Boo, Bitch",5449324,396374
8188486,2021-02-18 18:37:52,2021-02-18 18:37:52,,5449324,396458
9190162,2026-03-26 01:45:08,2026-03-26 05:12:35,The Summer I Turned Pretty,5449324,396505
11100621,2022-11-25 19:21:58,2025-09-23 05:24:07,Wednesday,5449324,397060
8842218,2021-11-20 05:51:02,2021-11-20 05:51:02,Christmas Flow,5449324,398369
9320023,2023-08-20 22:59:47,2023-08-20 22:59:47,"Miskina, Poor Thing",5449324,399625
9506116,2022-12-01 23:26:58,2025-03-08 21:13:32,Young Royals,5449324,399833
9051423,2022-08-24 04:34:43,2022-08-24 04:34:43,Only Murders in the Building,5449324,399959
8322953,2021-05-01 15:16:00,2021-05-01 15:16:00,Sex!fy,5449324,399966
11091429,2023-11-04 03:03:43,2025-04-29 09:06:02,LOL: Last One Laughing - France,5449324,400292
8596250,2022-08-04 01:24:16,2022-08-04 01:24:16,Open Your Eyes,5449324,400424
8342240,2025-05-06 01:26:14,2025-07-10 23:25:45,Asterix & Obelix: The Big Fight,5449324,400716
9142157,2022-06-04 23:24:36,2022-06-04 23:24:36,Insiders (2021),5449324,401154
9438317,2022-12-18 21:03:41,2022-12-18 21:03:41,Love Never Lies,5449324,401155
9149447,2022-08-07 01:38:44,2022-08-07 01:38:44,Uncoupled,5449324,402799
8516567,2021-11-26 01:44:27,2021-11-26 01:44:27,Generation 56k,5449324,403584
10199360,2025-04-12 23:54:04,2025-09-06 19:08:53,The Big Door Prize,5449324,403752
8604552,2022-08-06 05:31:00,2022-08-06 05:31:00,DROP (2021),5449324,405555
8854103,2023-07-26 06:11:51,2023-07-26 06:11:51,The Idol (2023),5449324,405882
10312338,2022-06-22 12:00:25,2024-02-29 06:27:43,AlRawabi School for Girls,5449324,407227
8646564,2022-03-29 08:25:32,2022-03-29 08:25:32,Standing Up (2022),5449324,409461
9022572,2022-06-23 05:20:31,2022-06-23 05:20:31,An Astrological Guide for Broken Hearts,5449324,410984
8785482,2022-01-12 05:06:43,2022-01-12 05:06:43,VTC,5449324,411312
8841435,2022-01-21 12:15:39,2022-01-21 12:15:39,Fraggle Rock: Back to the Rock,5449324,412536
11195792,2023-08-25 22:09:39,2025-07-15 12:42:07,Drag Race France,5449324,412594
8923460,2025-01-30 14:44:50,2025-02-01 12:45:43,Cunk on Earth,5449324,414217
9304089,2022-11-25 23:58:09,2022-11-25 23:58:09,The Girls at the Back,5449324,414280
9229046,2022-07-26 21:26:00,2022-07-26 21:26:00,Queen (2022),5449324,416054
9017666,2025-03-09 01:24:34,2025-03-09 01:24:34,My Only 12%,5449324,416784
10410198,2025-03-20 14:04:53,2025-03-21 22:24:44,Baby Reindeer,5449324,417223
9107925,2022-08-13 16:57:32,2022-08-13 16:57:32,Loot,5449324,417559
9125893,2022-05-11 21:02:31,2022-05-11 21:02:31,The 7 Lives of Lea,5449324,417943
9065227,2023-06-24 22:51:10,2023-06-24 22:51:10,Chair tendre,5449324,418015
10709550,2023-05-04 19:10:22,2025-01-11 02:14:13,Bad Sisters,5449324,418182
10933083,2025-08-04 19:57:05,2025-08-04 19:57:05,Chief of War,5449324,418633
9448187,2023-08-29 00:24:55,2023-08-29 00:24:55,Mask Girl,5449324,419370
9150795,2022-07-31 12:10:58,2022-07-31 12:10:58,DI4RIES,5449324,419523
10252338,2026-01-01 01:52:44,2026-01-05 14:30:51,Drag Race Belgium,5449324,419549
9168037,2022-08-05 00:52:06,2022-08-05 00:52:06,Endless Night,5449324,420180
11002455,2022-06-06 01:07:14,2025-03-20 14:04:53,A Very Ordinary World,5449324,420427
9179697,2022-12-26 21:14:14,2022-12-26 21:14:14,Smiley,5449324,420450
9321076,2022-11-25 19:22:29,2022-11-25 19:22:29,Fakes (2022),5449324,421142
9229032,2022-08-01 18:48:51,2022-08-01 18:48:51,The Most Hated Man on the Internet,5449324,421574
9331244,2022-09-02 21:18:13,2022-09-02 21:18:13,Off the Hook (2022),5449324,423062
10512982,2024-08-08 11:50:59,2024-08-10 06:19:54,Land of Women,5449324,423244
9388155,2022-12-25 20:21:15,2022-12-25 20:21:15,The Mole (2022),5449324,423581
9423620,2022-12-29 04:39:49,2022-12-29 04:39:49,Nina and the Pig,5449324,426516
9973404,2025-03-08 23:00:24,2025-03-13 05:49:41,The Apothecary Diaries,5449324,431162
10504344,2023-12-03 21:00:36,2025-02-13 02:07:47,DÉTER,5449324,431642
9686782,2025-03-31 20:45:32,2025-03-31 20:45:32,The Perfect Couple,5449324,432782
10927894,2025-10-17 06:32:20,2025-11-03 07:06:34,Boots,5449324,434473
9860610,2026-03-20 18:02:40,2026-03-20 18:02:40,PLUR1BUS,5449324,436457
10057136,2024-01-29 03:41:19,2024-01-30 12:14:50,Everything Now,5449324,439232
10164900,2025-11-10 20:42:32,2025-11-15 01:45:41,Trouble Mum,5449324,442049
10927907,2025-07-18 10:06:58,2025-07-18 10:06:58,Too Much,5449324,443261
10819893,2025-04-14 07:45:01,2025-04-15 16:51:07,Your Friends & Neighbors,5449324,443433
10278902,2024-02-02 21:13:06,2024-02-03 01:27:56,Nudes (FR),5449324,444090
10445040,2024-11-24 23:33:55,2024-11-26 01:58:31,Don't Hate the Player,5449324,448191
11006117,2025-09-07 01:35:15,2025-09-10 06:39:39,Adolescence,5449324,452467
11448727,2024-10-12 14:11:28,2026-01-25 21:00:13,Loups garous,5449324,454234
10737887,2025-01-09 10:23:22,2025-01-09 16:48:21,A Night to Live,5449324,454966
11392075,2026-02-08 03:04:36,2026-03-08 04:38:06,The Beauty,5449324,455046
11309020,2025-09-10 06:39:39,2025-09-12 01:29:58,Dans de beaux draps,5449324,455644
11189006,2025-07-23 05:32:52,2025-08-30 22:42:49,Drag Race France: All Stars,5449324,456956
10924150,2025-09-07 01:35:11,2025-09-07 01:35:14,Shafted,5449324,457485
11549331,2026-05-15 23:29:48,2026-05-31 10:49:16,Cash Queens,5449324,457486
10879093,2025-02-23 00:09:44,2025-03-03 16:29:27,Le monde magique de Jérôme Commandeur,5449324,457623
11280683,2026-02-19 09:35:36,2026-02-20 05:41:50,Heated Rivalry,5449324,464461
11569155,2026-03-17 04:40:26,2026-03-17 06:10:46,The Laura Stern Case,5449324,468430
11446897,2025-11-10 21:35:51,2025-11-10 21:35:51,La Bataille : La Malédiction de L'île,5449324,470251
11447057,2025-11-20 15:46:19,2025-11-20 15:46:19,La Bataille : La Malédiction de l’Île,5449324,470254
11468191,2025-12-05 20:59:30,2025-12-05 23:14:36,LOL : In Real Life,5449324,470703
