user_id,badge_id,created_at,updated_at
5449324,10000000-serial-emotioner-3-bd,2016-09-26 10:43:19,2016-09-26 10:43:19
5449324,10000022-quick-watcher-3-bd,2017-07-02 21:17:45,2017-07-02 21:17:45
5449324,10000022-serial-emotioner-3-bd,2016-09-03 14:57:55,2016-09-03 14:57:55
5449324,10000022-serial-emotioner-5-bd,2016-09-03 14:58:03,2016-09-03 14:58:03
5449324,10000030-marathoner-3-within-24-bd,2018-07-20 03:03:17,2018-07-20 03:03:17
5449324,100991-marathoner-10-within-48-bd,2017-04-18 10:49:24,2017-04-18 10:49:24
5449324,100991-marathoner-20-within-48-bd,2017-04-20 21:58:26,2017-04-20 21:58:26
5449324,100991-marathoner-3-within-24-bd,2017-04-17 18:58:07,2017-04-17 18:58:07
5449324,100991-marathoner-5-within-24-bd,2017-04-17 19:19:18,2017-04-17 19:19:18
5449324,100991-serial-actor-voter-3-bd,2017-04-20 19:25:30,2017-04-20 19:25:30
5449324,100991-serial-actor-voter-5-bd,2017-04-20 19:44:15,2017-04-20 19:44:15
5449324,100991-serial-emotioner-10-bd,2017-04-18 10:49:29,2017-04-18 10:49:29
5449324,100991-serial-emotioner-3-bd,2017-04-17 18:58:17,2017-04-17 18:58:17
5449324,100991-serial-emotioner-5-bd,2017-04-17 19:19:20,2017-04-17 19:19:20
5449324,121361-marathoner-3-within-24-bd,2017-08-10 14:09:57,2017-08-10 14:09:57
5449324,121361-serial-actor-voter-3-bd,2017-08-10 14:09:59,2017-08-10 14:09:59
5449324,121361-serial-actor-voter-5-bd,2018-07-08 15:15:13,2018-07-08 15:15:13
5449324,121361-serial-emotioner-3-bd,2017-08-10 14:10:01,2017-08-10 14:10:01
5449324,121361-serial-emotioner-5-bd,2018-07-08 15:15:12,2018-07-08 15:15:12
5449324,145371-marathoner-3-within-24-bd,2018-02-23 17:49:40,2018-02-23 17:49:40
5449324,146711-marathoner-10-within-48-bd,2018-01-27 20:12:52,2018-01-27 20:12:52
5449324,146711-marathoner-3-within-24-bd,2017-12-15 17:33:03,2017-12-15 17:33:03
5449324,146711-marathoner-5-within-24-bd,2017-12-20 20:35:49,2017-12-20 20:35:49
5449324,160661-serial-actor-voter-10-bd,2016-08-25 21:07:17,2016-08-25 21:07:17
5449324,160661-serial-actor-voter-3-bd,2016-08-25 21:01:46,2016-08-25 21:01:46
5449324,160661-serial-actor-voter-5-bd,2016-08-25 21:01:58,2016-08-25 21:01:58
5449324,160661-serial-emotioner-10-bd,2016-08-25 21:07:18,2016-08-25 21:07:18
5449324,160661-serial-emotioner-3-bd,2016-08-25 21:01:46,2016-08-25 21:01:46
5449324,160661-serial-emotioner-5-bd,2016-08-25 21:01:57,2016-08-25 21:01:57
5449324,225071-marathoner-3-within-24-bd,2016-07-22 00:55:19,2016-07-22 00:55:19
5449324,225071-serial-actor-voter-10-bd,2016-08-18 00:59:41,2016-08-18 00:59:41
5449324,225071-serial-actor-voter-3-bd,2016-08-18 00:58:49,2016-08-18 00:58:49
5449324,225071-serial-actor-voter-5-bd,2016-08-18 00:59:03,2016-08-18 00:59:03
5449324,225071-serial-emotioner-10-bd,2016-08-18 00:59:42,2016-08-18 00:59:42
5449324,225071-serial-emotioner-3-bd,2016-08-18 00:58:48,2016-08-18 00:58:48
5449324,225071-serial-emotioner-5-bd,2016-08-18 00:59:01,2016-08-18 00:59:01
5449324,243011-marathoner-3-within-24-bd,2017-02-06 17:05:42,2017-02-06 17:05:42
5449324,243011-quick-watcher-3-bd,2016-03-28 23:59:15,2016-03-28 23:59:15
5449324,243011-quick-watcher-5-bd,2016-04-11 19:23:20,2016-04-11 19:23:20
5449324,243011-serial-actor-voter-3-bd,2016-03-30 18:27:49,2016-03-30 18:27:49
5449324,243011-serial-actor-voter-5-bd,2017-01-02 22:46:22,2017-01-02 22:46:22
5449324,243011-serial-emotioner-3-bd,2016-03-30 18:27:47,2016-03-30 18:27:47
5449324,243011-serial-emotioner-5-bd,2017-01-02 22:46:19,2017-01-02 22:46:19
5449324,247952-marathoner-3-within-24-bd,2016-08-18 00:48:49,2016-08-18 00:48:49
5449324,247952-serial-emotioner-3-bd,2016-08-17 23:07:51,2016-08-17 23:07:51
5449324,247952-serial-emotioner-5-bd,2016-08-17 23:15:01,2016-08-17 23:15:01
5449324,248682-marathoner-3-within-24-bd,2016-10-31 01:07:37,2016-10-31 01:07:37
5449324,248682-serial-actor-voter-10-bd,2016-10-30 15:53:17,2016-10-30 15:53:17
5449324,248682-serial-actor-voter-15-bd,2016-11-05 07:17:00,2016-11-05 07:17:00
5449324,248682-serial-actor-voter-3-bd,2016-10-29 20:17:55,2016-10-29 20:17:55
5449324,248682-serial-actor-voter-5-bd,2016-10-29 21:11:56,2016-10-29 21:11:56
5449324,248682-serial-emotioner-10-bd,2016-10-30 15:53:19,2016-10-30 15:53:19
5449324,248682-serial-emotioner-15-bd,2016-11-05 07:16:59,2016-11-05 07:16:59
5449324,248682-serial-emotioner-3-bd,2016-10-29 20:17:54,2016-10-29 20:17:54
5449324,248682-serial-emotioner-5-bd,2016-10-29 21:11:54,2016-10-29 21:11:54
5449324,248812-marathoner-3-within-24-bd,2016-08-05 02:34:33,2016-08-05 02:34:33
5449324,248812-serial-actor-voter-10-bd,2016-08-09 02:59:06,2016-08-09 02:59:06
5449324,248812-serial-actor-voter-3-bd,2016-08-05 02:34:48,2016-08-05 02:34:48
5449324,248812-serial-actor-voter-5-bd,2016-08-05 21:48:42,2016-08-05 21:48:42
5449324,248812-serial-emotioner-10-bd,2016-08-09 02:59:07,2016-08-09 02:59:07
5449324,248812-serial-emotioner-15-bd,2016-08-10 01:15:39,2016-08-10 01:15:39
5449324,248812-serial-emotioner-3-bd,2016-08-05 02:34:52,2016-08-05 02:34:52
5449324,248812-serial-emotioner-5-bd,2016-08-05 21:48:50,2016-08-05 21:48:50
5449324,248835-marathoner-3-within-24-bd,2017-04-28 18:02:46,2017-04-28 18:02:46
5449324,248835-serial-emotioner-3-bd,2017-04-28 18:02:48,2017-04-28 18:02:48
5449324,248935-marathoner-3-within-24-bd,2016-11-01 00:24:47,2016-11-01 00:24:47
5449324,248935-marathoner-5-within-24-bd,2016-11-01 02:29:23,2016-11-01 02:29:23
5449324,248935-serial-actor-voter-3-bd,2016-11-01 00:24:55,2016-11-01 00:24:55
5449324,248935-serial-actor-voter-5-bd,2016-11-01 02:29:24,2016-11-01 02:29:24
5449324,248935-serial-emotioner-10-bd,2016-11-01 05:58:16,2016-11-01 05:58:16
5449324,248935-serial-emotioner-3-bd,2016-11-01 00:24:53,2016-11-01 00:24:53
5449324,248935-serial-emotioner-5-bd,2016-11-01 02:29:24,2016-11-01 02:29:24
5449324,248972-marathoner-3-within-24-bd,2017-01-08 16:13:02,2017-01-08 16:13:02
5449324,248972-marathoner-5-within-24-bd,2017-01-13 20:03:40,2017-01-13 20:03:40
5449324,248972-serial-actor-voter-10-bd,2017-01-08 14:06:40,2017-01-08 14:06:40
5449324,248972-serial-actor-voter-15-bd,2017-01-08 16:13:03,2017-01-08 16:13:03
5449324,248972-serial-actor-voter-3-bd,2017-01-02 22:46:33,2017-01-02 22:46:33
5449324,248972-serial-actor-voter-5-bd,2017-01-02 22:46:42,2017-01-02 22:46:42
5449324,248972-serial-emotioner-10-bd,2017-01-08 14:06:38,2017-01-08 14:06:38
5449324,248972-serial-emotioner-15-bd,2017-01-08 16:13:03,2017-01-08 16:13:03
5449324,248972-serial-emotioner-3-bd,2017-01-02 22:46:30,2017-01-02 22:46:30
5449324,248972-serial-emotioner-5-bd,2017-01-02 22:46:44,2017-01-02 22:46:44
5449324,249896-marathoner-3-within-24-bd,2022-07-13 08:51:36,2022-07-13 08:51:36
5449324,249896-quick-watcher-3-bd,2017-10-12 15:37:15,2017-10-12 15:37:15
5449324,250487-marathoner-10-within-48-bd,2017-06-27 02:50:49,2017-06-27 02:50:49
5449324,250487-marathoner-3-within-24-bd,2016-04-24 23:54:53,2016-04-24 23:54:53
5449324,250487-marathoner-5-within-24-bd,2017-06-26 06:35:46,2017-06-26 06:35:46
5449324,250487-quick-watcher-3-bd,2016-09-29 10:36:40,2016-09-29 10:36:40
5449324,250487-quick-watcher-5-bd,2017-09-28 10:58:05,2017-09-28 10:58:05
5449324,250487-serial-actor-voter-10-bd,2016-11-19 14:28:55,2016-11-19 14:28:55
5449324,250487-serial-actor-voter-3-bd,2016-09-29 10:36:42,2016-09-29 10:36:42
5449324,250487-serial-actor-voter-5-bd,2016-10-16 20:28:14,2016-10-16 20:28:14
5449324,250487-serial-emotioner-10-bd,2016-11-19 14:29:11,2016-11-19 14:29:11
5449324,250487-serial-emotioner-3-bd,2016-09-29 10:36:42,2016-09-29 10:36:42
5449324,250487-serial-emotioner-5-bd,2016-10-16 20:28:12,2016-10-16 20:28:12
5449324,251562-marathoner-3-within-24-bd,2017-11-05 01:20:57,2017-11-05 01:20:57
5449324,251740-marathoner-3-within-24-bd,2018-04-30 18:28:49,2018-04-30 18:28:49
5449324,251740-marathoner-5-within-24-bd,2018-04-30 18:45:05,2018-04-30 18:45:05
5449324,253463-marathoner-3-within-24-bd,2016-10-21 13:34:16,2016-10-21 13:34:16
5449324,253463-marathoner-5-within-24-bd,2016-10-21 15:50:49,2016-10-21 15:50:49
5449324,253463-quick-watcher-10-bd,2017-12-31 04:33:53,2017-12-31 04:33:53
5449324,253463-quick-watcher-3-bd,2016-10-21 13:34:16,2016-10-21 13:34:16
5449324,253463-quick-watcher-5-bd,2016-10-21 15:50:49,2016-10-21 15:50:49
5449324,253463-serial-emotioner-3-bd,2016-10-21 12:42:16,2016-10-21 12:42:16
5449324,253463-serial-emotioner-5-bd,2016-10-21 14:39:23,2016-10-21 14:39:23
5449324,253573-serial-actor-voter-3-bd,2017-05-17 14:16:02,2017-05-17 14:16:02
5449324,253573-serial-emotioner-3-bd,2017-05-17 14:15:59,2017-05-17 14:15:59
5449324,256006-marathoner-3-within-24-bd,2018-01-28 16:38:51,2018-01-28 16:38:51
5449324,257599-marathoner-10-within-48-bd,2018-07-19 10:12:56,2018-07-19 10:12:56
5449324,257599-marathoner-3-within-24-bd,2018-07-19 04:51:10,2018-07-19 04:51:10
5449324,257599-marathoner-5-within-24-bd,2018-07-19 05:39:55,2018-07-19 05:39:55
5449324,257599-serial-actor-voter-10-bd,2018-07-24 03:02:25,2018-07-24 03:02:25
5449324,257599-serial-actor-voter-3-bd,2018-07-24 03:01:34,2018-07-24 03:01:34
5449324,257599-serial-actor-voter-5-bd,2018-07-24 03:01:45,2018-07-24 03:01:45
5449324,257599-serial-emotioner-3-bd,2018-07-24 03:56:44,2018-07-24 03:56:44
5449324,260315-quick-watcher-3-bd,2017-08-13 14:16:45,2017-08-13 14:16:45
5449324,260315-serial-actor-voter-10-bd,2016-09-03 10:29:01,2016-09-03 10:29:01
5449324,260315-serial-actor-voter-3-bd,2016-08-16 04:39:23,2016-08-16 04:39:23
5449324,260315-serial-actor-voter-5-bd,2016-09-03 07:50:20,2016-09-03 07:50:20
5449324,260315-serial-emotioner-10-bd,2016-09-03 10:29:03,2016-09-03 10:29:03
5449324,260315-serial-emotioner-3-bd,2016-08-16 04:39:23,2016-08-16 04:39:23
5449324,260315-serial-emotioner-5-bd,2016-09-03 07:50:20,2016-09-03 07:50:20
5449324,261401-marathoner-3-within-24-bd,2016-04-26 18:18:34,2016-04-26 18:18:34
5449324,261401-serial-emotioner-10-bd,2016-04-26 17:29:29,2016-04-26 17:29:29
5449324,261401-serial-emotioner-15-bd,2016-04-26 18:18:40,2016-04-26 18:18:40
5449324,261401-serial-emotioner-3-bd,2016-04-25 02:51:41,2016-04-25 02:51:41
5449324,261401-serial-emotioner-5-bd,2016-04-26 17:29:12,2016-04-26 17:29:12
5449324,262414-marathoner-3-within-24-bd,2017-01-13 14:58:00,2017-01-13 14:58:00
5449324,262414-marathoner-5-within-24-bd,2017-03-26 23:34:59,2017-03-26 23:34:59
5449324,262414-serial-actor-voter-10-bd,2017-01-13 14:58:05,2017-01-13 14:58:05
5449324,262414-serial-actor-voter-15-bd,2017-01-31 21:12:38,2017-01-31 21:12:38
5449324,262414-serial-actor-voter-3-bd,2017-01-11 22:59:53,2017-01-11 22:59:53
5449324,262414-serial-actor-voter-5-bd,2017-01-11 23:00:03,2017-01-11 23:00:03
5449324,262414-serial-emotioner-10-bd,2017-01-13 14:58:05,2017-01-13 14:58:05
5449324,262414-serial-emotioner-15-bd,2017-01-31 21:12:37,2017-01-31 21:12:37
5449324,262414-serial-emotioner-3-bd,2017-01-11 22:59:53,2017-01-11 22:59:53
5449324,262414-serial-emotioner-5-bd,2017-01-11 23:00:03,2017-01-11 23:00:03
5449324,264492-serial-actor-voter-10-bd,2016-05-20 13:02:38,2016-05-20 13:02:38
5449324,264492-serial-actor-voter-3-bd,2016-03-30 18:27:19,2016-03-30 18:27:19
5449324,264492-serial-actor-voter-5-bd,2016-05-20 13:01:35,2016-05-20 13:01:35
5449324,264492-serial-emotioner-10-bd,2016-05-20 13:02:38,2016-05-20 13:02:38
5449324,264492-serial-emotioner-3-bd,2016-03-30 18:27:19,2016-03-30 18:27:19
5449324,264492-serial-emotioner-5-bd,2016-05-20 13:01:35,2016-05-20 13:01:35
5449324,264586-marathoner-10-within-48-bd,2017-06-10 16:32:31,2017-06-10 16:32:31
5449324,264586-marathoner-3-within-24-bd,2016-06-20 22:35:22,2016-06-20 22:35:22
5449324,264586-marathoner-5-within-24-bd,2017-06-09 23:24:47,2017-06-09 23:24:47
5449324,264586-quick-watcher-10-bd,2017-06-09 16:06:22,2017-06-09 16:06:22
5449324,264586-quick-watcher-15-bd,2017-06-10 15:23:06,2017-06-10 15:23:06
5449324,264586-quick-watcher-3-bd,2016-06-19 21:35:57,2016-06-19 21:35:57
5449324,264586-quick-watcher-5-bd,2016-06-19 21:36:19,2016-06-19 21:36:19
5449324,264586-serial-actor-voter-10-bd,2016-06-20 19:12:19,2016-06-20 19:12:19
5449324,264586-serial-actor-voter-15-bd,2017-06-10 19:00:59,2017-06-10 19:00:59
5449324,264586-serial-actor-voter-3-bd,2016-02-25 01:21:48,2016-02-25 01:21:48
5449324,264586-serial-actor-voter-5-bd,2016-02-25 01:21:53,2016-02-25 01:21:53
5449324,264586-serial-emotioner-10-bd,2016-06-20 19:12:30,2016-06-20 19:12:30
5449324,264586-serial-emotioner-15-bd,2017-06-09 12:09:37,2017-06-09 12:09:37
5449324,264586-serial-emotioner-3-bd,2016-06-19 21:36:00,2016-06-19 21:36:00
5449324,264586-serial-emotioner-5-bd,2016-06-19 21:36:19,2016-06-19 21:36:19
5449324,265109-marathoner-3-within-24-bd,2022-07-01 08:17:20,2022-07-01 08:17:20
5449324,265110-serial-actor-voter-10-bd,2016-08-31 11:06:09,2016-08-31 11:06:09
5449324,265110-serial-actor-voter-15-bd,2016-08-31 11:06:35,2016-08-31 11:06:35
5449324,265110-serial-actor-voter-3-bd,2016-08-31 11:05:30,2016-08-31 11:05:30
5449324,265110-serial-actor-voter-5-bd,2016-08-31 11:05:42,2016-08-31 11:05:42
5449324,265110-serial-emotioner-10-bd,2016-08-31 11:06:09,2016-08-31 11:06:09
5449324,265110-serial-emotioner-15-bd,2016-08-31 11:06:35,2016-08-31 11:06:35
5449324,265110-serial-emotioner-3-bd,2016-08-31 11:05:30,2016-08-31 11:05:30
5449324,265110-serial-emotioner-5-bd,2016-08-31 11:05:43,2016-08-31 11:05:43
5449324,265766-serial-actor-voter-3-bd,2016-05-20 05:32:10,2016-05-20 05:32:10
5449324,265766-serial-actor-voter-5-bd,2016-11-23 10:52:43,2016-11-23 10:52:43
5449324,265766-serial-emotioner-3-bd,2016-05-20 05:32:09,2016-05-20 05:32:09
5449324,265766-serial-emotioner-5-bd,2016-11-23 10:52:43,2016-11-23 10:52:43
5449324,267907-marathoner-3-within-24-bd,2017-08-26 08:20:03,2017-08-26 08:20:03
5449324,267907-marathoner-5-within-24-bd,2018-07-29 21:16:56,2018-07-29 21:16:56
5449324,267907-serial-actor-voter-3-bd,2017-08-25 08:31:01,2017-08-25 08:31:01
5449324,267907-serial-emotioner-3-bd,2017-08-25 08:31:00,2017-08-25 08:31:00
5449324,268156-marathoner-10-within-48-bd,2017-05-07 00:13:40,2017-05-07 00:13:40
5449324,268156-marathoner-3-within-24-bd,2017-05-06 10:17:01,2017-05-06 10:17:01
5449324,268156-marathoner-5-within-24-bd,2017-05-06 12:18:25,2017-05-06 12:18:25
5449324,268156-quick-watcher-10-bd,2017-05-06 23:20:21,2017-05-06 23:20:21
5449324,268156-quick-watcher-3-bd,2017-05-05 23:08:59,2017-05-05 23:08:59
5449324,268156-quick-watcher-5-bd,2017-05-06 11:12:00,2017-05-06 11:12:00
5449324,268156-serial-actor-voter-10-bd,2017-05-06 12:18:33,2017-05-06 12:18:33
5449324,268156-serial-actor-voter-3-bd,2016-02-25 01:26:41,2016-02-25 01:26:42
5449324,268156-serial-actor-voter-5-bd,2017-05-05 22:10:33,2017-05-05 22:10:33
5449324,268156-serial-emotioner-10-bd,2017-05-06 12:18:28,2017-05-06 12:18:28
5449324,268156-serial-emotioner-3-bd,2016-02-25 01:09:46,2016-02-25 01:09:46
5449324,268156-serial-emotioner-5-bd,2017-05-05 22:10:27,2017-05-05 22:10:27
5449324,269602-marathoner-3-within-24-bd,2019-03-14 17:52:28,2019-03-14 17:52:28
5449324,269602-serial-emotioner-3-bd,2019-03-14 17:52:31,2019-03-14 17:52:31
5449324,269642-serial-actor-voter-3-bd,2016-09-07 19:48:05,2016-09-07 19:48:05
5449324,269642-serial-actor-voter-5-bd,2016-09-07 19:48:13,2016-09-07 19:48:13
5449324,269642-serial-emotioner-3-bd,2016-09-07 19:48:04,2016-09-07 19:48:04
5449324,273616-marathoner-3-within-24-bd,2016-08-25 14:16:02,2016-08-25 14:16:02
5449324,273616-serial-actor-voter-3-bd,2016-08-25 14:16:04,2016-08-25 14:16:04
5449324,273616-serial-emotioner-3-bd,2016-08-25 14:16:03,2016-08-25 14:16:03
5449324,274237-marathoner-10-within-48-bd,2017-06-20 01:37:27,2017-06-20 01:37:27
5449324,274237-marathoner-3-within-24-bd,2017-06-20 01:14:21,2017-06-20 01:14:21
5449324,274237-marathoner-5-within-24-bd,2017-06-20 01:17:44,2017-06-20 01:17:44
5449324,274897-marathoner-3-within-24-bd,2016-09-15 19:25:18,2016-09-15 19:25:18
5449324,274897-marathoner-5-within-24-bd,2017-05-08 17:46:27,2017-05-08 17:46:27
5449324,274897-serial-actor-voter-10-bd,2016-09-16 22:09:35,2016-09-16 22:09:35
5449324,274897-serial-actor-voter-15-bd,2016-09-18 09:13:47,2016-09-18 09:13:47
5449324,274897-serial-actor-voter-3-bd,2016-09-15 10:13:02,2016-09-15 10:13:02
5449324,274897-serial-actor-voter-5-bd,2016-09-15 19:25:24,2016-09-15 19:25:24
5449324,274897-serial-emotioner-10-bd,2016-09-16 22:09:34,2016-09-16 22:09:34
5449324,274897-serial-emotioner-15-bd,2016-09-18 09:13:47,2016-09-18 09:13:47
5449324,274897-serial-emotioner-3-bd,2016-09-15 10:13:01,2016-09-15 10:13:01
5449324,274897-serial-emotioner-5-bd,2016-09-15 19:25:24,2016-09-15 19:25:24
5449324,275010-serial-actor-voter-3-bd,2016-06-05 00:12:55,2016-06-05 00:12:55
5449324,275010-serial-actor-voter-5-bd,2016-06-20 20:40:43,2016-06-20 20:40:43
5449324,275274-marathoner-10-within-48-bd,2017-06-04 16:29:22,2017-06-04 16:29:22
5449324,275274-marathoner-3-within-24-bd,2017-06-03 14:18:58,2017-06-03 14:18:58
5449324,275274-marathoner-5-within-24-bd,2017-06-03 20:40:37,2017-06-03 20:40:37
5449324,275274-serial-actor-voter-3-bd,2017-06-03 14:19:02,2017-06-03 14:19:02
5449324,275274-serial-actor-voter-5-bd,2017-06-03 20:40:39,2017-06-03 20:40:39
5449324,275274-serial-emotioner-3-bd,2017-06-03 14:19:00,2017-06-03 14:19:00
5449324,275274-serial-emotioner-5-bd,2017-06-03 20:40:38,2017-06-03 20:40:38
5449324,277169-marathoner-10-within-48-bd,2017-05-01 00:03:53,2017-05-01 00:03:53
5449324,277169-marathoner-3-within-24-bd,2017-04-30 01:01:06,2017-04-30 01:01:06
5449324,277169-marathoner-5-within-24-bd,2017-04-30 15:51:22,2017-04-30 15:51:22
5449324,277169-serial-actor-voter-3-bd,2017-04-30 01:01:11,2017-04-30 01:01:11
5449324,277169-serial-emotioner-3-bd,2017-04-30 01:01:05,2017-04-30 01:01:05
5449324,277455-marathoner-3-within-24-bd,2021-04-03 22:48:34,2021-04-03 22:48:34
5449324,277455-marathoner-5-within-24-bd,2021-04-03 22:48:36,2021-04-03 22:48:36
5449324,277455-serial-emotioner-10-bd,2016-09-03 15:04:29,2016-09-03 15:04:29
5449324,277455-serial-emotioner-15-bd,2016-09-03 15:04:55,2016-09-03 15:04:55
5449324,277455-serial-emotioner-3-bd,2016-09-03 14:59:39,2016-09-03 14:59:39
5449324,277455-serial-emotioner-5-bd,2016-09-03 15:00:29,2016-09-03 15:00:29
5449324,279215-marathoner-3-within-24-bd,2016-07-23 01:00:36,2016-07-23 01:00:36
5449324,279215-serial-emotioner-3-bd,2016-07-23 01:00:40,2016-07-23 01:00:40
5449324,281470-marathoner-10-within-48-bd,2016-10-09 23:01:12,2016-10-09 23:01:12
5449324,281470-marathoner-3-within-24-bd,2016-09-23 15:40:57,2016-09-23 15:40:57
5449324,281470-marathoner-5-within-24-bd,2016-10-08 19:19:33,2016-10-08 19:19:33
5449324,281470-serial-actor-voter-10-bd,2016-07-17 01:48:31,2016-07-17 01:48:31
5449324,281470-serial-actor-voter-15-bd,2016-09-25 19:18:58,2016-09-25 19:18:58
5449324,281470-serial-actor-voter-3-bd,2016-06-23 22:32:49,2016-06-23 22:32:49
5449324,281470-serial-actor-voter-5-bd,2016-06-23 22:33:01,2016-06-23 22:33:01
5449324,281470-serial-emotioner-10-bd,2016-07-17 01:48:31,2016-07-17 01:48:31
5449324,281470-serial-emotioner-15-bd,2016-09-25 19:18:58,2016-09-25 19:18:58
5449324,281470-serial-emotioner-3-bd,2016-06-23 22:32:49,2016-06-23 22:32:49
5449324,281470-serial-emotioner-5-bd,2016-06-23 22:33:01,2016-06-23 22:33:01
5449324,281535-serial-actor-voter-10-bd,2016-07-23 01:03:28,2016-07-23 01:03:28
5449324,281535-serial-actor-voter-3-bd,2016-07-23 01:01:53,2016-07-23 01:01:53
5449324,281535-serial-actor-voter-5-bd,2016-07-23 01:02:09,2016-07-23 01:02:09
5449324,281535-serial-emotioner-10-bd,2016-07-23 01:03:28,2016-07-23 01:03:28
5449324,281535-serial-emotioner-3-bd,2016-07-23 01:01:56,2016-07-23 01:01:56
5449324,281535-serial-emotioner-5-bd,2016-07-23 01:02:09,2016-07-23 01:02:09
5449324,281593-marathoner-10-within-48-bd,2017-05-23 22:10:03,2017-05-23 22:10:03
5449324,281593-marathoner-3-within-24-bd,2017-05-22 11:14:52,2017-05-22 11:14:52
5449324,281593-marathoner-5-within-24-bd,2017-05-22 18:00:42,2017-05-22 18:00:42
5449324,281593-quick-watcher-10-bd,2018-05-31 10:22:09,2018-05-31 10:22:09
5449324,281593-quick-watcher-15-bd,2019-01-27 20:52:27,2019-01-27 20:52:27
5449324,281593-quick-watcher-3-bd,2016-04-16 22:53:33,2016-04-16 22:53:33
5449324,281593-quick-watcher-5-bd,2016-04-17 12:21:02,2016-04-17 12:21:02
5449324,281593-serial-actor-voter-3-bd,2019-01-27 21:20:31,2019-01-27 21:20:31
5449324,281593-serial-actor-voter-5-bd,2019-01-28 19:29:40,2019-01-28 19:29:40
5449324,281593-serial-emotioner-3-bd,2019-01-27 21:20:56,2019-01-27 21:20:56
5449324,281593-serial-emotioner-5-bd,2019-01-28 19:29:38,2019-01-28 19:29:38
5449324,281621-marathoner-3-within-24-bd,2016-09-18 23:38:56,2016-09-18 23:38:56
5449324,281621-marathoner-5-within-24-bd,2016-09-19 18:00:48,2016-09-19 18:00:48
5449324,281621-quick-watcher-3-bd,2018-04-21 21:31:48,2018-04-21 21:31:48
5449324,281621-serial-actor-voter-10-bd,2016-05-05 09:12:40,2016-05-05 09:12:40
5449324,281621-serial-actor-voter-15-bd,2016-05-09 17:11:57,2016-05-09 17:11:57
5449324,281621-serial-actor-voter-3-bd,2016-04-29 05:17:11,2016-04-29 05:17:11
5449324,281621-serial-actor-voter-5-bd,2016-04-30 14:24:51,2016-04-30 14:24:51
5449324,281621-serial-emotioner-10-bd,2016-05-05 09:12:40,2016-05-05 09:12:40
5449324,281621-serial-emotioner-15-bd,2016-05-09 17:11:58,2016-05-09 17:11:58
5449324,281621-serial-emotioner-3-bd,2016-04-29 05:17:15,2016-04-29 05:17:15
5449324,281621-serial-emotioner-5-bd,2016-04-30 14:24:49,2016-04-30 14:24:49
5449324,281622-marathoner-3-within-24-bd,2018-04-22 17:40:32,2018-04-22 17:40:32
5449324,281622-serial-actor-voter-3-bd,2018-04-22 16:26:49,2018-04-22 16:26:49
5449324,281622-serial-actor-voter-5-bd,2018-04-22 17:40:36,2018-04-22 17:40:36
5449324,281622-serial-emotioner-3-bd,2018-04-22 16:26:48,2018-04-22 16:26:48
5449324,282254-serial-actor-voter-10-bd,2016-07-15 04:00:01,2016-07-15 04:00:01
5449324,282254-serial-actor-voter-15-bd,2016-08-15 16:34:34,2016-08-15 16:34:34
5449324,282254-serial-actor-voter-3-bd,2016-07-15 00:15:43,2016-07-15 00:15:43
5449324,282254-serial-actor-voter-5-bd,2016-07-15 01:33:53,2016-07-15 01:33:53
5449324,282254-serial-emotioner-10-bd,2016-07-15 04:00:01,2016-07-15 04:00:01
5449324,282254-serial-emotioner-15-bd,2016-08-15 16:34:28,2016-08-15 16:34:28
5449324,282254-serial-emotioner-3-bd,2016-07-15 00:15:43,2016-07-15 00:15:43
5449324,282254-serial-emotioner-5-bd,2016-07-15 01:33:53,2016-07-15 01:33:53
5449324,282562-marathoner-3-within-24-bd,2016-05-16 16:56:57,2016-05-16 16:56:57
5449324,282562-marathoner-5-within-24-bd,2017-04-13 20:03:46,2017-04-13 20:03:46
5449324,282562-serial-actor-voter-10-bd,2016-05-16 13:23:11,2016-05-16 13:23:11
5449324,282562-serial-actor-voter-15-bd,2016-05-17 21:39:56,2016-05-17 21:39:56
5449324,282562-serial-actor-voter-3-bd,2016-02-25 01:18:46,2016-02-25 01:18:46
5449324,282562-serial-actor-voter-5-bd,2016-02-25 01:19:14,2016-02-25 01:19:14
5449324,282562-serial-emotioner-10-bd,2016-05-16 13:23:05,2016-05-16 13:23:05
5449324,282562-serial-emotioner-15-bd,2016-05-17 21:40:01,2016-05-17 21:40:01
5449324,282562-serial-emotioner-3-bd,2016-02-25 01:18:50,2016-02-25 01:18:50
5449324,282562-serial-emotioner-5-bd,2016-02-25 01:19:11,2016-02-25 01:19:11
5449324,282670-serial-actor-voter-3-bd,2017-06-05 08:44:58,2017-06-05 08:44:59
5449324,282670-serial-emotioner-3-bd,2017-06-05 08:44:57,2017-06-05 08:44:57
5449324,283947-marathoner-3-within-24-bd,2016-06-26 20:31:29,2016-06-26 20:31:29
5449324,283947-marathoner-5-within-24-bd,2016-06-26 22:38:00,2016-06-26 22:38:00
5449324,283947-serial-actor-voter-10-bd,2016-06-29 01:07:32,2016-06-29 01:07:32
5449324,283947-serial-actor-voter-15-bd,2016-06-29 13:27:05,2016-06-29 13:27:05
5449324,283947-serial-actor-voter-3-bd,2016-06-26 21:47:46,2016-06-26 21:47:46
5449324,283947-serial-actor-voter-5-bd,2016-06-26 22:52:31,2016-06-26 22:52:31
5449324,283947-serial-emotioner-10-bd,2016-06-26 23:37:42,2016-06-26 23:37:42
5449324,283947-serial-emotioner-15-bd,2016-06-29 01:38:32,2016-06-29 01:38:32
5449324,283947-serial-emotioner-3-bd,2016-06-26 20:31:44,2016-06-26 20:31:44
5449324,283947-serial-emotioner-5-bd,2016-06-26 21:16:27,2016-06-26 21:16:27
5449324,284190-marathoner-3-within-24-bd,2017-10-29 13:11:23,2017-10-29 13:11:23
5449324,284190-marathoner-5-within-24-bd,2017-10-29 15:10:23,2017-10-29 15:10:23
5449324,284190-serial-emotioner-3-bd,2019-07-19 13:36:50,2019-07-19 13:36:50
5449324,286891-marathoner-3-within-24-bd,2017-07-01 03:44:07,2017-07-01 03:44:07
5449324,286891-marathoner-5-within-24-bd,2017-07-01 03:50:28,2017-07-01 03:50:28
5449324,286891-quick-watcher-3-bd,2017-07-02 03:20:49,2017-07-02 03:20:49
5449324,289108-marathoner-3-within-24-bd,2018-03-01 15:29:27,2018-03-01 15:29:27
5449324,289590-marathoner-3-within-24-bd,2017-04-26 01:16:46,2017-04-26 01:16:46
5449324,289590-serial-actor-voter-3-bd,2017-04-26 01:16:51,2017-04-26 01:16:51
5449324,290174-marathoner-3-within-24-bd,2016-12-05 18:16:15,2016-12-05 18:16:15
5449324,290174-serial-actor-voter-3-bd,2016-12-05 18:16:16,2016-12-05 18:16:16
5449324,290174-serial-actor-voter-5-bd,2016-12-05 20:59:58,2016-12-05 20:59:58
5449324,290174-serial-emotioner-3-bd,2016-12-05 18:16:15,2016-12-05 18:16:15
5449324,290174-serial-emotioner-5-bd,2016-12-05 20:59:58,2016-12-05 20:59:58
5449324,293194-serial-actor-voter-3-bd,2016-02-25 01:13:58,2016-02-25 01:13:58
5449324,293194-serial-actor-voter-5-bd,2016-02-25 01:14:11,2016-02-25 01:14:11
5449324,293194-serial-emotioner-3-bd,2016-02-25 01:13:59,2016-02-25 01:13:59
5449324,293194-serial-emotioner-5-bd,2016-02-25 01:14:11,2016-02-25 01:14:11
5449324,293302-marathoner-3-within-24-bd,2016-10-04 18:56:41,2016-10-04 18:56:41
5449324,293302-marathoner-5-within-24-bd,2016-10-05 10:17:36,2016-10-05 10:17:36
5449324,293302-serial-actor-voter-10-bd,2016-10-04 18:56:49,2016-10-04 18:56:49
5449324,293302-serial-actor-voter-15-bd,2016-10-05 10:18:01,2016-10-05 10:18:01
5449324,293302-serial-actor-voter-3-bd,2016-09-29 10:40:59,2016-09-29 10:40:59
5449324,293302-serial-actor-voter-5-bd,2016-10-03 19:51:20,2016-10-03 19:51:20
5449324,293302-serial-emotioner-10-bd,2016-10-04 18:56:48,2016-10-04 18:56:48
5449324,293302-serial-emotioner-15-bd,2016-10-05 10:18:02,2016-10-05 10:18:02
5449324,293302-serial-emotioner-3-bd,2016-09-29 10:40:59,2016-09-29 10:40:59
5449324,293302-serial-emotioner-5-bd,2016-10-03 19:51:23,2016-10-03 19:51:23
5449324,294417-marathoner-3-within-24-bd,2019-07-16 21:00:29,2019-07-16 21:00:29
5449324,294417-serial-actor-voter-10-bd,2016-03-13 00:24:14,2016-03-13 00:24:14
5449324,294417-serial-actor-voter-15-bd,2016-07-16 22:09:20,2016-07-16 22:09:20
5449324,294417-serial-actor-voter-3-bd,2016-03-13 00:23:41,2016-03-13 00:23:41
5449324,294417-serial-actor-voter-5-bd,2016-03-13 00:24:14,2016-03-13 00:24:14
5449324,294417-serial-emotioner-10-bd,2016-03-13 00:24:14,2016-03-13 00:24:14
5449324,294417-serial-emotioner-15-bd,2016-07-16 22:09:21,2016-07-16 22:09:21
5449324,294417-serial-emotioner-3-bd,2016-03-13 00:23:38,2016-03-13 00:23:38
5449324,294417-serial-emotioner-5-bd,2016-03-13 00:24:14,2016-03-13 00:24:14
5449324,296550-marathoner-3-within-24-bd,2016-10-17 15:58:05,2016-10-17 15:58:05
5449324,296550-marathoner-5-within-24-bd,2016-10-17 17:53:01,2016-10-17 17:53:01
5449324,296550-serial-actor-voter-3-bd,2016-10-17 15:58:07,2016-10-17 15:58:07
5449324,296550-serial-actor-voter-5-bd,2016-10-17 17:53:10,2016-10-17 17:53:10
5449324,296550-serial-emotioner-3-bd,2016-10-17 15:58:06,2016-10-17 15:58:06
5449324,296550-serial-emotioner-5-bd,2016-10-17 17:53:39,2016-10-17 17:53:39
5449324,296762-marathoner-3-within-24-bd,2018-06-20 10:07:00,2018-06-20 10:07:00
5449324,296762-marathoner-5-within-24-bd,2018-06-20 13:34:32,2018-06-20 13:34:32
5449324,296762-serial-actor-voter-3-bd,2018-07-05 19:11:05,2018-07-05 19:11:05
5449324,296762-serial-actor-voter-5-bd,2018-07-08 11:39:43,2018-07-08 11:39:43
5449324,296762-serial-emotioner-3-bd,2018-07-05 19:11:03,2018-07-05 19:11:03
5449324,296762-serial-emotioner-5-bd,2018-07-08 11:39:38,2018-07-08 11:39:38
5449324,299260-marathoner-3-within-24-bd,2017-09-18 18:33:27,2017-09-18 18:33:27
5449324,299260-quick-watcher-10-bd,2016-10-14 20:43:33,2016-10-14 20:43:33
5449324,299260-quick-watcher-3-bd,2016-08-13 17:37:28,2016-08-13 17:37:28
5449324,299260-quick-watcher-5-bd,2016-08-14 01:10:00,2016-08-14 01:10:00
5449324,299260-serial-actor-voter-10-bd,2016-10-14 20:49:26,2016-10-14 20:49:26
5449324,299260-serial-actor-voter-3-bd,2016-08-14 01:09:58,2016-08-14 01:09:58
5449324,299260-serial-actor-voter-5-bd,2016-08-14 01:10:10,2016-08-14 01:10:10
5449324,299260-serial-emotioner-10-bd,2016-10-14 20:49:25,2016-10-14 20:49:25
5449324,299260-serial-emotioner-3-bd,2016-08-14 01:09:56,2016-08-14 01:09:56
5449324,299260-serial-emotioner-5-bd,2016-08-14 01:10:08,2016-08-14 01:10:08
5449324,300247-marathoner-3-within-24-bd,2019-07-28 19:06:23,2019-07-28 19:06:23
5449324,300247-serial-actor-voter-3-bd,2019-07-28 04:58:12,2019-07-28 04:58:12
5449324,301562-marathoner-3-within-24-bd,2017-04-16 09:55:53,2017-04-16 09:55:53
5449324,301562-serial-actor-voter-10-bd,2017-04-16 11:11:03,2017-04-16 11:11:03
5449324,301562-serial-actor-voter-3-bd,2017-02-04 21:26:18,2017-02-04 21:26:18
5449324,301562-serial-actor-voter-5-bd,2017-02-04 22:21:01,2017-02-04 22:21:01
5449324,301562-serial-emotioner-10-bd,2017-04-16 11:11:02,2017-04-16 11:11:02
5449324,301562-serial-emotioner-3-bd,2017-02-04 21:26:19,2017-02-04 21:26:19
5449324,301562-serial-emotioner-5-bd,2017-02-04 22:21:02,2017-02-04 22:21:02
5449324,303786-marathoner-10-within-48-bd,2017-04-23 15:40:34,2017-04-23 15:40:34
5449324,303786-marathoner-20-within-48-bd,2017-04-24 01:05:17,2017-04-24 01:05:17
5449324,303786-marathoner-3-within-24-bd,2017-04-23 00:37:09,2017-04-23 00:37:09
5449324,303786-marathoner-5-within-24-bd,2017-04-23 01:19:41,2017-04-23 01:19:41
5449324,303786-quick-watcher-3-bd,2017-05-14 20:40:04,2017-05-14 20:40:04
5449324,303786-quick-watcher-5-bd,2017-06-03 22:19:24,2017-06-03 22:19:24
5449324,303786-serial-actor-voter-10-bd,2017-04-23 15:40:37,2017-04-23 15:40:37
5449324,303786-serial-actor-voter-15-bd,2017-04-23 21:56:21,2017-04-23 21:56:21
5449324,303786-serial-actor-voter-3-bd,2017-04-23 00:37:11,2017-04-23 00:37:11
5449324,303786-serial-actor-voter-5-bd,2017-04-23 01:19:47,2017-04-23 01:19:47
5449324,303786-serial-emotioner-10-bd,2017-04-23 15:40:36,2017-04-23 15:40:36
5449324,303786-serial-emotioner-15-bd,2017-04-23 21:56:19,2017-04-23 21:56:19
5449324,303786-serial-emotioner-3-bd,2017-04-23 00:37:12,2017-04-23 00:37:12
5449324,303786-serial-emotioner-5-bd,2017-04-23 01:19:45,2017-04-23 01:19:45
5449324,305194-marathoner-3-within-24-bd,2017-03-06 01:03:01,2017-03-06 01:03:01
5449324,305194-marathoner-5-within-24-bd,2017-03-06 18:09:46,2017-03-06 18:09:46
5449324,305194-serial-actor-voter-3-bd,2017-03-05 17:01:04,2017-03-05 17:01:04
5449324,305194-serial-actor-voter-5-bd,2017-03-06 02:02:54,2017-03-06 02:02:54
5449324,305194-serial-emotioner-3-bd,2017-03-05 17:01:03,2017-03-05 17:01:03
5449324,305194-serial-emotioner-5-bd,2017-03-06 02:02:50,2017-03-06 02:02:50
5449324,305288-marathoner-3-within-24-bd,2016-10-19 20:02:12,2016-10-19 20:02:12
5449324,305288-marathoner-5-within-24-bd,2016-10-20 12:27:54,2016-10-20 12:27:54
5449324,305288-quick-watcher-3-bd,2017-10-27 21:42:41,2017-10-27 21:42:41
5449324,305288-quick-watcher-5-bd,2017-10-28 00:10:11,2017-10-28 00:10:11
5449324,305288-serial-actor-voter-3-bd,2016-10-19 20:02:18,2016-10-19 20:02:18
5449324,305288-serial-actor-voter-5-bd,2016-10-20 11:47:52,2016-10-20 11:47:52
5449324,305288-serial-emotioner-3-bd,2016-10-19 20:02:14,2016-10-19 20:02:14
5449324,305288-serial-emotioner-5-bd,2016-10-20 11:47:50,2016-10-20 11:47:50
5449324,305378-marathoner-3-within-24-bd,2017-03-12 17:01:29,2017-03-12 17:01:29
5449324,305378-marathoner-5-within-24-bd,2017-03-13 01:28:58,2017-03-13 01:28:58
5449324,305378-quick-watcher-3-bd,2017-03-12 16:18:01,2017-03-12 16:18:01
5449324,305378-quick-watcher-5-bd,2017-03-13 01:28:58,2017-03-13 01:28:58
5449324,305378-serial-actor-voter-10-bd,2017-03-12 16:18:01,2017-03-12 16:18:01
5449324,305378-serial-actor-voter-15-bd,2017-03-15 10:42:48,2017-03-15 10:42:48
5449324,305378-serial-actor-voter-3-bd,2017-03-12 15:43:58,2017-03-12 15:43:58
5449324,305378-serial-actor-voter-5-bd,2017-03-12 15:43:58,2017-03-12 15:43:58
5449324,305378-serial-emotioner-10-bd,2017-03-12 16:18:02,2017-03-12 16:18:02
5449324,305378-serial-emotioner-15-bd,2017-03-15 10:42:46,2017-03-15 10:42:46
5449324,305378-serial-emotioner-3-bd,2017-03-12 15:43:57,2017-03-12 15:43:57
5449324,305378-serial-emotioner-5-bd,2017-03-12 15:43:57,2017-03-12 15:43:57
5449324,305719-marathoner-3-within-24-bd,2017-03-30 20:35:53,2017-03-30 20:35:53
5449324,305719-serial-actor-voter-3-bd,2017-03-07 23:49:20,2017-03-07 23:49:20
5449324,305719-serial-actor-voter-5-bd,2019-07-02 12:19:16,2019-07-02 12:19:16
5449324,305719-serial-emotioner-3-bd,2017-03-07 23:49:19,2017-03-07 23:49:19
5449324,306304-marathoner-3-within-24-bd,2017-01-14 14:22:59,2017-01-14 14:22:59
5449324,306304-marathoner-5-within-24-bd,2017-01-14 16:00:14,2017-01-14 16:00:15
5449324,306304-quick-watcher-10-bd,2018-03-30 12:41:12,2018-03-30 12:41:12
5449324,306304-quick-watcher-15-bd,2018-03-30 21:04:20,2018-03-30 21:04:20
5449324,306304-quick-watcher-3-bd,2017-01-14 14:22:59,2017-01-14 14:22:59
5449324,306304-quick-watcher-5-bd,2017-01-14 16:00:14,2017-01-14 16:00:14
5449324,306304-serial-actor-voter-10-bd,2018-03-30 12:41:15,2018-03-30 12:41:15
5449324,306304-serial-actor-voter-15-bd,2019-01-03 00:53:51,2019-01-03 00:53:51
5449324,306304-serial-actor-voter-3-bd,2017-01-14 14:23:01,2017-01-14 14:23:01
5449324,306304-serial-actor-voter-5-bd,2017-01-14 16:00:15,2017-01-14 16:00:15
5449324,306304-serial-emotioner-10-bd,2018-03-30 12:41:14,2018-03-30 12:41:14
5449324,306304-serial-emotioner-3-bd,2017-01-14 14:22:59,2017-01-14 14:22:59
5449324,306304-serial-emotioner-5-bd,2017-01-14 16:00:15,2017-01-14 16:00:15
5449324,309130-marathoner-3-within-24-bd,2017-11-03 02:31:47,2017-11-03 02:31:47
5449324,309130-quick-watcher-3-bd,2018-05-23 21:11:13,2018-05-23 21:11:13
5449324,309130-serial-actor-voter-3-bd,2018-04-12 10:16:20,2018-04-12 10:16:20
5449324,311711-marathoner-3-within-24-bd,2017-09-24 17:02:35,2017-09-24 17:02:35
5449324,311711-quick-watcher-3-bd,2017-10-27 22:06:57,2017-10-27 22:06:57
5449324,311711-quick-watcher-5-bd,2018-01-06 14:43:20,2018-01-06 14:43:20
5449324,311711-serial-actor-voter-3-bd,2019-01-11 18:21:58,2019-01-11 18:21:58
5449324,311711-serial-actor-voter-5-bd,2019-01-26 12:51:46,2019-01-26 12:51:46
5449324,311711-serial-emotioner-3-bd,2019-01-11 18:21:56,2019-01-11 18:21:56
5449324,311711-serial-emotioner-5-bd,2019-01-26 12:51:44,2019-01-26 12:51:44
5449324,311713-serial-actor-voter-3-bd,2016-10-21 19:33:16,2016-10-21 19:33:16
5449324,311713-serial-emotioner-3-bd,2016-10-21 19:33:14,2016-10-21 19:33:14
5449324,311714-serial-actor-voter-3-bd,2017-05-28 23:00:05,2017-05-28 23:00:05
5449324,311714-serial-emotioner-3-bd,2017-05-28 23:00:04,2017-05-28 23:00:04
5449324,311816-marathoner-3-within-24-bd,2017-05-04 08:12:14,2017-05-04 08:12:14
5449324,311816-quick-watcher-3-bd,2016-10-22 15:54:28,2016-10-22 15:54:28
5449324,311816-serial-actor-voter-10-bd,2017-05-04 08:12:18,2017-05-04 08:12:18
5449324,311816-serial-actor-voter-3-bd,2016-10-08 15:51:41,2016-10-08 15:51:41
5449324,311816-serial-actor-voter-5-bd,2016-10-22 15:54:33,2016-10-22 15:54:33
5449324,311816-serial-emotioner-10-bd,2017-05-04 08:12:14,2017-05-04 08:12:14
5449324,311816-serial-emotioner-3-bd,2016-10-08 15:51:41,2016-10-08 15:51:41
5449324,311816-serial-emotioner-5-bd,2016-10-22 15:54:29,2016-10-22 15:54:29
5449324,311901-marathoner-3-within-24-bd,2018-06-14 19:20:14,2018-06-14 19:20:14
5449324,311954-quick-watcher-3-bd,2017-03-11 15:35:16,2017-03-11 15:35:16
5449324,311954-quick-watcher-5-bd,2017-10-26 21:36:23,2017-10-26 21:36:23
5449324,311954-serial-actor-voter-3-bd,2017-02-13 18:34:46,2017-02-13 18:34:46
5449324,311954-serial-actor-voter-5-bd,2017-02-25 01:00:48,2017-02-25 01:00:48
5449324,311954-serial-emotioner-10-bd,2017-04-15 19:49:49,2017-04-15 19:49:49
5449324,311954-serial-emotioner-3-bd,2017-02-13 18:34:45,2017-02-13 18:34:45
5449324,311954-serial-emotioner-5-bd,2017-02-25 01:00:47,2017-02-25 01:00:47
5449324,311958-serial-actor-voter-3-bd,2016-10-22 13:24:57,2016-10-22 13:24:57
5449324,311958-serial-actor-voter-5-bd,2016-11-05 07:17:09,2016-11-05 07:17:09
5449324,311958-serial-emotioner-3-bd,2016-10-22 13:24:54,2016-10-22 13:24:54
5449324,311958-serial-emotioner-5-bd,2016-11-05 07:17:08,2016-11-05 07:17:08
5449324,312505-marathoner-3-within-24-bd,2018-06-13 13:37:17,2018-06-13 13:37:17
5449324,312515-marathoner-3-within-24-bd,2019-03-02 20:33:16,2019-03-02 20:33:16
5449324,312515-marathoner-5-within-24-bd,2019-03-03 23:18:37,2019-03-03 23:18:37
5449324,312515-serial-actor-voter-3-bd,2019-03-02 19:04:10,2019-03-02 19:04:10
5449324,312515-serial-emotioner-3-bd,2019-03-02 19:03:53,2019-03-02 19:03:53
5449324,313589-marathoner-3-within-24-bd,2016-10-15 22:12:00,2016-10-15 22:12:00
5449324,313589-marathoner-5-within-24-bd,2016-10-16 17:39:11,2016-10-16 17:39:11
5449324,313589-quick-watcher-10-bd,2017-10-21 12:41:33,2017-10-21 12:41:33
5449324,313589-quick-watcher-15-bd,2017-10-21 15:19:59,2017-10-21 15:19:59
5449324,313589-quick-watcher-3-bd,2016-10-15 22:12:00,2016-10-15 22:12:00
5449324,313589-quick-watcher-5-bd,2016-10-16 17:39:11,2016-10-16 17:39:11
5449324,313589-serial-actor-voter-3-bd,2016-10-15 22:12:03,2016-10-15 22:12:03
5449324,313589-serial-actor-voter-5-bd,2016-10-16 17:39:13,2016-10-16 17:39:13
5449324,313589-serial-emotioner-3-bd,2016-10-15 22:12:01,2016-10-15 22:12:01
5449324,313589-serial-emotioner-5-bd,2016-10-16 17:39:11,2016-10-16 17:39:11
5449324,314288-marathoner-3-within-24-bd,2017-05-17 15:26:37,2017-05-17 15:26:37
5449324,314324-marathoner-3-within-24-bd,2016-10-17 21:16:53,2016-10-17 21:16:53
5449324,314324-marathoner-5-within-24-bd,2016-10-17 22:14:53,2016-10-17 22:14:53
5449324,314324-serial-actor-voter-3-bd,2016-10-17 21:16:58,2016-10-17 21:16:58
5449324,314324-serial-actor-voter-5-bd,2016-10-17 22:14:54,2016-10-17 22:14:54
5449324,314324-serial-emotioner-10-bd,2019-04-11 20:34:23,2019-04-11 20:34:23
5449324,314324-serial-emotioner-3-bd,2016-10-17 21:16:56,2016-10-17 21:16:56
5449324,314324-serial-emotioner-5-bd,2016-10-17 22:14:54,2016-10-17 22:14:54
5449324,315250-quick-watcher-3-bd,2017-06-16 16:08:36,2017-06-16 16:08:36
5449324,315250-quick-watcher-5-bd,2017-07-07 17:58:17,2017-07-07 17:58:17
5449324,315250-serial-actor-voter-3-bd,2017-06-16 16:08:38,2017-06-16 16:08:39
5449324,315250-serial-emotioner-3-bd,2017-06-16 16:08:40,2017-06-16 16:08:40
5449324,315991-quick-watcher-10-bd,2017-11-30 17:37:40,2017-11-30 17:37:40
5449324,315991-quick-watcher-3-bd,2017-05-17 20:49:30,2017-05-17 20:49:30
5449324,315991-quick-watcher-5-bd,2017-05-31 18:21:45,2017-05-31 18:21:45
5449324,315991-serial-emotioner-3-bd,2017-05-24 18:21:45,2017-05-24 18:21:45
5449324,316176-marathoner-3-within-24-bd,2019-03-04 21:20:25,2019-03-04 21:20:25
5449324,316176-marathoner-5-within-24-bd,2019-03-04 22:07:17,2019-03-04 22:07:17
5449324,316998-quick-watcher-3-bd,2016-12-25 02:52:18,2016-12-25 02:52:18
5449324,316998-serial-emotioner-10-bd,2016-12-16 17:43:18,2016-12-16 17:43:18
5449324,316998-serial-emotioner-15-bd,2016-12-16 17:43:18,2016-12-16 17:43:18
5449324,316998-serial-emotioner-3-bd,2016-12-16 17:43:18,2016-12-16 17:43:18
5449324,316998-serial-emotioner-5-bd,2016-12-16 17:43:18,2016-12-16 17:43:18
5449324,318000-serial-actor-voter-3-bd,2017-02-08 15:35:18,2017-02-08 15:35:18
5449324,318000-serial-emotioner-3-bd,2017-02-08 15:35:17,2017-02-08 15:35:17
5449324,318000-serial-emotioner-5-bd,2017-02-08 15:35:29,2017-02-08 15:35:29
5449324,318161-marathoner-3-within-24-bd,2017-08-24 23:20:30,2017-08-24 23:20:30
5449324,318161-marathoner-5-within-24-bd,2017-08-25 02:45:20,2017-08-25 02:45:20
5449324,318161-serial-actor-voter-3-bd,2017-08-24 23:20:34,2017-08-24 23:20:34
5449324,318161-serial-emotioner-3-bd,2017-08-24 23:20:32,2017-08-24 23:20:32
5449324,318363-marathoner-3-within-24-bd,2017-01-20 16:57:38,2017-01-20 16:57:38
5449324,318363-marathoner-5-within-24-bd,2018-01-29 18:44:42,2018-01-29 18:44:42
5449324,318363-quick-watcher-10-bd,2019-02-10 20:29:00,2019-02-10 20:29:00
5449324,318363-quick-watcher-3-bd,2018-01-28 19:34:37,2018-01-28 19:34:37
5449324,318363-quick-watcher-5-bd,2018-01-28 21:31:47,2018-01-28 21:31:47
5449324,318363-serial-actor-voter-10-bd,2017-01-20 19:23:56,2017-01-20 19:23:57
5449324,318363-serial-actor-voter-3-bd,2017-01-19 18:45:01,2017-01-19 18:45:01
5449324,318363-serial-actor-voter-5-bd,2017-01-20 11:19:44,2017-01-20 11:19:44
5449324,318363-serial-emotioner-10-bd,2017-01-20 19:23:56,2017-01-20 19:23:56
5449324,318363-serial-emotioner-3-bd,2017-01-19 18:45:00,2017-01-19 18:45:00
5449324,318363-serial-emotioner-5-bd,2017-01-20 11:19:43,2017-01-20 11:19:43
5449324,318432-marathoner-10-within-48-bd,2018-07-17 01:25:05,2018-07-17 01:25:05
5449324,318432-marathoner-3-within-24-bd,2018-07-17 00:55:31,2018-07-17 00:55:31
5449324,318432-marathoner-5-within-24-bd,2018-07-17 01:06:04,2018-07-17 01:06:04
5449324,320344-marathoner-10-within-48-bd,2018-04-27 23:56:33,2018-04-27 23:56:33
5449324,320344-marathoner-3-within-24-bd,2018-04-27 23:08:12,2018-04-27 23:08:12
5449324,320344-marathoner-5-within-24-bd,2018-04-27 23:17:31,2018-04-27 23:17:31
5449324,320344-quick-watcher-3-bd,2018-05-11 09:51:37,2018-05-11 09:51:37
5449324,320344-serial-actor-voter-3-bd,2019-04-27 06:09:54,2019-04-27 06:09:54
5449324,320344-serial-emotioner-3-bd,2019-04-27 06:08:49,2019-04-27 06:08:49
5449324,320450-quick-watcher-10-bd,2017-02-03 22:48:25,2017-02-03 22:48:25
5449324,320450-quick-watcher-3-bd,2017-02-03 22:48:07,2017-02-03 22:48:07
5449324,320450-quick-watcher-5-bd,2017-02-03 22:48:07,2017-02-03 22:48:07
5449324,320450-serial-actor-voter-10-bd,2017-02-03 22:48:26,2017-02-03 22:48:26
5449324,320450-serial-actor-voter-3-bd,2017-02-03 22:48:12,2017-02-03 22:48:12
5449324,320450-serial-actor-voter-5-bd,2017-02-03 22:48:12,2017-02-03 22:48:12
5449324,320450-serial-emotioner-10-bd,2017-02-03 22:48:26,2017-02-03 22:48:26
5449324,320450-serial-emotioner-3-bd,2017-02-03 22:48:10,2017-02-03 22:48:10
5449324,320450-serial-emotioner-5-bd,2017-02-03 22:48:10,2017-02-03 22:48:10
5449324,320613-quick-watcher-3-bd,2018-06-23 15:19:54,2018-06-23 15:19:54
5449324,320613-quick-watcher-5-bd,2018-07-14 15:48:28,2018-07-14 15:48:28
5449324,321060-marathoner-3-within-24-bd,2016-12-31 02:48:23,2016-12-31 02:48:23
5449324,321060-serial-actor-voter-3-bd,2016-12-31 00:23:21,2016-12-31 00:23:21
5449324,321060-serial-actor-voter-5-bd,2016-12-31 00:24:06,2016-12-31 00:24:06
5449324,321060-serial-emotioner-10-bd,2019-05-07 22:58:47,2019-05-07 22:58:47
5449324,321060-serial-emotioner-3-bd,2016-12-31 00:23:18,2016-12-31 00:23:18
5449324,321060-serial-emotioner-5-bd,2016-12-31 00:24:03,2016-12-31 00:24:03
5449324,321239-marathoner-3-within-24-bd,2017-05-01 20:33:21,2017-05-01 20:33:21
5449324,321239-quick-watcher-3-bd,2018-04-27 21:22:46,2018-04-27 21:22:46
5449324,321239-quick-watcher-5-bd,2018-05-10 11:00:07,2018-05-10 11:00:07
5449324,321239-serial-actor-voter-10-bd,2017-06-15 16:03:40,2017-06-15 16:03:40
5449324,321239-serial-actor-voter-3-bd,2017-05-01 20:33:27,2017-05-01 20:33:27
5449324,321239-serial-actor-voter-5-bd,2017-05-14 10:34:17,2017-05-14 10:34:17
5449324,321239-serial-emotioner-10-bd,2017-06-15 16:03:38,2017-06-15 16:03:38
5449324,321239-serial-emotioner-3-bd,2017-05-01 20:33:24,2017-05-01 20:33:24
5449324,321239-serial-emotioner-5-bd,2017-05-14 10:34:16,2017-05-14 10:34:16
5449324,321884-marathoner-3-within-24-bd,2017-08-05 14:31:40,2017-08-05 14:31:40
5449324,321884-marathoner-5-within-24-bd,2017-08-06 14:50:04,2017-08-06 14:50:04
5449324,321884-quick-watcher-3-bd,2018-03-20 17:06:53,2018-03-20 17:06:53
5449324,321884-quick-watcher-5-bd,2019-08-07 20:23:32,2019-08-07 20:23:32
5449324,321884-serial-actor-voter-3-bd,2017-08-05 13:57:26,2017-08-05 13:57:26
5449324,321884-serial-emotioner-3-bd,2017-08-05 13:57:28,2017-08-05 13:57:28
5449324,322332-quick-watcher-10-bd,2018-03-03 08:36:25,2018-03-03 08:36:25
5449324,322332-quick-watcher-15-bd,2018-03-20 08:59:44,2018-03-20 08:59:44
5449324,322332-quick-watcher-3-bd,2018-02-06 14:02:02,2018-02-06 14:02:02
5449324,322332-quick-watcher-5-bd,2018-02-13 12:15:57,2018-02-13 12:15:57
5449324,323168-marathoner-3-within-24-bd,2017-04-07 20:06:25,2017-04-07 20:06:25
5449324,323168-marathoner-5-within-24-bd,2017-04-07 22:09:03,2017-04-07 22:09:03
5449324,323168-quick-watcher-3-bd,2018-05-20 17:52:00,2018-05-20 17:52:00
5449324,323168-quick-watcher-5-bd,2018-05-20 20:58:38,2018-05-20 20:58:38
5449324,323168-serial-actor-voter-3-bd,2017-04-08 14:37:07,2017-04-08 14:37:07
5449324,323168-serial-actor-voter-5-bd,2018-05-18 18:57:58,2018-05-18 18:57:58
5449324,323168-serial-emotioner-3-bd,2017-04-08 14:37:06,2017-04-08 14:37:06
5449324,323168-serial-emotioner-5-bd,2018-05-18 18:57:57,2018-05-18 18:57:57
5449324,323225-marathoner-3-within-24-bd,2017-06-30 01:57:18,2017-06-30 01:57:18
5449324,323225-marathoner-5-within-24-bd,2017-06-30 21:01:53,2017-06-30 21:01:53
5449324,323225-serial-actor-voter-3-bd,2017-06-30 01:57:25,2017-06-30 01:57:25
5449324,323225-serial-actor-voter-5-bd,2017-06-30 21:01:58,2017-06-30 21:01:58
5449324,323225-serial-emotioner-3-bd,2017-06-30 01:57:21,2017-06-30 01:57:21
5449324,323225-serial-emotioner-5-bd,2017-06-30 21:01:54,2017-06-30 21:01:54
5449324,323855-marathoner-3-within-24-bd,2017-05-02 21:34:28,2017-05-02 21:34:28
5449324,323855-marathoner-5-within-24-bd,2017-05-02 22:28:14,2017-05-02 22:28:14
5449324,323855-serial-actor-voter-3-bd,2017-05-02 21:34:31,2017-05-02 21:34:31
5449324,323855-serial-actor-voter-5-bd,2017-05-02 22:28:16,2017-05-02 22:28:16
5449324,323855-serial-emotioner-10-bd,2017-05-03 00:27:47,2017-05-03 00:27:47
5449324,323855-serial-emotioner-3-bd,2017-05-02 10:52:05,2017-05-02 10:52:05
5449324,323855-serial-emotioner-5-bd,2017-05-02 22:06:27,2017-05-02 22:06:27
5449324,324835-marathoner-3-within-24-bd,2017-06-23 18:59:43,2017-06-23 18:59:43
5449324,324835-marathoner-5-within-24-bd,2017-06-23 20:58:25,2017-06-23 20:58:25
5449324,324835-quick-watcher-10-bd,2017-06-24 00:32:28,2017-06-24 00:32:28
5449324,324835-quick-watcher-3-bd,2017-06-23 18:59:43,2017-06-23 18:59:43
5449324,324835-quick-watcher-5-bd,2017-06-23 20:58:25,2017-06-23 20:58:25
5449324,324835-serial-actor-voter-3-bd,2017-06-23 18:59:47,2017-06-23 18:59:47
5449324,324835-serial-emotioner-3-bd,2017-06-23 18:59:46,2017-06-23 18:59:46
5449324,324835-serial-emotioner-5-bd,2017-06-23 20:58:28,2017-06-23 20:58:28
5449324,324916-marathoner-3-within-24-bd,2018-08-09 01:32:17,2018-08-09 01:32:17
5449324,326815-marathoner-3-within-24-bd,2018-04-08 21:11:04,2018-04-08 21:11:04
5449324,326866-marathoner-3-within-24-bd,2018-07-03 20:25:49,2018-07-03 20:25:49
5449324,326887-marathoner-3-within-24-bd,2017-06-28 20:04:40,2017-06-28 20:04:40
5449324,326887-serial-actor-voter-3-bd,2017-07-18 12:05:16,2017-07-18 12:05:16
5449324,326887-serial-emotioner-3-bd,2017-07-18 12:05:15,2017-07-18 12:05:15
5449324,327359-marathoner-3-within-24-bd,2017-08-29 12:59:48,2017-08-29 12:59:48
5449324,327417-marathoner-3-within-24-bd,2018-01-31 18:40:05,2018-01-31 18:40:05
5449324,327417-marathoner-5-within-24-bd,2018-02-03 15:39:30,2018-02-03 15:39:30
5449324,327417-quick-watcher-3-bd,2019-07-20 04:02:07,2019-07-20 04:02:07
5449324,327417-quick-watcher-5-bd,2019-07-21 14:25:29,2019-07-21 14:25:29
5449324,327417-serial-actor-voter-3-bd,2019-07-20 03:37:15,2019-07-20 03:37:15
5449324,328292-marathoner-10-within-48-bd,2017-07-04 03:48:14,2017-07-04 03:48:14
5449324,328292-marathoner-3-within-24-bd,2017-07-02 23:07:21,2017-07-02 23:07:21
5449324,328292-marathoner-5-within-24-bd,2017-07-03 05:31:02,2017-07-03 05:31:02
5449324,328292-quick-watcher-3-bd,2017-07-02 23:07:21,2017-07-02 23:07:21
5449324,328292-serial-actor-voter-10-bd,2017-07-04 03:48:18,2017-07-04 03:48:18
5449324,328292-serial-actor-voter-3-bd,2017-07-02 23:07:24,2017-07-02 23:07:24
5449324,328292-serial-actor-voter-5-bd,2017-07-03 05:31:03,2017-07-03 05:31:03
5449324,328292-serial-emotioner-10-bd,2017-07-04 03:48:15,2017-07-04 03:48:15
5449324,328292-serial-emotioner-3-bd,2017-07-02 23:07:21,2017-07-02 23:07:21
5449324,328292-serial-emotioner-5-bd,2017-07-03 05:31:03,2017-07-03 05:31:03
5449324,328308-marathoner-3-within-24-bd,2019-02-18 19:23:18,2019-02-18 19:23:18
5449324,328308-quick-watcher-3-bd,2017-08-13 19:39:33,2017-08-13 19:39:33
5449324,328308-serial-actor-voter-3-bd,2017-08-13 19:39:39,2017-08-13 19:39:39
5449324,328308-serial-emotioner-10-bd,2019-02-18 18:56:09,2019-02-18 18:56:09
5449324,328308-serial-emotioner-3-bd,2017-08-13 19:39:33,2017-08-13 19:39:33
5449324,328308-serial-emotioner-5-bd,2017-08-27 04:28:25,2017-08-27 04:28:25
5449324,328350-marathoner-10-within-48-bd,2017-08-11 08:53:53,2017-08-11 08:53:53
5449324,328350-marathoner-3-within-24-bd,2017-08-10 20:40:04,2017-08-10 20:40:04
5449324,328350-marathoner-5-within-24-bd,2017-08-10 21:15:19,2017-08-10 21:15:19
5449324,328361-marathoner-3-within-24-bd,2018-06-28 03:34:08,2018-06-28 03:34:08
5449324,328369-marathoner-3-within-24-bd,2017-07-02 03:28:21,2017-07-02 03:28:21
5449324,328369-quick-watcher-3-bd,2017-10-25 10:49:48,2017-10-25 10:49:48
5449324,328369-quick-watcher-5-bd,2017-10-27 13:09:32,2017-10-27 13:09:32
5449324,328398-marathoner-10-within-48-bd,2017-07-01 02:50:48,2017-07-01 02:50:48
5449324,328398-marathoner-3-within-24-bd,2017-06-30 03:54:48,2017-06-30 03:54:48
5449324,328398-marathoner-5-within-24-bd,2017-06-30 04:16:31,2017-06-30 04:16:31
5449324,328398-serial-emotioner-3-bd,2017-06-30 03:54:53,2017-06-30 03:54:53
5449324,328398-serial-emotioner-5-bd,2017-06-30 04:16:33,2017-06-30 04:16:33
5449324,328535-marathoner-3-within-24-bd,2018-07-10 18:29:22,2018-07-10 18:29:22
5449324,328535-marathoner-5-within-24-bd,2018-07-10 19:32:30,2018-07-10 19:32:30
5449324,328577-marathoner-3-within-24-bd,2018-07-11 19:18:18,2018-07-11 19:18:18
5449324,328577-marathoner-5-within-24-bd,2018-07-11 20:53:04,2018-07-11 20:53:04
5449324,328577-serial-actor-voter-3-bd,2018-07-11 20:53:07,2018-07-11 20:53:07
5449324,328577-serial-actor-voter-5-bd,2018-07-11 22:57:00,2018-07-11 22:57:00
5449324,328577-serial-emotioner-3-bd,2018-07-11 20:53:06,2018-07-11 20:53:06
5449324,328577-serial-emotioner-5-bd,2018-07-11 22:56:59,2018-07-11 22:56:59
5449324,328634-marathoner-3-within-24-bd,2018-02-24 04:39:03,2018-02-24 04:39:03
5449324,328634-serial-actor-voter-3-bd,2018-03-15 22:10:09,2018-03-15 22:10:09
5449324,328634-serial-emotioner-3-bd,2018-03-15 22:10:06,2018-03-15 22:10:06
5449324,328749-quick-watcher-3-bd,2018-05-05 16:02:16,2018-05-05 16:02:16
5449324,328749-quick-watcher-5-bd,2018-10-14 17:41:37,2018-10-14 17:41:37
5449324,328749-serial-actor-voter-3-bd,2019-01-25 22:43:03,2019-01-25 22:43:03
5449324,328749-serial-actor-voter-5-bd,2019-02-10 11:28:04,2019-02-10 11:28:04
5449324,328749-serial-emotioner-3-bd,2018-11-18 08:51:16,2018-11-18 08:51:16
5449324,328749-serial-emotioner-5-bd,2019-02-10 11:28:00,2019-02-10 11:28:00
5449324,328972-marathoner-3-within-24-bd,2017-10-31 21:22:20,2017-10-31 21:22:20
5449324,328972-marathoner-5-within-24-bd,2017-10-31 23:01:51,2017-10-31 23:01:51
5449324,329178-marathoner-3-within-24-bd,2017-07-01 03:13:00,2017-07-01 03:13:00
5449324,329178-marathoner-5-within-24-bd,2017-07-01 03:31:02,2017-07-01 03:31:02
5449324,329536-marathoner-10-within-48-bd,2017-07-18 14:27:23,2017-07-18 14:27:23
5449324,329536-marathoner-3-within-24-bd,2017-07-18 12:46:33,2017-07-18 12:46:33
5449324,329536-marathoner-5-within-24-bd,2017-07-18 13:23:09,2017-07-18 13:23:09
5449324,329536-serial-emotioner-3-bd,2017-07-18 12:46:35,2017-07-18 12:46:35
5449324,329674-marathoner-3-within-24-bd,2017-08-22 02:38:21,2017-08-22 02:38:21
5449324,329841-marathoner-3-within-24-bd,2017-06-18 02:45:33,2017-06-18 02:45:33
5449324,329841-marathoner-5-within-24-bd,2017-06-18 03:07:26,2017-06-18 03:07:26
5449324,330229-marathoner-3-within-24-bd,2017-08-22 03:14:00,2017-08-22 03:14:00
5449324,330229-marathoner-5-within-24-bd,2017-08-22 03:29:21,2017-08-22 03:29:21
5449324,330374-marathoner-3-within-24-bd,2017-08-11 23:32:42,2017-08-11 23:32:42
5449324,330374-marathoner-5-within-24-bd,2017-08-12 00:35:31,2017-08-12 00:35:31
5449324,330374-quick-watcher-10-bd,2018-09-07 18:10:39,2018-09-07 18:10:39
5449324,330374-quick-watcher-15-bd,2018-09-08 18:36:36,2018-09-08 18:36:36
5449324,330374-quick-watcher-3-bd,2017-08-11 23:32:42,2017-08-11 23:32:42
5449324,330374-quick-watcher-5-bd,2017-08-12 00:35:31,2017-08-12 00:35:31
5449324,330374-serial-actor-voter-3-bd,2018-09-07 17:34:42,2018-09-07 17:34:42
5449324,330374-serial-emotioner-10-bd,2018-09-07 18:10:43,2018-09-07 18:10:43
5449324,330374-serial-emotioner-3-bd,2017-08-11 23:32:48,2017-08-11 23:32:48
5449324,330374-serial-emotioner-5-bd,2017-08-12 00:35:38,2017-08-12 00:35:38
5449324,330433-quick-watcher-3-bd,2017-08-13 14:27:57,2017-08-13 14:27:57
5449324,330525-marathoner-3-within-24-bd,2020-05-17 00:56:22,2020-05-17 00:56:22
5449324,330895-marathoner-3-within-24-bd,2017-08-22 04:24:35,2017-08-22 04:24:35
5449324,330895-marathoner-5-within-24-bd,2017-08-22 05:00:40,2017-08-22 05:00:40
5449324,331431-marathoner-3-within-24-bd,2017-09-30 20:57:28,2017-09-30 20:57:28
5449324,331431-quick-watcher-3-bd,2017-09-30 21:23:09,2017-09-30 21:23:09
5449324,331431-quick-watcher-5-bd,2017-10-01 09:03:18,2017-10-01 09:03:18
5449324,331604-marathoner-3-within-24-bd,2018-07-19 19:55:51,2018-07-19 19:55:51
5449324,331604-marathoner-5-within-24-bd,2018-07-19 20:52:44,2018-07-19 20:52:44
5449324,331920-marathoner-3-within-24-bd,2017-07-26 01:15:48,2017-07-26 01:15:48
5449324,331920-serial-emotioner-3-bd,2017-07-26 01:15:50,2017-07-26 01:15:50
5449324,331988-marathoner-3-within-24-bd,2017-09-26 15:10:38,2017-09-26 15:10:38
5449324,331988-quick-watcher-3-bd,2017-09-26 15:10:38,2017-09-26 15:10:38
5449324,332763-marathoner-3-within-24-bd,2017-08-21 21:41:41,2017-08-21 21:41:41
5449324,332763-marathoner-5-within-24-bd,2017-08-21 21:48:47,2017-08-21 21:48:47
5449324,332828-marathoner-3-within-24-bd,2017-09-23 19:49:20,2017-09-23 19:49:20
5449324,332954-marathoner-3-within-24-bd,2018-10-27 11:54:07,2018-10-27 11:54:07
5449324,332954-marathoner-5-within-24-bd,2019-07-15 02:47:49,2019-07-15 02:47:49
5449324,332954-serial-actor-voter-3-bd,2018-11-18 12:46:04,2018-11-18 12:46:04
5449324,332954-serial-emotioner-3-bd,2018-10-28 03:01:19,2018-10-28 03:01:19
5449324,332954-serial-emotioner-5-bd,2018-11-18 12:46:06,2018-11-18 12:46:06
5449324,333838-marathoner-3-within-24-bd,2017-08-28 08:53:20,2017-08-28 08:53:20
5449324,334147-marathoner-3-within-24-bd,2018-04-13 12:43:43,2018-04-13 12:43:43
5449324,334147-serial-emotioner-3-bd,2019-02-24 19:27:14,2019-02-24 19:27:14
5449324,334543-marathoner-3-within-24-bd,2018-07-10 01:57:15,2018-07-10 01:57:15
5449324,334543-marathoner-5-within-24-bd,2018-07-10 12:21:55,2018-07-10 12:21:55
5449324,334670-marathoner-3-within-24-bd,2018-10-24 21:43:36,2018-10-24 21:43:36
5449324,334670-marathoner-5-within-24-bd,2018-10-25 09:52:02,2018-10-25 09:52:02
5449324,334670-serial-emotioner-3-bd,2018-10-24 22:11:31,2018-10-24 22:11:31
5449324,334670-serial-emotioner-5-bd,2018-10-24 22:11:31,2018-10-24 22:11:31
5449324,334824-marathoner-3-within-24-bd,2018-03-11 20:12:49,2018-03-11 20:12:49
5449324,335982-marathoner-3-within-24-bd,2018-04-10 22:24:54,2018-04-10 22:24:54
5449324,335982-serial-emotioner-3-bd,2018-04-10 22:24:59,2018-04-10 22:24:59
5449324,336522-marathoner-3-within-24-bd,2018-01-07 00:48:15,2018-01-07 00:48:15
5449324,336522-quick-watcher-3-bd,2019-11-06 19:39:39,2019-11-06 19:39:39
5449324,336522-quick-watcher-5-bd,2019-11-06 19:39:39,2019-11-06 19:39:39
5449324,336622-marathoner-3-within-24-bd,2018-02-17 02:55:39,2018-02-17 02:55:39
5449324,336924-marathoner-3-within-24-bd,2019-01-05 22:47:04,2019-01-05 22:47:04
5449324,336924-quick-watcher-10-bd,2019-12-28 04:58:18,2019-12-28 04:58:18
5449324,336924-quick-watcher-3-bd,2019-12-27 02:49:48,2019-12-27 02:49:48
5449324,336924-quick-watcher-5-bd,2019-12-27 02:49:48,2019-12-27 02:49:48
5449324,336924-serial-actor-voter-3-bd,2019-01-05 22:47:06,2019-01-05 22:47:06
5449324,336924-serial-actor-voter-5-bd,2019-01-07 23:59:17,2019-01-07 23:59:17
5449324,336924-serial-emotioner-3-bd,2019-01-05 22:47:05,2019-01-05 22:47:05
5449324,336924-serial-emotioner-5-bd,2019-01-07 23:59:13,2019-01-07 23:59:13
5449324,337218-marathoner-3-within-24-bd,2018-10-08 17:28:28,2018-10-08 17:28:28
5449324,337395-marathoner-3-within-24-bd,2018-07-23 10:46:00,2018-07-23 10:46:00
5449324,337907-marathoner-3-within-24-bd,2018-02-22 00:40:41,2018-02-22 00:40:41
5449324,337907-serial-actor-voter-3-bd,2018-11-01 02:54:50,2018-11-01 02:54:50
5449324,337907-serial-actor-voter-5-bd,2018-11-02 20:40:49,2018-11-02 20:40:49
5449324,337907-serial-emotioner-3-bd,2018-11-01 02:54:46,2018-11-01 02:54:46
5449324,337907-serial-emotioner-5-bd,2018-11-02 20:40:46,2018-11-02 20:40:46
5449324,338301-marathoner-3-within-24-bd,2018-06-20 21:18:21,2018-06-20 21:18:21
5449324,338301-marathoner-5-within-24-bd,2018-06-20 23:18:56,2018-06-20 23:18:56
5449324,338301-quick-watcher-3-bd,2018-08-09 13:50:30,2018-08-09 13:50:30
5449324,338301-quick-watcher-5-bd,2018-09-03 12:39:52,2018-09-03 12:39:52
5449324,338947-marathoner-3-within-24-bd,2018-10-31 19:50:13,2018-10-31 19:50:13
5449324,338947-quick-watcher-3-bd,2018-10-26 19:57:42,2018-10-26 19:57:42
5449324,338947-quick-watcher-5-bd,2019-04-07 14:12:38,2019-04-07 14:12:38
5449324,338947-serial-actor-voter-3-bd,2018-10-31 20:12:01,2018-10-31 20:12:01
5449324,338947-serial-emotioner-3-bd,2018-10-31 19:50:14,2018-10-31 19:50:14
5449324,339273-marathoner-3-within-24-bd,2018-03-18 21:19:37,2018-03-18 21:19:37
5449324,339273-quick-watcher-3-bd,2018-03-18 16:10:01,2018-03-18 16:10:01
5449324,339273-quick-watcher-5-bd,2018-03-18 17:00:59,2018-03-18 17:00:59
5449324,339273-serial-actor-voter-3-bd,2018-03-18 16:10:07,2018-03-18 16:10:07
5449324,339273-serial-emotioner-3-bd,2018-03-18 16:10:03,2018-03-18 16:10:03
5449324,339512-marathoner-3-within-24-bd,2019-07-20 05:45:02,2019-07-20 05:45:02
5449324,339512-marathoner-5-within-24-bd,2019-07-20 16:54:23,2019-07-20 16:54:23
5449324,339512-serial-actor-voter-3-bd,2019-07-20 05:45:06,2019-07-20 05:45:06
5449324,339512-serial-actor-voter-5-bd,2019-07-20 16:54:25,2019-07-20 16:54:25
5449324,340234-marathoner-3-within-24-bd,2018-08-27 20:52:42,2018-08-27 20:52:42
5449324,340793-marathoner-3-within-24-bd,2018-06-22 11:20:44,2018-06-22 11:20:44
5449324,340793-marathoner-5-within-24-bd,2018-06-22 22:26:52,2018-06-22 22:26:52
5449324,340944-serial-actor-voter-3-bd,2019-01-02 00:59:50,2019-01-02 00:59:50
5449324,340944-serial-emotioner-3-bd,2019-01-02 00:59:43,2019-01-02 00:59:43
5449324,340959-marathoner-3-within-24-bd,2020-05-21 02:36:38,2020-05-21 02:36:38
5449324,340973-marathoner-3-within-24-bd,2018-09-30 08:50:45,2018-09-30 08:50:45
5449324,340973-quick-watcher-3-bd,2018-10-04 20:06:06,2018-10-04 20:06:06
5449324,340973-quick-watcher-5-bd,2018-10-06 19:35:13,2018-10-06 19:35:13
5449324,341235-marathoner-3-within-24-bd,2018-10-27 00:08:21,2018-10-27 00:08:21
5449324,341235-quick-watcher-10-bd,2018-10-30 01:15:47,2018-10-30 01:15:47
5449324,341235-quick-watcher-3-bd,2018-10-26 12:29:21,2018-10-26 12:29:21
5449324,341235-quick-watcher-5-bd,2018-10-27 00:08:21,2018-10-27 00:08:21
5449324,341235-serial-actor-voter-3-bd,2018-10-26 12:29:34,2018-10-26 12:29:34
5449324,341235-serial-actor-voter-5-bd,2018-10-27 00:06:28,2018-10-27 00:06:28
5449324,341235-serial-emotioner-10-bd,2018-10-30 01:16:34,2018-10-30 01:16:34
5449324,341235-serial-emotioner-3-bd,2018-10-26 12:29:22,2018-10-26 12:29:22
5449324,341235-serial-emotioner-5-bd,2018-10-27 00:05:48,2018-10-27 00:05:48
5449324,341282-marathoner-3-within-24-bd,2018-02-16 16:11:28,2018-02-16 16:11:28
5449324,341282-marathoner-5-within-24-bd,2018-02-16 20:06:16,2018-02-16 20:06:16
5449324,341282-quick-watcher-10-bd,2018-02-16 21:37:18,2018-02-16 21:37:18
5449324,341282-quick-watcher-3-bd,2018-02-16 15:06:38,2018-02-16 15:06:38
5449324,341282-quick-watcher-5-bd,2018-02-16 15:34:08,2018-02-16 15:34:08
5449324,341423-marathoner-3-within-24-bd,2018-07-30 14:39:42,2018-07-30 14:39:42
5449324,341423-marathoner-5-within-24-bd,2018-07-30 22:43:16,2018-07-30 22:43:16
5449324,341704-marathoner-3-within-24-bd,2018-05-05 18:39:55,2018-05-05 18:39:55
5449324,341704-quick-watcher-3-bd,2018-05-05 18:39:55,2018-05-05 18:39:55
5449324,341704-quick-watcher-5-bd,2019-05-17 22:30:00,2019-05-17 22:30:00
5449324,341902-quick-watcher-10-bd,2018-04-27 17:24:05,2018-04-27 17:24:05
5449324,341902-quick-watcher-15-bd,2018-05-18 18:32:54,2018-05-18 18:32:54
5449324,341902-quick-watcher-3-bd,2018-03-09 18:24:09,2018-03-09 18:24:09
5449324,341902-quick-watcher-5-bd,2018-03-16 19:26:05,2018-03-16 19:26:05
5449324,341902-serial-actor-voter-3-bd,2018-02-23 18:07:03,2018-02-23 18:07:03
5449324,341902-serial-actor-voter-5-bd,2018-03-09 18:24:18,2018-03-09 18:24:18
5449324,341902-serial-emotioner-3-bd,2018-02-23 18:07:06,2018-02-23 18:07:06
5449324,341902-serial-emotioner-5-bd,2018-03-09 18:24:15,2018-03-09 18:24:15
5449324,342818-serial-emotioner-3-bd,2019-04-14 12:05:43,2019-04-14 12:05:43
5449324,342818-serial-emotioner-5-bd,2019-04-14 12:05:46,2019-04-14 12:05:46
5449324,342976-marathoner-3-within-24-bd,2021-06-08 22:31:16,2021-06-08 22:31:16
5449324,342976-serial-emotioner-3-bd,2019-04-15 09:25:37,2019-04-15 09:25:37
5449324,342976-serial-emotioner-5-bd,2019-04-15 09:26:06,2019-04-15 09:26:06
5449324,343290-marathoner-3-within-24-bd,2018-03-31 17:55:26,2018-03-31 17:55:26
5449324,343290-quick-watcher-3-bd,2018-06-30 18:01:03,2018-06-30 18:01:03
5449324,343290-quick-watcher-5-bd,2018-06-30 18:46:52,2018-06-30 18:46:52
5449324,344626-marathoner-3-within-24-bd,2018-12-27 00:40:21,2018-12-27 00:40:21
5449324,344626-serial-actor-voter-3-bd,2018-12-26 22:13:24,2018-12-26 22:13:24
5449324,344626-serial-emotioner-3-bd,2018-12-26 22:13:15,2018-12-26 22:13:15
5449324,344626-serial-emotioner-5-bd,2018-12-27 00:40:24,2018-12-27 00:40:24
5449324,344643-serial-actor-voter-3-bd,2019-04-26 04:59:22,2019-04-26 04:59:22
5449324,344643-serial-emotioner-3-bd,2019-04-26 04:59:23,2019-04-26 04:59:23
5449324,345242-marathoner-3-within-24-bd,2018-10-09 20:08:34,2018-10-09 20:08:34
5449324,345242-quick-watcher-3-bd,2018-10-25 22:44:58,2018-10-25 22:44:58
5449324,345242-serial-actor-voter-3-bd,2018-10-09 20:08:38,2018-10-09 20:08:38
5449324,345242-serial-emotioner-10-bd,2018-10-25 22:45:00,2018-10-25 22:45:00
5449324,345242-serial-emotioner-3-bd,2018-10-09 20:08:36,2018-10-09 20:08:36
5449324,345242-serial-emotioner-5-bd,2018-10-25 21:57:13,2018-10-25 21:57:13
5449324,345379-marathoner-3-within-24-bd,2019-03-09 10:55:47,2019-03-09 10:55:47
5449324,346026-marathoner-3-within-24-bd,2019-07-01 22:24:36,2019-07-01 22:24:36
5449324,346026-quick-watcher-3-bd,2018-07-23 11:35:40,2018-07-23 11:35:40
5449324,346026-serial-actor-voter-3-bd,2019-07-01 22:23:45,2019-07-01 22:23:45
5449324,346174-quick-watcher-3-bd,2018-08-06 19:39:13,2018-08-06 19:39:13
5449324,346328-marathoner-3-within-24-bd,2018-12-22 14:12:04,2018-12-22 14:12:04
5449324,346328-serial-actor-voter-3-bd,2018-12-11 21:26:34,2018-12-11 21:26:34
5449324,346328-serial-actor-voter-5-bd,2018-12-22 13:16:46,2018-12-22 13:16:46
5449324,346328-serial-emotioner-3-bd,2018-12-11 21:26:39,2018-12-11 21:26:39
5449324,346328-serial-emotioner-5-bd,2018-12-22 13:16:44,2018-12-22 13:16:44
5449324,346357-marathoner-3-within-24-bd,2022-06-17 00:41:35,2022-06-17 00:41:35
5449324,346465-marathoner-3-within-24-bd,2018-10-21 00:37:28,2018-10-21 00:37:28
5449324,346465-marathoner-5-within-24-bd,2018-10-21 01:25:57,2018-10-21 01:25:57
5449324,346465-quick-watcher-3-bd,2019-05-20 15:07:30,2019-05-20 15:07:30
5449324,346465-serial-actor-voter-3-bd,2019-05-07 02:11:58,2019-05-07 02:11:58
5449324,346465-serial-actor-voter-5-bd,2019-05-20 15:08:31,2019-05-20 15:08:31
5449324,346465-serial-emotioner-3-bd,2019-05-07 02:11:17,2019-05-07 02:11:17
5449324,346602-marathoner-3-within-24-bd,2018-09-02 17:36:23,2018-09-02 17:36:23
5449324,346602-quick-watcher-3-bd,2018-07-24 02:39:38,2018-07-24 02:39:38
5449324,347115-serial-emotioner-3-bd,2019-02-09 19:52:57,2019-02-09 19:52:57
5449324,347115-serial-emotioner-5-bd,2019-05-01 23:32:01,2019-05-01 23:32:01
5449324,347325-marathoner-3-within-24-bd,2018-08-10 19:31:51,2018-08-10 19:31:51
5449324,347325-quick-watcher-3-bd,2018-08-10 19:31:51,2018-08-10 19:31:51
5449324,347325-quick-watcher-5-bd,2018-08-10 22:10:02,2018-08-10 22:10:02
5449324,347325-serial-emotioner-3-bd,2018-08-10 19:32:01,2018-08-10 19:32:01
5449324,347544-marathoner-3-within-24-bd,2018-07-19 22:55:31,2018-07-19 22:55:31
5449324,347903-marathoner-3-within-24-bd,2018-07-21 00:50:50,2018-07-21 00:50:50
5449324,347903-marathoner-5-within-24-bd,2018-07-24 01:43:55,2018-07-24 01:43:55
5449324,348117-quick-watcher-3-bd,2019-10-13 08:41:54,2019-10-13 08:41:54
5449324,348774-marathoner-3-within-24-bd,2018-07-01 16:32:24,2018-07-01 16:32:24
5449324,348922-marathoner-3-within-24-bd,2018-09-03 15:07:58,2018-09-03 15:07:58
5449324,349643-marathoner-3-within-24-bd,2019-07-17 13:55:21,2019-07-17 13:55:21
5449324,349643-serial-actor-voter-3-bd,2019-02-27 11:09:02,2019-02-27 11:09:02
5449324,349643-serial-emotioner-3-bd,2019-02-27 11:08:59,2019-02-27 11:08:59
5449324,349661-serial-emotioner-3-bd,2019-02-25 22:44:36,2019-02-25 22:44:36
5449324,350191-marathoner-3-within-24-bd,2021-04-18 11:05:59,2021-04-18 11:05:59
5449324,350191-marathoner-5-within-24-bd,2021-04-18 11:15:57,2021-04-18 11:15:57
5449324,350191-quick-watcher-10-bd,2018-07-25 20:16:02,2018-07-25 20:16:02
5449324,350191-quick-watcher-3-bd,2018-07-18 16:07:55,2018-07-18 16:07:55
5449324,350191-quick-watcher-5-bd,2018-07-21 00:35:43,2018-07-21 00:35:43
5449324,350191-serial-actor-voter-3-bd,2021-04-18 11:17:36,2021-04-18 11:17:36
5449324,350191-serial-actor-voter-5-bd,2021-04-18 11:17:36,2021-04-18 11:17:36
5449324,350225-marathoner-3-within-24-bd,2018-08-10 14:11:12,2018-08-10 14:11:12
5449324,350879-marathoner-3-within-24-bd,2018-12-25 15:24:01,2018-12-25 15:24:01
5449324,350879-serial-emotioner-3-bd,2018-12-25 15:24:19,2018-12-25 15:24:19
5449324,350879-serial-emotioner-5-bd,2018-12-25 23:43:26,2018-12-25 23:43:26
5449324,350907-marathoner-3-within-24-bd,2018-11-04 15:04:06,2018-11-04 15:04:06
5449324,350907-serial-actor-voter-3-bd,2018-11-04 15:04:08,2018-11-04 15:04:08
5449324,350907-serial-actor-voter-5-bd,2019-12-21 14:15:42,2019-12-21 14:15:43
5449324,350907-serial-emotioner-3-bd,2018-11-04 15:04:08,2018-11-04 15:04:08
5449324,351875-serial-actor-voter-3-bd,2018-12-15 19:34:50,2018-12-15 19:34:50
5449324,351875-serial-actor-voter-5-bd,2018-12-22 15:04:08,2018-12-22 15:04:08
5449324,351875-serial-emotioner-3-bd,2018-12-15 19:33:16,2018-12-15 19:33:16
5449324,351875-serial-emotioner-5-bd,2018-12-22 15:04:08,2018-12-22 15:04:08
5449324,351911-marathoner-3-within-24-bd,2018-12-01 15:08:09,2018-12-01 15:08:09
5449324,351911-quick-watcher-3-bd,2018-12-01 15:08:09,2018-12-01 15:08:09
5449324,351911-quick-watcher-5-bd,2018-12-01 21:58:41,2018-12-01 21:58:41
5449324,351911-serial-actor-voter-3-bd,2018-12-01 15:08:16,2018-12-01 15:08:16
5449324,351911-serial-actor-voter-5-bd,2018-12-01 21:59:05,2018-12-01 21:59:05
5449324,351911-serial-emotioner-3-bd,2018-12-01 15:08:11,2018-12-01 15:08:11
5449324,351911-serial-emotioner-5-bd,2018-12-01 21:58:56,2018-12-01 21:58:56
5449324,351956-marathoner-3-within-24-bd,2019-03-11 01:36:29,2019-03-11 01:36:29
5449324,352132-serial-actor-voter-3-bd,2018-12-16 19:50:32,2018-12-16 19:50:32
5449324,352132-serial-actor-voter-5-bd,2018-12-20 23:49:16,2018-12-20 23:49:16
5449324,352132-serial-emotioner-3-bd,2018-12-16 19:50:29,2018-12-16 19:50:29
5449324,352132-serial-emotioner-5-bd,2018-12-20 23:49:19,2018-12-20 23:49:19
5449324,352150-marathoner-3-within-24-bd,2018-12-22 19:48:33,2018-12-22 19:48:33
5449324,352150-serial-emotioner-3-bd,2018-12-23 17:10:36,2018-12-23 17:10:36
5449324,352150-serial-emotioner-5-bd,2018-12-24 12:07:17,2018-12-24 12:07:17
5449324,352572-marathoner-3-within-24-bd,2018-09-20 19:10:28,2018-09-20 19:10:28
5449324,352572-quick-watcher-3-bd,2018-09-20 16:58:17,2018-09-20 16:58:17
5449324,352572-quick-watcher-5-bd,2018-09-20 19:10:28,2018-09-20 19:10:28
5449324,352777-marathoner-3-within-24-bd,2019-02-09 23:11:09,2019-02-09 23:11:09
5449324,352777-quick-watcher-3-bd,2019-02-16 10:11:48,2019-02-16 10:11:48
5449324,352777-quick-watcher-5-bd,2019-02-23 16:32:24,2019-02-23 16:32:24
5449324,352777-serial-actor-voter-3-bd,2019-02-09 21:46:18,2019-02-09 21:46:18
5449324,352777-serial-emotioner-3-bd,2019-02-09 21:46:15,2019-02-09 21:46:15
5449324,352781-marathoner-3-within-24-bd,2018-12-04 20:02:22,2018-12-04 20:02:22
5449324,352781-serial-actor-voter-3-bd,2018-12-03 23:19:30,2018-12-03 23:19:30
5449324,352781-serial-actor-voter-5-bd,2018-12-05 21:47:14,2018-12-05 21:47:14
5449324,352781-serial-emotioner-3-bd,2018-12-03 23:19:28,2018-12-03 23:19:28
5449324,352781-serial-emotioner-5-bd,2018-12-05 21:46:52,2018-12-05 21:46:52
5449324,353764-marathoner-3-within-24-bd,2019-02-16 19:25:36,2019-02-16 19:25:36
5449324,353764-quick-watcher-3-bd,2019-02-16 19:25:36,2019-02-16 19:25:36
5449324,353764-quick-watcher-5-bd,2019-02-17 16:30:37,2019-02-17 16:30:37
5449324,353764-serial-actor-voter-3-bd,2019-02-19 22:08:41,2019-02-19 22:08:41
5449324,353764-serial-emotioner-3-bd,2019-02-19 22:08:34,2019-02-19 22:08:34
5449324,354019-serial-actor-voter-3-bd,2019-02-23 09:08:22,2019-02-23 09:08:22
5449324,354019-serial-emotioner-3-bd,2019-02-23 09:08:18,2019-02-23 09:08:18
5449324,354556-marathoner-3-within-24-bd,2018-12-10 05:54:09,2018-12-10 05:54:09
5449324,354556-quick-watcher-3-bd,2018-12-09 22:06:12,2018-12-09 22:06:12
5449324,354556-quick-watcher-5-bd,2018-12-09 23:33:40,2018-12-09 23:33:40
5449324,354556-serial-actor-voter-3-bd,2018-12-09 22:05:50,2018-12-09 22:05:50
5449324,354556-serial-actor-voter-5-bd,2018-12-09 23:34:25,2018-12-09 23:34:25
5449324,354556-serial-emotioner-3-bd,2018-12-10 22:35:47,2018-12-10 22:35:47
5449324,354765-marathoner-3-within-24-bd,2021-05-16 07:57:39,2021-05-16 07:57:39
5449324,354780-marathoner-3-within-24-bd,2018-11-02 02:13:55,2018-11-02 02:13:55
5449324,354780-marathoner-5-within-24-bd,2018-11-02 02:42:57,2018-11-02 02:42:57
5449324,354780-serial-emotioner-3-bd,2018-11-02 02:13:56,2018-11-02 02:13:56
5449324,354780-serial-emotioner-5-bd,2018-11-02 02:42:58,2018-11-02 02:42:58
5449324,356317-marathoner-3-within-24-bd,2020-01-19 21:41:56,2020-01-19 21:41:56
5449324,356317-quick-watcher-10-bd,2020-01-19 18:34:09,2020-01-19 18:34:09
5449324,356317-quick-watcher-3-bd,2019-01-12 20:47:08,2019-01-12 20:47:08
5449324,356317-quick-watcher-5-bd,2020-01-18 14:19:45,2020-01-18 14:19:45
5449324,356317-serial-actor-voter-3-bd,2019-01-12 20:47:10,2019-01-12 20:47:10
5449324,356317-serial-actor-voter-5-bd,2019-01-14 22:01:40,2019-01-14 22:01:40
5449324,356317-serial-emotioner-3-bd,2019-01-12 20:47:14,2019-01-12 20:47:14
5449324,356317-serial-emotioner-5-bd,2019-01-14 22:01:09,2019-01-14 22:01:09
5449324,356640-quick-watcher-3-bd,2019-02-02 13:01:53,2019-02-02 13:01:53
5449324,356640-quick-watcher-5-bd,2019-02-02 14:29:03,2019-02-02 14:29:03
5449324,356640-serial-actor-voter-3-bd,2019-02-02 13:01:55,2019-02-02 13:01:55
5449324,356640-serial-actor-voter-5-bd,2019-02-02 14:29:06,2019-02-02 14:29:06
5449324,356640-serial-emotioner-3-bd,2019-02-02 13:01:53,2019-02-02 13:01:53
5449324,356640-serial-emotioner-5-bd,2019-02-02 14:29:04,2019-02-02 14:29:04
5449324,358977-serial-emotioner-3-bd,2019-04-16 13:50:56,2019-04-16 13:50:56
5449324,358977-serial-emotioner-5-bd,2019-04-16 23:25:08,2019-04-16 23:25:08
5449324,359569-marathoner-3-within-24-bd,2019-08-22 03:06:48,2019-08-22 03:06:48
5449324,360261-marathoner-3-within-24-bd,2019-07-02 01:37:58,2019-07-02 01:37:58
5449324,360261-serial-actor-voter-3-bd,2022-01-10 21:05:19,2022-01-10 21:05:19
5449324,361034-serial-actor-voter-3-bd,2019-06-15 22:07:15,2019-06-15 22:07:15
5449324,361034-serial-actor-voter-5-bd,2019-06-18 04:44:30,2019-06-18 04:44:30
5449324,361276-marathoner-3-within-24-bd,2019-04-14 17:50:31,2019-04-14 17:50:31
5449324,361276-marathoner-5-within-24-bd,2019-04-14 20:13:15,2019-04-14 20:13:15
5449324,361276-quick-watcher-3-bd,2019-04-14 16:07:17,2019-04-14 16:07:17
5449324,361276-quick-watcher-5-bd,2019-04-14 17:50:31,2019-04-14 17:50:31
5449324,361276-serial-emotioner-3-bd,2019-04-14 16:07:18,2019-04-14 16:07:18
5449324,361276-serial-emotioner-5-bd,2019-04-14 17:50:32,2019-04-14 17:50:32
5449324,361411-marathoner-3-within-24-bd,2019-12-26 05:05:39,2019-12-26 05:05:39
5449324,361565-marathoner-3-within-24-bd,2019-12-22 03:50:42,2019-12-22 03:50:42
5449324,361857-marathoner-3-within-24-bd,2020-05-19 20:44:39,2020-05-19 20:44:39
5449324,361857-serial-actor-voter-10-bd,2019-05-08 21:26:28,2019-05-08 21:26:28
5449324,361857-serial-actor-voter-3-bd,2019-05-08 18:07:29,2019-05-08 18:07:29
5449324,361857-serial-actor-voter-5-bd,2019-05-08 19:39:48,2019-05-08 19:39:48
5449324,361857-serial-emotioner-10-bd,2019-05-08 21:24:31,2019-05-08 21:24:31
5449324,361857-serial-emotioner-3-bd,2019-05-08 18:07:47,2019-05-08 18:07:47
5449324,361857-serial-emotioner-5-bd,2019-05-08 19:41:45,2019-05-08 19:41:46
5449324,362578-early-adopter-100-bd,2019-06-23 22:32:14,2019-06-23 22:32:14
5449324,362788-marathoner-3-within-24-bd,2020-05-20 19:01:05,2020-05-20 19:01:05
5449324,364009-quick-watcher-3-bd,2019-06-05 21:43:02,2019-06-05 21:43:02
5449324,364009-serial-actor-voter-3-bd,2019-06-05 21:43:36,2019-06-05 21:43:36
5449324,364082-marathoner-3-within-24-bd,2019-06-15 20:28:01,2019-06-15 20:28:01
5449324,364082-quick-watcher-10-bd,2019-06-15 20:28:17,2019-06-15 20:28:17
5449324,364082-quick-watcher-3-bd,2019-06-15 17:29:18,2019-06-15 17:29:18
5449324,364082-quick-watcher-5-bd,2019-06-15 18:08:25,2019-06-15 18:08:25
5449324,364082-serial-actor-voter-10-bd,2019-06-15 20:28:34,2019-06-15 20:28:34
5449324,364082-serial-actor-voter-3-bd,2019-06-15 17:29:24,2019-06-15 17:29:24
5449324,364082-serial-actor-voter-5-bd,2019-06-15 18:08:22,2019-06-15 18:08:22
5449324,364468-marathoner-3-within-24-bd,2019-06-30 13:20:27,2019-06-30 13:20:27
5449324,364468-quick-watcher-3-bd,2019-06-30 13:20:27,2019-06-30 13:20:27
5449324,364468-quick-watcher-5-bd,2019-06-30 23:40:12,2019-06-30 23:40:12
5449324,364468-serial-actor-voter-3-bd,2019-06-30 13:19:38,2019-06-30 13:19:38
5449324,368126-quick-watcher-3-bd,2019-11-30 23:33:27,2019-11-30 23:33:27
5449324,368126-serial-actor-voter-3-bd,2019-11-30 23:33:51,2019-11-30 23:33:51
5449324,368188-quick-watcher-3-bd,2022-06-16 00:16:50,2022-06-16 00:16:50
5449324,368188-quick-watcher-5-bd,2022-06-16 01:55:10,2022-06-16 01:55:10
5449324,369209-marathoner-3-within-24-bd,2021-05-17 22:58:25,2021-05-17 22:58:25
5449324,369209-marathoner-5-within-24-bd,2021-05-22 12:35:15,2021-05-22 12:35:15
5449324,369209-quick-watcher-10-bd,2019-12-21 00:10:47,2019-12-21 00:10:47
5449324,369209-quick-watcher-3-bd,2019-11-01 23:41:09,2019-11-01 23:41:09
5449324,369209-quick-watcher-5-bd,2019-11-15 19:12:40,2019-11-15 19:12:40
5449324,369209-serial-actor-voter-3-bd,2019-11-01 23:56:59,2019-11-01 23:56:59
5449324,369213-marathoner-3-within-24-bd,2021-10-28 02:47:02,2021-10-28 02:47:02
5449324,371079-marathoner-3-within-24-bd,2022-05-25 15:19:58,2022-05-25 15:19:58
5449324,371079-quick-watcher-3-bd,2020-10-27 21:47:53,2020-10-27 21:47:53
5449324,372566-marathoner-3-within-24-bd,2019-12-20 20:22:38,2019-12-20 20:22:38
5449324,372566-quick-watcher-3-bd,2019-12-20 20:22:38,2019-12-20 20:22:38
5449324,375903-quick-watcher-3-bd,2022-07-31 11:00:15,2022-07-31 11:00:15
5449324,378994-marathoner-3-within-24-bd,2021-04-10 21:35:34,2021-04-10 21:35:34
5449324,379962-marathoner-3-within-24-bd,2023-07-17 18:14:21,2023-07-17 18:14:21
5449324,379962-quick-watcher-3-bd,2021-07-16 21:12:16,2021-07-16 21:12:16
5449324,381493-marathoner-3-within-24-bd,2021-12-08 22:01:25,2021-12-08 22:01:25
5449324,381493-serial-actor-voter-3-bd,2021-10-04 23:14:27,2021-10-04 23:14:27
5449324,382187-marathoner-5-within-24-bd,2024-01-21 17:12:12,2024-01-21 17:12:12
5449324,384495-marathoner-3-within-24-bd,2024-01-21 14:13:51,2024-01-21 14:13:51
5449324,384495-serial-emotioner-3-bd,2023-07-19 20:20:06,2023-07-19 20:20:06
5449324,396374-marathoner-3-within-24-bd,2022-07-27 09:49:04,2022-07-27 09:49:04
5449324,399966-quick-watcher-3-bd,2021-04-29 22:08:27,2021-04-29 22:08:27
5449324,399966-quick-watcher-5-bd,2021-04-30 22:51:53,2021-04-30 22:51:53
5449324,401154-marathoner-3-within-24-bd,2021-11-29 02:12:58,2021-11-29 02:12:58
5449324,405555-marathoner-3-within-24-bd,2022-08-06 05:31:00,2022-08-06 05:31:00
5449324,407227-marathoner-3-within-24-bd,2022-06-22 09:20:02,2022-06-22 09:20:02
5449324,407227-marathoner-5-within-24-bd,2022-06-22 11:08:24,2022-06-22 11:08:24
5449324,412594-quick-watcher-3-bd,2024-06-04 17:42:46,2024-06-04 17:42:46
5449324,412594-serial-actor-voter-3-bd,2022-07-28 19:12:28,2022-07-28 19:12:28
5449324,412594-serial-actor-voter-5-bd,2022-08-12 20:43:37,2022-08-12 20:43:37
5449324,414217-marathoner-3-within-24-bd,2025-01-31 11:35:51,2025-01-31 11:35:51
5449324,416054-serial-actor-voter-3-bd,2022-07-26 21:25:59,2022-07-26 21:25:59
5449324,419523-marathoner-3-within-24-bd,2022-07-29 11:55:54,2022-07-29 11:55:54
5449324,420427-marathoner-3-within-24-bd,2022-06-06 00:01:04,2022-06-06 00:01:04
5449324,420427-marathoner-5-within-24-bd,2022-06-06 00:17:00,2022-06-06 00:17:00
5449324,439232-marathoner-5-within-24-bd,2024-01-29 17:11:54,2024-01-29 17:11:54
5449324,444090-marathoner-3-within-24-bd,2024-02-02 21:13:07,2024-02-02 21:13:07
5449324,444090-quick-watcher-3-bd,2024-02-02 21:13:07,2024-02-02 21:13:07
5449324,454234-quick-watcher-3-bd,2024-10-19 18:54:11,2024-10-19 18:54:11
5449324,457069-quick-watcher-3-bd,2024-12-18 21:38:54,2024-12-18 21:38:54
5449324,71663-marathoner-10-within-48-bd,2016-10-12 11:21:09,2016-10-12 11:21:09
5449324,71663-marathoner-20-within-48-bd,2016-10-13 10:14:50,2016-10-13 10:14:50
5449324,71663-marathoner-3-within-24-bd,2016-10-11 14:27:47,2016-10-11 14:27:47
5449324,71663-marathoner-5-within-24-bd,2016-10-11 19:49:32,2016-10-11 19:49:32
5449324,71663-quick-watcher-3-bd,2017-10-17 05:59:07,2017-10-17 05:59:07
5449324,71663-quick-watcher-5-bd,2017-11-06 01:44:15,2017-11-06 01:44:15
5449324,71663-serial-actor-voter-10-bd,2016-10-11 21:49:16,2016-10-11 21:49:16
5449324,71663-serial-actor-voter-15-bd,2016-10-11 23:54:03,2016-10-11 23:54:03
5449324,71663-serial-actor-voter-3-bd,2016-10-11 14:27:50,2016-10-11 14:27:50
5449324,71663-serial-actor-voter-5-bd,2016-10-11 19:49:34,2016-10-11 19:49:34
5449324,71663-serial-emotioner-10-bd,2016-10-11 21:49:15,2016-10-11 21:49:15
5449324,71663-serial-emotioner-15-bd,2016-10-11 23:54:02,2016-10-11 23:54:02
5449324,71663-serial-emotioner-3-bd,2016-10-11 14:27:49,2016-10-11 14:27:49
5449324,71663-serial-emotioner-5-bd,2016-10-11 19:49:32,2016-10-11 19:49:32
5449324,72173-marathoner-3-within-24-bd,2018-06-26 23:57:40,2018-06-26 23:57:40
5449324,72173-marathoner-5-within-24-bd,2018-07-01 19:34:21,2018-07-01 19:34:21
5449324,72173-serial-emotioner-3-bd,2019-04-18 21:01:58,2019-04-18 21:01:58
5449324,73248-marathoner-3-within-24-bd,2016-07-22 23:18:40,2016-07-22 23:18:40
5449324,73248-marathoner-5-within-24-bd,2021-02-06 20:08:16,2021-02-06 20:08:16
5449324,75886-marathoner-3-within-24-bd,2018-07-23 04:53:14,2018-07-23 04:53:14
5449324,76703-marathoner-10-within-48-bd,2016-09-06 16:20:17,2016-09-06 16:20:17
5449324,76703-marathoner-3-within-24-bd,2016-08-17 18:06:29,2016-08-17 18:06:29
5449324,76703-marathoner-5-within-24-bd,2016-08-18 03:07:58,2016-08-18 03:07:58
5449324,76703-quick-watcher-3-bd,2019-11-24 23:30:29,2019-11-24 23:30:29
5449324,76703-serial-actor-voter-10-bd,2016-08-17 16:17:32,2016-08-17 16:17:32
5449324,76703-serial-actor-voter-15-bd,2016-08-18 03:08:01,2016-08-18 03:08:01
5449324,76703-serial-actor-voter-3-bd,2016-08-16 06:18:03,2016-08-16 06:18:03
5449324,76703-serial-actor-voter-5-bd,2016-08-16 06:18:20,2016-08-16 06:18:20
5449324,76703-serial-emotioner-10-bd,2016-08-17 16:17:32,2016-08-17 16:17:32
5449324,76703-serial-emotioner-15-bd,2016-08-18 03:08:02,2016-08-18 03:08:02
5449324,76703-serial-emotioner-3-bd,2016-08-16 06:18:03,2016-08-16 06:18:03
5449324,76703-serial-emotioner-5-bd,2016-08-16 06:18:20,2016-08-16 06:18:20
5449324,80534-marathoner-10-within-48-bd,2017-05-15 20:26:57,2017-05-15 20:26:57
5449324,80534-marathoner-3-within-24-bd,2017-05-15 19:08:31,2017-05-15 19:08:31
5449324,80534-marathoner-5-within-24-bd,2017-05-15 19:11:29,2017-05-15 19:11:29
5449324,80741-marathoner-3-within-24-bd,2016-10-02 15:03:32,2016-10-02 15:03:32
5449324,80741-marathoner-5-within-24-bd,2016-10-03 15:50:06,2016-10-03 15:50:06
5449324,80741-serial-actor-voter-10-bd,2016-10-01 18:32:49,2016-10-01 18:32:49
5449324,80741-serial-actor-voter-15-bd,2016-10-01 20:37:16,2016-10-01 20:37:16
5449324,80741-serial-actor-voter-3-bd,2016-10-01 18:31:54,2016-10-01 18:31:54
5449324,80741-serial-actor-voter-5-bd,2016-10-01 18:32:03,2016-10-01 18:32:03
5449324,80741-serial-emotioner-10-bd,2016-10-01 18:32:49,2016-10-01 18:32:49
5449324,80741-serial-emotioner-15-bd,2016-10-01 20:37:16,2016-10-01 20:37:16
5449324,80741-serial-emotioner-3-bd,2016-10-01 18:31:54,2016-10-01 18:31:54
5449324,80741-serial-emotioner-5-bd,2016-10-01 18:32:03,2016-10-01 18:32:03
5449324,80977-quick-watcher-3-bd,2016-02-17 22:51:03,2016-02-17 22:51:03
5449324,80977-quick-watcher-5-bd,2016-02-24 20:49:58,2016-02-24 20:49:58
5449324,80977-serial-actor-voter-3-bd,2017-02-16 18:48:13,2017-02-16 18:48:13
5449324,80977-serial-actor-voter-5-bd,2017-02-22 21:18:26,2017-02-22 21:18:26
5449324,80977-serial-emotioner-3-bd,2017-02-16 18:48:10,2017-02-16 18:48:10
5449324,80977-serial-emotioner-5-bd,2017-02-22 21:18:24,2017-02-22 21:18:24
5449324,82956-marathoner-3-within-24-bd,2017-02-12 10:15:07,2017-02-12 10:15:07
5449324,82956-marathoner-5-within-24-bd,2017-02-12 10:47:07,2017-02-12 10:47:07
5449324,82956-serial-actor-voter-3-bd,2017-02-12 09:52:30,2017-02-12 09:52:30
5449324,82956-serial-emotioner-3-bd,2017-02-12 09:52:29,2017-02-12 09:52:29
5449324,83610-marathoner-3-within-24-bd,2019-07-13 18:48:04,2019-07-13 18:48:04
5449324,83610-marathoner-5-within-24-bd,2019-07-15 19:46:50,2019-07-15 19:46:50
5449324,83610-serial-actor-voter-3-bd,2019-07-23 23:55:29,2019-07-23 23:55:29
5449324,83610-serial-actor-voter-5-bd,2019-07-24 01:23:11,2019-07-24 01:23:11
5449324,added-friend,2016-06-30 15:12:14,2016-06-30 15:12:14
5449324,archived-show,2016-02-03 15:34:05,2016-02-03 15:34:05
5449324,chose-emotion,2016-01-17 01:48:32,2016-01-17 01:48:32
5449324,cleared-watch-list,2016-02-24 11:22:00,2016-02-24 11:22:00
5449324,commented-episode,2016-01-31 23:02:56,2016-01-31 23:02:56
5449324,commented-show,2016-02-23 21:18:44,2016-02-23 21:18:44
5449324,created-meme,2016-02-23 02:16:06,2016-02-23 02:16:06
5449324,displayed-hidden,2016-08-24 19:08:05,2016-08-24 19:08:05
5449324,gave-comment-like,2016-01-17 01:50:17,2016-01-17 01:50:17
5449324,got-comment-like,2016-02-09 21:27:52,2016-02-09 21:27:52
5449324,reported-comment,2016-01-17 19:04:00,2016-01-17 19:04:00
5449324,serial-watcher-10-bd,2016-09-22 11:13:09,2016-09-22 11:13:09
5449324,serial-watcher-15-bd,2016-10-12 10:11:53,2016-10-12 10:11:53
5449324,serial-watcher-30-bd,2016-10-27 02:11:16,2016-10-27 02:11:16
5449324,serial-watcher-5-bd,2016-02-25 00:56:11,2016-02-25 00:56:11
5449324,show-off-2022,2023-01-14 10:39:02,2023-01-14 10:39:02
5449324,show-off-2023,2024-01-14 19:27:26,2024-01-14 19:27:26
5449324,uploaded-video-reaction,2017-10-28 19:05:53,2017-10-28 19:05:53
5449324,used-mobile-version,2016-01-10 14:00:50,2016-01-10 14:00:50
5449324,used-web-version,2016-02-23 01:44:44,2016-02-23 01:44:44
5449324,viewed-profile,2016-01-17 19:04:56,2016-01-17 19:04:56
5449324,voted-character,2016-01-17 01:48:36,2016-01-17 01:48:36
