updated_at,tv_show_name,episode_season_number,episode_number,user_id,episode_id,watched_on_source_id,created_at
2018-07-08 13:39:54,Arrested Development,2,10,5449324,75865,1,2018-07-08 13:39:54
2018-07-12 15:17:08,Arrested Development,2,15,5449324,75870,3,2018-07-12 15:17:08
2019-04-29 00:11:03,"Sabrina, The Teenage Witch",1,1,5449324,218584,3,2019-04-29 00:11:03
2019-04-30 20:16:33,"Sabrina, The Teenage Witch",1,2,5449324,218585,3,2019-04-30 20:16:33
2018-12-26 22:13:32,"Go, Diego, Go!",1,3,5449324,324818,3,2018-12-26 22:13:32
2019-03-15 20:06:00,Game of Thrones,1,8,5449324,3360391,3,2019-03-15 20:06:00
2020-03-28 15:04:35,Skins,5,8,5449324,3412851,3,2020-03-28 15:04:35
2018-07-08 15:15:16,Game of Thrones,1,5,5449324,3436441,3,2018-07-08 15:15:16
2019-07-22 04:41:21,Glee,2,18,5449324,3901811,3,2019-07-22 04:41:21
2019-07-22 11:22:00,Glee,2,19,5449324,3924021,3,2019-07-22 11:22:00
2019-06-25 21:48:47,Pokémon,14,8,5449324,3991431,3,2019-06-25 21:48:47
2019-07-23 23:55:46,Glee,2,20,5449324,4081820,1,2019-07-23 23:55:46
2019-07-23 23:55:43,Glee,2,21,5449324,4081821,1,2019-07-23 23:55:43
2019-07-24 01:23:02,Glee,2,22,5449324,4081822,3,2019-07-24 01:23:02
2019-07-28 12:10:19,Glee,3,4,5449324,4174039,4,2019-07-28 12:10:19
2019-03-26 19:37:15,Game of Thrones,2,3,5449324,4245772,3,2019-03-26 19:37:15
2018-07-19 04:26:18,Shuriken School,1,2,5449324,4294643,3,2018-07-19 04:26:18
2018-07-19 04:26:21,Shuriken School,2,2,5449324,4294644,3,2018-07-19 04:26:21
2018-07-19 05:13:48,Shuriken School,2,5,5449324,4294646,3,2018-07-19 05:13:48
2018-07-24 03:07:53,Shuriken School,1,7,5449324,4295239,3,2018-07-24 03:07:53
2018-07-24 03:52:34,Shuriken School,1,9,5449324,4295240,3,2018-07-24 03:52:34
2018-07-24 03:56:46,Shuriken School,1,8,5449324,4295242,3,2018-07-24 03:56:46
2020-03-29 21:49:59,Skins,7,1,5449324,4448267,3,2020-03-29 21:49:59
2018-07-18 02:12:38,Arrested Development,4,3,5449324,4460002,3,2018-07-18 02:12:38
2018-07-18 17:00:34,Arrested Development,4,10,5449324,4460011,3,2018-07-18 17:00:34
2022-07-01 06:15:53,Code Lyoko: Evolution,1,1,5449324,4460750,3,2022-07-01 06:15:53
2018-07-18 21:15:45,Arrested Development,4,15,5449324,4543822,3,2018-07-18 21:15:45
2019-03-14 16:10:07,Reign (2013),1,1,5449324,4570259,4,2019-03-14 16:10:07
2019-03-14 17:03:08,Reign (2013),1,2,5449324,4675283,4,2019-03-14 17:03:08
2018-04-22 15:35:36,The Last Man on Earth,1,1,5449324,4881985,3,2018-04-22 15:35:36
2018-04-22 16:16:54,The Last Man on Earth,1,2,5449324,5064334,3,2018-04-22 16:16:54
2018-04-22 16:26:51,The Last Man on Earth,1,3,5449324,5069854,3,2018-04-22 16:26:51
2018-04-22 17:40:43,The Last Man on Earth,1,5,5449324,5116483,3,2018-04-22 17:40:43
2018-04-22 17:41:45,The Last Man on Earth,1,6,5449324,5116484,3,2018-04-22 17:41:45
2018-02-26 02:41:01,Mr. Robot,1,5,5449324,5240607,3,2018-02-26 02:41:01
2018-02-26 02:41:08,Mr. Robot,1,6,5449324,5240610,3,2018-02-26 02:41:08
2018-02-24 03:54:00,American Crime Story,1,2,5449324,5242623,4,2018-02-24 03:54:00
2018-02-24 03:54:04,American Crime Story,1,3,5449324,5242625,4,2018-02-24 03:54:04
2018-03-01 15:29:29,American Crime Story,1,5,5449324,5242628,4,2018-03-01 15:29:29
2019-07-01 11:20:35,Lucifer,1,1,5449324,5302887,4,2019-07-01 11:20:35
2019-07-01 13:59:40,Lucifer,1,2,5449324,5302888,4,2019-07-01 13:59:40
2019-07-19 20:08:03,Call My Agent!,1,1,5449324,5350841,4,2019-07-19 20:08:03
2019-07-20 20:53:20,Call My Agent!,1,2,5449324,5350842,4,2019-07-20 20:53:20
2019-07-28 04:58:18,Call My Agent!,1,3,5449324,5350843,4,2019-07-28 04:58:18
2019-07-28 08:21:10,Call My Agent!,1,4,5449324,5350844,1,2019-07-28 08:21:10
2019-07-28 19:06:10,Call My Agent!,1,5,5449324,5350845,4,2019-07-28 19:06:10
2019-07-29 16:06:11,Call My Agent!,1,6,5449324,5350846,3,2019-07-29 16:06:11
2019-03-09 16:41:43,The Crown,1,1,5449324,5474001,3,2019-03-09 16:41:43
2018-03-02 17:40:03,American Crime Story,1,10,5449324,5545827,4,2018-03-02 17:40:03
2019-03-02 18:29:27,Beautiful Loser,1,1,5449324,5632528,3,2019-03-02 18:29:27
2019-03-02 19:03:45,Beautiful Loser,1,2,5449324,5632529,3,2019-03-02 19:03:45
2019-03-02 19:04:36,Beautiful Loser,1,3,5449324,5632530,3,2019-03-02 19:04:36
2018-12-23 18:52:26,Pretty Little Liars,7,20,5449324,5747540,3,2018-12-23 18:52:26
2018-07-17 22:29:18,The Deuce,1,1,5449324,5771460,3,2018-07-17 22:29:18
2018-07-18 00:36:05,The Deuce,1,2,5449324,5771461,3,2018-07-18 00:36:05
2018-07-18 01:44:31,The Deuce,1,4,5449324,5771463,3,2018-07-18 01:44:31
2018-02-20 19:57:27,,1,19,5449324,5914654,1,2018-02-20 19:57:27
2018-02-20 19:57:30,,1,0,5449324,5914655,1,2018-02-20 19:57:30
2018-02-20 19:57:32,,1,0,5449324,5914656,1,2018-02-20 19:57:32
2018-02-20 19:57:35,,1,0,5449324,5914658,1,2018-02-20 19:57:35
2018-02-20 19:57:40,,1,0,5449324,5914659,1,2018-02-20 19:57:40
2018-02-20 19:57:38,,1,0,5449324,5914660,1,2018-02-20 19:57:38
2018-02-20 19:57:45,,1,0,5449324,5914661,1,2018-02-20 19:57:45
2018-02-20 19:58:06,,1,0,5449324,5914665,1,2018-02-20 19:58:06
2018-02-20 19:58:04,,1,0,5449324,5914666,1,2018-02-20 19:58:04
2018-02-20 19:58:01,,1,0,5449324,5914667,1,2018-02-20 19:58:01
2018-02-20 19:57:58,,1,0,5449324,5914668,1,2018-02-20 19:57:58
2018-02-20 19:57:56,,1,0,5449324,5914669,1,2018-02-20 19:57:56
2019-07-29 16:06:19,Call My Agent!,2,1,5449324,6023946,4,2019-07-29 16:06:19
2018-02-20 19:41:47,Disjointed,1,10,5449324,6055038,4,2018-02-20 19:41:47
2018-07-05 20:18:02,Champions,1,1,5449324,6090594,1,2018-07-05 20:18:02
2018-04-28 14:20:16,Pokémon,18,1,5449324,6125873,1,2018-04-28 14:20:16
2019-05-01 15:13:36,The OA,2,1,5449324,6146118,3,2019-05-01 15:13:36
2018-07-03 20:25:56,The Sinner,1,7,5449324,6190910,3,2018-07-03 20:25:56
2018-06-22 23:03:04,Future Sex,1,2,5449324,6215853,1,2018-06-22 23:03:04
2018-10-26 20:22:36,Carpool Karaoke: The Series,1,1,5449324,6242857,1,2018-10-26 20:22:36
2018-10-26 20:22:51,Carpool Karaoke: The Series,1,2,5449324,6243599,1,2018-10-26 20:22:51
2018-10-26 20:22:28,Carpool Karaoke: The Series,1,4,5449324,6243601,1,2018-10-26 20:22:28
2018-10-26 20:23:49,Carpool Karaoke: The Series,1,5,5449324,6243602,1,2018-10-26 20:23:49
2018-10-26 21:07:59,Carpool Karaoke: The Series,1,6,5449324,6243603,1,2018-10-26 21:07:59
2018-10-26 21:08:13,Carpool Karaoke: The Series,1,7,5449324,6243604,1,2018-10-26 21:08:13
2018-10-27 11:21:55,Carpool Karaoke: The Series,1,8,5449324,6287666,1,2018-10-27 11:21:55
2018-10-27 12:08:00,Carpool Karaoke: The Series,1,10,5449324,6301456,1,2018-10-27 12:08:00
2018-10-28 03:01:25,Carpool Karaoke: The Series,1,11,5449324,6301459,1,2018-10-28 03:01:25
2018-10-31 15:56:34,Carpool Karaoke: The Series,1,12,5449324,6311299,1,2018-10-31 15:56:34
2018-11-18 12:46:13,Carpool Karaoke: The Series,1,13,5449324,6311300,1,2018-11-18 12:46:13
2018-03-03 09:32:04,Dark,1,1,5449324,6327940,4,2018-03-03 09:32:04
2019-06-24 20:59:24,Carpool Karaoke: The Series,1,15,5449324,6334640,3,2019-06-24 20:59:24
2018-03-03 09:32:00,Dark,1,2,5449324,6347551,4,2018-03-03 09:32:00
2018-03-07 13:59:35,Dark,1,3,5449324,6347552,4,2018-03-07 13:59:35
2018-03-11 22:04:09,Dark,1,9,5449324,6347558,4,2018-03-11 22:04:09
2018-03-11 23:44:45,Dark,1,10,5449324,6347559,3,2018-03-11 23:44:45
2018-04-10 21:55:54,Siren (2018),1,1,5449324,6349611,3,2018-04-10 21:55:54
2018-04-10 21:56:00,Siren (2018),1,2,5449324,6349612,3,2018-04-10 21:56:00
2018-04-12 23:47:19,Lore,1,5,5449324,6350475,3,2018-04-12 23:47:19
2018-07-04 00:38:16,Happy!,1,6,5449324,6375666,3,2018-07-04 00:38:16
2020-05-17 00:46:59,Calls,1,3,5449324,6380193,1,2020-05-17 00:46:59
2018-02-26 04:34:52,American Crime Story,2,1,5449324,6389065,3,2018-02-26 04:34:52
2018-02-26 06:19:28,American Crime Story,2,2,5449324,6392997,3,2018-02-26 06:19:28
2018-02-24 03:04:48,The Good Doctor,1,9,5449324,6404216,3,2018-02-24 03:04:48
2018-02-24 03:04:44,The Good Doctor,1,10,5449324,6404217,3,2018-02-24 03:04:44
2018-07-11 13:44:41,Good Girls,1,1,5449324,6412771,4,2018-07-11 13:44:41
2018-04-20 22:00:41,The Exorcist,2,9,5449324,6412945,3,2018-04-20 22:00:41
2018-04-20 22:49:21,The Exorcist,2,10,5449324,6415451,3,2018-04-20 22:49:21
2018-02-24 03:04:37,The Good Doctor,1,11,5449324,6431699,3,2018-02-24 03:04:37
2018-10-31 21:15:48,Pokémon,18,49,5449324,6436084,3,2018-10-31 21:15:48
2018-11-01 02:53:02,Pokémon,18,50,5449324,6436085,3,2018-11-01 02:53:02
2018-11-01 02:53:03,Pokémon,18,51,5449324,6436087,3,2018-11-01 02:53:03
2018-11-01 02:53:04,Pokémon,18,52,5449324,6436088,3,2018-11-01 02:53:04
2018-11-01 02:53:05,Pokémon,18,53,5449324,6436089,3,2018-11-01 02:53:05
2018-03-16 19:29:00,Riverdale,2,15,5449324,6437709,4,2018-03-16 19:29:00
2018-07-04 01:19:35,Happy!,1,7,5449324,6447043,3,2018-07-04 01:19:35
2018-03-16 19:29:08,Marvel's Jessica Jones,2,1,5449324,6447438,4,2018-03-16 19:29:08
2018-02-24 03:26:43,The Good Doctor,1,12,5449324,6449965,3,2018-02-24 03:26:43
2018-07-10 01:57:22,Samantha!,1,4,5449324,6450129,3,2018-07-10 01:57:22
2018-07-10 12:22:01,Samantha!,1,7,5449324,6450133,3,2018-07-10 12:22:01
2019-05-07 22:51:18,The OA,2,2,5449324,6455544,3,2019-05-07 22:51:18
2019-05-08 13:04:51,The OA,2,3,5449324,6455551,3,2019-05-08 13:04:51
2019-05-08 13:05:16,The OA,2,4,5449324,6455702,3,2019-05-08 13:05:16
2019-07-20 04:43:12,Sweetbitter,1,1,5449324,6459112,3,2019-07-20 04:43:12
2018-07-11 20:26:08,Good Girls,1,2,5449324,6460595,4,2018-07-11 20:26:08
2018-12-31 00:24:41,You,1,2,5449324,6461783,3,2018-12-31 00:24:41
2019-01-05 01:12:48,You,1,4,5449324,6461785,1,2019-01-05 01:12:48
2019-01-05 19:11:29,You,1,5,5449324,6461786,3,2019-01-05 19:11:29
2019-01-05 22:47:09,You,1,6,5449324,6461787,3,2019-01-05 22:47:09
2019-01-06 03:37:19,You,1,7,5449324,6461788,3,2019-01-06 03:37:19
2019-01-07 23:59:18,You,1,8,5449324,6461789,3,2019-01-07 23:59:18
2018-04-18 23:24:21,Polyvalente,1,1,5449324,6467028,1,2018-04-18 23:24:21
2018-02-26 06:21:08,American Crime Story,2,3,5449324,6479508,3,2018-02-26 06:21:08
2018-02-28 21:43:36,American Crime Story,2,4,5449324,6479510,1,2018-02-28 21:43:36
2018-03-07 13:59:28,American Crime Story,2,6,5449324,6479513,3,2018-03-07 13:59:28
2018-03-12 00:03:23,American Crime Story,2,7,5449324,6479514,3,2018-03-12 00:03:23
2018-03-30 12:40:59,A Series of Unfortunate Events,2,1,5449324,6480441,3,2018-03-30 12:40:59
2018-03-30 12:41:17,A Series of Unfortunate Events,2,2,5449324,6480485,3,2018-03-30 12:41:17
2018-11-01 18:09:29,Pokémon,18,58,5449324,6485180,3,2018-11-01 18:09:29
2018-02-24 03:59:17,The Good Doctor,1,13,5449324,6489377,3,2018-02-24 03:59:17
2018-04-11 11:20:19,You Me Her,3,1,5449324,6497856,3,2018-04-11 11:20:19
2018-11-01 19:16:08,Pokémon,18,60,5449324,6499339,3,2018-11-01 19:16:08
2018-11-01 19:16:27,Pokémon,18,61,5449324,6499340,3,2018-11-01 19:16:27
2018-12-27 02:55:31,I Love You 2,1,1,5449324,6499485,3,2018-12-27 02:55:31
2018-04-12 23:19:47,Killing Eve,1,1,5449324,6499743,3,2018-04-12 23:19:47
2018-04-27 19:39:56,The Handmaid's Tale,2,1,5449324,6504355,3,2018-04-27 19:39:56
2018-10-25 11:17:42,Heathers,1,1,5449324,6506932,3,2018-10-25 11:17:42
2018-02-20 19:58:39,,2,26,5449324,6508114,1,2018-02-20 19:58:39
2018-02-24 04:39:06,The Good Doctor,1,14,5449324,6508572,3,2018-02-24 04:39:06
2018-03-07 13:58:57,The Good Doctor,1,15,5449324,6508573,3,2018-03-07 13:58:57
2018-03-15 22:10:07,The Good Doctor,1,16,5449324,6508574,3,2018-03-15 22:10:07
2018-07-29 18:54:13,Welcome to the Family (2018),1,1,5449324,6511712,3,2018-07-29 18:54:13
2018-05-03 09:57:17,Riverdale,2,20,5449324,6513425,1,2018-05-03 09:57:17
2018-07-30 11:00:56,Welcome to the Family (2018),1,2,5449324,6517924,3,2018-07-30 11:00:56
2018-07-30 22:43:28,Welcome to the Family (2018),1,9,5449324,6517931,3,2018-07-30 22:43:28
2018-05-11 09:55:09,gaelle garcia diaz,2016,43,5449324,6519956,3,2018-05-11 09:55:09
2018-02-20 19:58:34,,2,27,5449324,6520604,1,2018-02-20 19:58:34
2018-07-11 20:26:12,Good Girls,1,3,5449324,6521460,4,2018-07-11 20:26:12
2018-07-11 19:18:22,Good Girls,1,6,5449324,6521463,3,2018-07-11 19:18:22
2018-07-11 20:08:21,Good Girls,1,7,5449324,6521464,3,2018-07-11 20:08:21
2018-07-11 20:53:09,Good Girls,1,8,5449324,6521465,3,2018-07-11 20:53:09
2018-07-11 22:16:41,Good Girls,1,9,5449324,6521466,3,2018-07-11 22:16:41
2018-11-01 19:47:02,Pokémon,18,62,5449324,6522588,3,2018-11-01 19:47:02
2018-02-23 18:06:45,Skam France,1,1,5449324,6524674,3,2018-02-23 18:06:45
2018-02-20 19:58:36,,2,28,5449324,6525038,1,2018-02-20 19:58:36
2018-04-09 21:20:28,The Simpsons,29,15,5449324,6525903,4,2018-04-09 21:20:28
2018-02-20 19:58:32,,2,29,5449324,6528957,1,2018-02-20 19:58:32
2018-03-17 20:21:12,On My Block,1,1,5449324,6529891,1,2018-03-17 20:21:12
2018-03-18 16:09:55,On My Block,1,2,5449324,6530615,3,2018-03-18 16:09:55
2018-03-18 16:10:09,On My Block,1,3,5449324,6530616,4,2018-03-18 16:10:09
2018-03-18 17:01:07,On My Block,1,4,5449324,6530617,4,2018-03-18 17:01:07
2018-03-18 17:01:01,On My Block,1,5,5449324,6530618,4,2018-03-18 17:01:01
2018-03-18 17:31:13,On My Block,1,6,5449324,6530619,4,2018-03-18 17:31:13
2018-02-23 18:06:54,Skam France,1,2,5449324,6533375,3,2018-02-23 18:06:54
2018-02-23 18:07:01,Skam France,1,3,5449324,6533382,1,2018-02-23 18:07:01
2018-03-02 19:04:00,Skam France,1,4,5449324,6533383,1,2018-03-02 19:04:00
2018-03-09 18:24:09,Skam France,1,5,5449324,6533384,3,2018-03-09 18:24:09
2018-03-16 19:26:07,Skam France,1,6,5449324,6533385,3,2018-03-16 19:26:07
2018-02-20 19:58:28,,2,30,5449324,6534451,1,2018-02-20 19:58:28
2018-02-20 19:58:26,,2,31,5449324,6539592,1,2018-02-20 19:58:26
2018-02-20 19:58:21,,2,32,5449324,6544254,1,2018-02-20 19:58:21
2018-04-03 20:03:33,The Simpsons,29,14,5449324,6544900,1,2018-04-03 20:03:33
2018-03-07 13:59:07,Jane the Virgin,4,11,5449324,6547001,3,2018-03-07 13:59:07
2018-02-20 19:58:18,,2,33,5449324,6549742,1,2018-02-20 19:58:18
2018-03-07 13:59:14,High Maintenance (2016),2,7,5449324,6554398,3,2018-03-07 13:59:14
2018-02-20 19:58:16,,2,34,5449324,6555059,1,2018-02-20 19:58:16
2018-03-20 13:28:13,Clem,8,1,5449324,6558253,4,2018-03-20 13:28:13
2018-03-20 16:15:09,Clem,8,2,5449324,6558254,4,2018-03-20 16:15:09
2018-03-27 17:18:42,Clem,8,3,5449324,6558255,4,2018-03-27 17:18:42
2018-03-27 17:20:46,Clem,8,4,5449324,6558256,4,2018-03-27 17:20:46
2018-02-20 19:57:14,,2,35,5449324,6561024,1,2018-02-20 19:57:14
2018-10-25 20:11:42,Heathers,1,2,5449324,6563095,3,2018-10-25 20:11:42
2018-10-26 12:28:21,Heathers,1,3,5449324,6563096,3,2018-10-26 12:28:21
2018-03-23 16:22:39,Santa Clarita Diet,2,1,5449324,6563443,3,2018-03-23 16:22:39
2018-04-07 07:45:58,Derren Brown: The Push,1,1,5449324,6578093,4,2018-04-07 07:45:58
2018-04-17 00:01:34,The Simpsons,29,16,5449324,6578966,3,2018-04-17 00:01:34
2018-03-03 08:36:29,,2,38,5449324,6581819,1,2018-03-03 08:36:29
2018-07-10 13:20:01,Champions,1,4,5449324,6594218,3,2018-07-10 13:20:01
2018-07-11 22:57:01,Good Girls,1,10,5449324,6598516,3,2018-07-11 22:57:01
2018-07-10 19:32:34,Champions,1,7,5449324,6601691,3,2018-07-10 19:32:34
2018-04-27 21:46:35,The Handmaid's Tale,2,2,5449324,6601692,3,2018-04-27 21:46:35
2018-03-17 09:29:39,,2,42,5449324,6603356,1,2018-03-17 09:29:39
2018-10-24 19:10:23,Skam Germany,1,1,5449324,6603588,3,2018-10-24 19:10:23
2018-11-25 20:14:36,My Brilliant Friend,1,2,5449324,6605060,3,2018-11-25 20:14:36
2018-12-26 22:13:24,My Brilliant Friend,1,3,5449324,6605062,3,2018-12-26 22:13:24
2018-12-26 23:40:40,My Brilliant Friend,1,4,5449324,6605063,3,2018-12-26 23:40:40
2018-12-27 00:40:30,My Brilliant Friend,1,5,5449324,6605069,3,2018-12-27 00:40:30
2018-12-27 01:40:56,My Brilliant Friend,1,6,5449324,6605070,3,2018-12-27 01:40:56
2019-01-03 03:02:13,My Brilliant Friend,1,7,5449324,6605071,3,2019-01-03 03:02:13
2018-04-11 22:26:11,You Me Her,3,2,5449324,6605785,3,2018-04-11 22:26:11
2018-04-12 10:16:13,You Me Her,3,3,5449324,6605786,3,2018-04-12 10:16:13
2018-10-26 23:05:20,Heathers,1,4,5449324,6607940,3,2018-10-26 23:05:20
2019-01-08 01:45:42,You,1,10,5449324,6609867,3,2019-01-08 01:45:42
2018-08-08 05:38:21,Kiss Me First,1,1,5449324,6612359,3,2018-08-08 05:38:21
2019-07-20 05:18:20,Sweetbitter,1,2,5449324,6614457,3,2019-07-20 05:18:20
2019-07-20 16:54:11,Sweetbitter,1,3,5449324,6614458,3,2019-07-20 16:54:11
2019-07-20 16:54:01,Sweetbitter,1,4,5449324,6614459,3,2019-07-20 16:54:01
2019-07-20 16:54:23,Sweetbitter,1,5,5449324,6614460,3,2019-07-20 16:54:23
2019-07-21 01:59:24,Sweetbitter,1,6,5449324,6614461,3,2019-07-21 01:59:24
2018-04-10 22:25:05,Siren (2018),1,3,5449324,6622414,3,2018-04-10 22:25:05
2019-12-29 10:58:07,The Haunting,1,1,5449324,6623548,4,2019-12-29 10:58:07
2018-05-12 22:04:59,Siren (2018),1,8,5449324,6624105,4,2018-05-12 22:04:59
2018-04-14 10:43:47,Skam France,2,1,5449324,6625641,1,2018-04-14 10:43:47
2018-04-21 19:14:43,Dynasty (2017),1,19,5449324,6628763,3,2018-04-21 19:14:43
2019-01-01 21:29:32,A Series of Unfortunate Events,3,1,5449324,6631615,3,2019-01-01 21:29:32
2018-05-12 22:05:32,Dynasty (2017),1,22,5449324,6637909,3,2018-05-12 22:05:32
2018-05-22 00:18:57,The Simpsons,29,21,5449324,6639014,3,2018-05-22 00:18:57
2018-04-20 21:18:41,Skam France,2,2,5449324,6646538,3,2018-04-20 21:18:41
2018-07-27 08:33:09,Orange Is the New Black,6,1,5449324,6646742,4,2018-07-27 08:33:09
2018-04-27 17:24:10,Skam France,2,3,5449324,6651929,1,2018-04-27 17:24:10
2019-01-02 22:24:10,A Series of Unfortunate Events,3,2,5449324,6653596,3,2019-01-02 22:24:10
2019-01-02 22:24:20,A Series of Unfortunate Events,3,3,5449324,6653597,3,2019-01-02 22:24:20
2019-01-02 23:18:08,A Series of Unfortunate Events,3,4,5449324,6653598,3,2019-01-02 23:18:08
2019-01-03 00:53:53,A Series of Unfortunate Events,3,5,5449324,6653599,3,2019-01-03 00:53:53
2019-01-03 03:28:49,A Series of Unfortunate Events,3,6,5449324,6653600,3,2019-01-03 03:28:49
2022-06-16 23:45:44,November 13: Attack on Paris,1,2,5449324,6655510,3,2022-06-16 23:45:44
2018-10-20 09:38:59,SKAM Austin,1,1,5449324,6655931,3,2018-10-20 09:38:59
2018-05-06 11:38:42,Skam France,2,5,5449324,6657611,3,2018-05-06 11:38:42
2018-05-11 17:22:13,Skam France,2,6,5449324,6657613,3,2018-05-11 17:22:13
2018-10-20 15:53:48,SKAM Austin,1,2,5449324,6662213,1,2018-10-20 15:53:48
2018-06-22 22:21:52,The Handmaid's Tale,2,10,5449324,6662999,3,2018-06-22 22:21:52
2018-06-09 14:52:37,Sense8,2,12,5449324,6663646,3,2018-06-09 14:52:37
2018-06-22 22:26:56,Nude,1,10,5449324,6667634,3,2018-06-22 22:26:56
2018-05-11 19:36:32,Dear White People,2,6,5449324,6668578,3,2018-05-11 19:36:32
2018-11-28 18:47:17,Elite,1,3,5449324,6671794,3,2018-11-28 18:47:17
2018-12-11 21:23:15,Elite,1,4,5449324,6671800,1,2018-12-11 21:23:15
2018-12-22 10:41:51,Elite,1,5,5449324,6671801,3,2018-12-22 10:41:51
2018-12-22 13:16:49,Elite,1,6,5449324,6671802,3,2018-12-22 13:16:49
2018-12-22 14:12:11,Elite,1,7,5449324,6671803,3,2018-12-22 14:12:11
2018-05-20 20:58:39,13 Reasons Why,2,5,5449324,6674476,3,2018-05-20 20:58:39
2018-05-20 20:59:22,13 Reasons Why,2,6,5449324,6674477,3,2018-05-20 20:59:22
2018-10-27 00:01:26,Heathers,1,5,5449324,6675975,3,2018-10-27 00:01:26
2018-10-09 17:34:43,Into the Dark,1,1,5449324,6677515,3,2018-10-09 17:34:43
2018-07-05 15:46:25,Westworld,2,6,5449324,6677615,3,2018-07-05 15:46:25
2018-07-05 17:03:53,Westworld,2,7,5449324,6678437,3,2018-07-05 17:03:53
2018-07-05 19:11:07,Westworld,2,8,5449324,6678438,3,2018-07-05 19:11:07
2018-07-05 20:41:44,Westworld,2,9,5449324,6678938,3,2018-07-05 20:41:44
2018-07-05 01:02:06,The Handmaid's Tale,2,12,5449324,6680177,3,2018-07-05 01:02:06
2018-08-10 16:56:31,The House of Flowers,1,1,5449324,6681116,3,2018-08-10 16:56:31
2018-08-26 20:38:46,Disenchantment,1,4,5449324,6699489,3,2018-08-26 20:38:46
2018-12-22 21:53:46,Pokémon,18,77,5449324,6700307,3,2018-12-22 21:53:46
2018-09-02 15:35:12,Sharp Objects,1,0,5449324,6704942,3,2018-09-02 15:35:12
2019-06-22 21:23:37,Super Drags,1,1,5449324,6709396,4,2019-06-22 21:23:37
2019-01-27 20:40:30,Unbreakable Kimmy Schmidt,4,7,5449324,6709616,3,2019-01-27 20:40:30
2018-10-22 00:18:00,Big Mouth,2,7,5449324,6717905,3,2018-10-22 00:18:00
2018-07-08 12:11:56,Marlon,2,5,5449324,6726023,3,2018-07-08 12:11:56
2018-07-08 13:40:43,Marlon,2,7,5449324,6726024,3,2018-07-08 13:40:43
2018-10-26 22:30:27,Legacies,1,0,5449324,6733478,3,2018-10-26 22:30:27
2018-11-21 13:38:48,Bodyguard (2018),1,1,5449324,6733508,4,2018-11-21 13:38:48
2018-07-27 12:48:57,Orange Is the New Black,6,5,5449324,6737734,4,2018-07-27 12:48:57
2018-07-27 13:44:31,Orange Is the New Black,6,6,5449324,6737735,4,2018-07-27 13:44:31
2018-07-27 14:40:57,Orange Is the New Black,6,7,5449324,6737738,4,2018-07-27 14:40:57
2018-07-27 16:26:56,Orange Is the New Black,6,8,5449324,6737741,3,2018-07-27 16:26:56
2018-07-27 21:21:04,Orange Is the New Black,6,11,5449324,6737745,4,2018-07-27 21:21:04
2018-07-28 09:06:23,Orange Is the New Black,6,12,5449324,6737747,3,2018-07-28 09:06:23
2018-07-12 15:03:29,The Handmaid's Tale,2,13,5449324,6738344,3,2018-07-12 15:03:29
2018-06-29 03:31:25,The Handmaid's Tale,2,11,5449324,6741827,3,2018-06-29 03:31:25
2019-02-06 19:50:15,Hilda,1,1,5449324,6742171,1,2019-02-06 19:50:15
2018-10-26 21:36:02,The Good Place,3,5,5449324,6742809,3,2018-10-26 21:36:02
2018-11-07 20:30:39,The Good Place,3,6,5449324,6742810,4,2018-11-07 20:30:39
2018-11-18 08:50:59,The Good Place,3,8,5449324,6742812,1,2018-11-18 08:50:59
2018-12-08 07:02:36,The Good Place,3,9,5449324,6742813,1,2018-12-08 07:02:36
2018-09-23 14:30:20,American Horror Story,8,2,5449324,6743365,4,2018-09-23 14:30:20
2018-07-17 21:36:46,Sacred Games,1,2,5449324,6751101,3,2018-07-17 21:36:46
2018-10-24 19:17:13,Fifty Shades of Greeks,1,30,5449324,6754006,3,2018-10-24 19:17:13
2018-10-20 18:18:40,The Sinner,2,8,5449324,6757799,3,2018-10-20 18:18:40
2018-10-31 17:48:46,Chilling Adventures of Sabrina,1,5,5449324,6762373,3,2018-10-31 17:48:46
2018-10-31 19:50:17,Chilling Adventures of Sabrina,1,6,5449324,6762374,3,2018-10-31 19:50:17
2018-10-31 20:12:03,Chilling Adventures of Sabrina,1,7,5449324,6762376,3,2018-10-31 20:12:03
2018-09-11 20:56:21,Cable Girls,3,1,5449324,6764178,3,2018-09-11 20:56:21
2018-07-18 16:10:29,Peepoodo,1,1,5449324,6764399,3,2018-07-18 16:10:29
2018-07-18 16:10:26,Peepoodo,1,2,5449324,6764401,3,2018-07-18 16:10:26
2018-07-18 13:56:17,Pêche Aubergine,1,19,5449324,6764429,1,2018-07-18 13:56:17
2018-07-18 16:08:01,Peepoodo,1,3,5449324,6764480,1,2018-07-18 16:08:01
2018-07-25 20:16:07,Peepoodo,1,10,5449324,6764488,1,2018-07-25 20:16:07
2018-07-28 12:30:17,Peepoodo,1,11,5449324,6764489,3,2018-07-28 12:30:17
2018-08-01 13:03:11,Peepoodo,1,13,5449324,6764491,1,2018-08-01 13:03:11
2018-10-28 22:58:05,Heathers,1,7,5449324,6765497,3,2018-10-28 22:58:05
2018-10-29 00:11:34,Heathers,1,8,5449324,6765498,3,2018-10-29 00:11:34
2018-10-29 23:28:53,Heathers,1,9,5449324,6765499,3,2018-10-29 23:28:53
2018-10-30 00:22:51,Heathers,1,10,5449324,6765502,3,2018-10-30 00:22:51
2019-04-24 17:55:10,Bonding,1,1,5449324,6766418,3,2019-04-24 17:55:10
2019-02-24 20:13:48,Lore,2,1,5449324,6767347,3,2019-02-24 20:13:48
2018-07-27 17:42:19,Orange Is the New Black,6,9,5449324,6773294,4,2018-07-27 17:42:19
2018-07-27 19:33:32,Orange Is the New Black,6,10,5449324,6773296,4,2018-07-27 19:33:32
2018-07-28 10:03:28,Orange Is the New Black,6,13,5449324,6773297,3,2018-07-28 10:03:28
2018-07-28 12:18:35,,2,1,5449324,6773960,3,2018-07-28 12:18:35
2018-07-30 09:36:16,gaelle garcia diaz,2018,25,5449324,6775278,3,2018-07-30 09:36:16
2018-09-29 07:22:01,Maniac (2018),1,3,5449324,6775582,4,2018-09-29 07:22:01
2018-11-03 15:48:58,Magic for Humans,1,1,5449324,6776752,4,2018-11-03 15:48:58
2018-11-03 15:48:57,Magic for Humans,1,2,5449324,6776754,4,2018-11-03 15:48:57
2018-11-03 15:48:55,Magic for Humans,1,3,5449324,6776756,4,2018-11-03 15:48:55
2018-11-04 14:48:16,Magic for Humans,1,4,5449324,6776758,4,2018-11-04 14:48:16
2018-11-04 15:04:09,Magic for Humans,1,5,5449324,6776760,4,2018-11-04 15:04:09
2018-11-04 15:25:02,Magic for Humans,1,6,5449324,6776761,4,2018-11-04 15:25:02
2019-04-23 16:52:24,Good Girls,2,1,5449324,6778981,3,2019-04-23 16:52:24
2019-04-23 15:06:24,Good Girls,2,2,5449324,6778982,3,2019-04-23 15:06:24
2020-08-01 16:01:23,Good Girls,2,3,5449324,6778983,3,2020-08-01 16:01:23
2019-04-23 19:28:41,Good Girls,2,4,5449324,6778984,3,2019-04-23 19:28:41
2019-05-04 10:20:43,Good Girls,2,8,5449324,6778988,3,2019-05-04 10:20:43
2019-05-04 11:46:25,Good Girls,2,9,5449324,6778989,3,2019-05-04 11:46:25
2019-05-10 16:43:15,Good Girls,2,10,5449324,6778990,3,2019-05-10 16:43:15
2018-11-02 03:25:23,Tell Me a Story (US),1,1,5449324,6782406,3,2018-11-02 03:25:23
2018-11-07 20:30:13,Explained,1,15,5449324,6784596,4,2018-11-07 20:30:13
2019-04-10 19:07:36,Explained,1,20,5449324,6784611,3,2019-04-10 19:07:36
2018-08-10 17:44:44,The House of Flowers,1,2,5449324,6785282,3,2018-08-10 17:44:44
2018-08-10 19:32:04,The House of Flowers,1,3,5449324,6785283,3,2018-08-10 19:32:04
2019-02-22 14:19:51,Dirty John,1,1,5449324,6785489,3,2019-02-22 14:19:51
2019-02-24 17:09:47,Dirty John,1,5,5449324,6785508,3,2019-02-24 17:09:47
2019-01-11 18:22:02,The Good Place,3,10,5449324,6786372,3,2019-01-11 18:22:02
2019-01-18 12:11:46,The Good Place,3,11,5449324,6786373,4,2019-01-18 12:11:46
2019-02-25 22:02:01,The Purge,1,2,5449324,6786640,3,2019-02-25 22:02:01
2019-02-25 22:02:20,The Purge,1,3,5449324,6786642,3,2019-02-25 22:02:20
2019-02-25 22:44:46,The Purge,1,4,5449324,6786643,3,2019-02-25 22:44:46
2018-10-09 19:26:53,Lovleg,1,2,5449324,6790793,3,2018-10-09 19:26:53
2018-11-18 08:50:50,Riverdale,3,5,5449324,6791006,1,2018-11-18 08:50:50
2019-01-14 19:18:41,Good Trouble,1,1,5449324,6792763,3,2019-01-14 19:18:41
2019-07-22 03:05:13,Naked Attraction,3,1,5449324,6795576,3,2019-07-22 03:05:13
2018-12-03 19:33:36,Harry Potter ,1,1,5449324,6800812,4,2018-12-03 19:33:36
2018-12-13 21:03:49,Harry Potter ,2,1,5449324,6800827,3,2018-12-13 21:03:49
2018-12-15 19:34:50,Harry Potter ,3,1,5449324,6800837,3,2018-12-15 19:34:50
2018-12-16 22:04:35,Harry Potter ,4,1,5449324,6800853,3,2018-12-16 22:04:35
2018-12-22 15:04:10,Harry Potter ,5,1,5449324,6800855,3,2018-12-22 15:04:10
2018-10-09 20:08:38,Lovleg,1,3,5449324,6807457,3,2018-10-09 20:08:38
2018-10-09 20:32:35,Lovleg,1,4,5449324,6807459,3,2018-10-09 20:32:35
2018-11-30 18:03:16,Baby,1,1,5449324,6809788,4,2018-11-30 18:03:16
2018-11-30 20:35:57,Baby,1,2,5449324,6809789,4,2018-11-30 20:35:57
2018-12-05 20:19:41,Riverdale,3,6,5449324,6809886,4,2018-12-05 20:19:41
2018-12-09 11:44:31,Into the Dark,1,3,5449324,6814869,3,2018-12-09 11:44:31
2019-01-03 03:02:03,Into the Dark,1,4,5449324,6814871,3,2019-01-03 03:02:03
2019-02-09 19:52:59,Into the Dark,1,5,5449324,6814875,3,2019-02-09 19:52:59
2019-03-16 10:35:43,Into the Dark,1,6,5449324,6814877,3,2019-03-16 10:35:43
2018-11-13 22:32:16,Cable Girls,3,7,5449324,6818476,1,2018-11-13 22:32:16
2018-11-14 14:37:57,Cable Girls,3,8,5449324,6818477,4,2018-11-14 14:37:57
2018-09-08 11:11:43,gaelle garcia diaz,2018,30,5449324,6819524,1,2018-09-08 11:11:43
2018-10-30 09:06:29,American Horror Story,8,7,5449324,6819719,3,2018-10-30 09:06:29
2018-12-30 22:51:38,You,1,1,5449324,6821139,3,2018-12-30 22:51:38
2018-10-09 18:36:30,The Simpsons,30,2,5449324,6822703,3,2018-10-09 18:36:30
2019-05-01 22:31:23,Into the Dark,1,7,5449324,6827550,3,2019-05-01 22:31:23
2018-10-13 10:14:18,Lovleg,1,8,5449324,6830202,1,2018-10-13 10:14:18
2019-02-17 14:36:28,Hilda,1,2,5449324,6830710,3,2019-02-17 14:36:28
2018-11-02 02:44:05,The Boss Baby: Back in Business,2,1,5449324,6833340,3,2018-11-02 02:44:05
2018-11-01 02:54:47,9-1-1,2,5,5449324,6833623,3,2018-11-01 02:54:47
2019-01-25 19:34:17,Mike,1,1,5449324,6835458,3,2019-01-25 19:34:17
2019-01-25 20:08:31,Mike,1,2,5449324,6835459,3,2019-01-25 20:08:31
2019-02-09 21:46:18,Mike,1,3,5449324,6835461,3,2019-02-09 21:46:18
2019-02-09 21:46:27,Mike,1,4,5449324,6835462,3,2019-02-09 21:46:27
2019-02-23 16:32:33,Mike,1,9,5449324,6835468,1,2019-02-23 16:32:33
2019-02-23 16:58:05,Mike,1,10,5449324,6835469,1,2019-02-23 16:58:05
2019-02-24 13:28:09,Mike,1,11,5449324,6835470,3,2019-02-24 13:28:09
2019-02-24 17:09:03,Mike,1,12,5449324,6835471,3,2019-02-24 17:09:03
2019-01-26 12:51:48,The Good Place,3,12,5449324,6839898,4,2019-01-26 12:51:48
2018-12-01 21:57:25,Baby,1,5,5449324,6843488,3,2018-12-01 21:57:25
2018-12-01 23:50:49,Baby,1,6,5449324,6843490,3,2018-12-01 23:50:49
2019-05-26 19:56:22,High Seas,1,1,5449324,6847128,3,2019-05-26 19:56:22
2019-06-26 19:49:22,High Seas,1,3,5449324,6847131,3,2019-06-26 19:49:22
2019-02-17 22:10:52,Room 104,2,1,5449324,6847140,3,2019-02-17 22:10:52
2019-02-18 18:56:24,Room 104,2,2,5449324,6847142,3,2019-02-18 18:56:24
2018-12-15 13:06:47,Riverdale,3,7,5449324,6848021,3,2018-12-15 13:06:47
2018-12-16 15:06:32,Riverdale,3,8,5449324,6848022,3,2018-12-16 15:06:32
2019-01-23 18:49:58,Riverdale,3,9,5449324,6848023,4,2019-01-23 18:49:58
2019-02-18 19:23:32,Room 104,2,3,5449324,6848555,3,2019-02-18 19:23:32
2019-03-09 12:01:27,Room 104,2,4,5449324,6848556,3,2019-03-09 12:01:27
2019-04-15 21:41:26,Jane the Virgin,5,1,5449324,6848603,3,2019-04-15 21:41:26
2018-11-02 03:25:03,American Horror Story,8,8,5449324,6850873,3,2018-11-02 03:25:03
2018-11-21 21:05:09,American Horror Story,8,9,5449324,6850876,3,2018-11-21 21:05:09
2018-10-29 22:44:07,Dynasty (2017),2,3,5449324,6851636,3,2018-10-29 22:44:07
2019-02-16 09:28:40,The Umbrella Academy,1,1,5449324,6852888,3,2019-02-16 09:28:40
2018-12-06 21:09:46,Mom or Dad,1,1,5449324,6856368,4,2018-12-06 21:09:46
2018-10-31 02:52:23,Charmed (2018),1,3,5449324,6858970,3,2018-10-31 02:52:23
2018-11-02 20:40:56,9-1-1,2,7,5449324,6859414,3,2018-11-02 20:40:56
2018-12-24 16:29:47,Neo Yokio,0,1,5449324,6860880,3,2018-12-24 16:29:47
2018-11-01 15:22:47,The Good Doctor,2,5,5449324,6860893,3,2018-11-01 15:22:47
2018-11-07 20:30:30,Dynasty (2017),2,4,5449324,6862668,4,2018-11-07 20:30:30
2018-10-25 22:19:25,Lovleg,1,10,5449324,6863009,3,2018-10-25 22:19:25
2019-03-10 09:44:16,Room 104,2,6,5449324,6868117,1,2019-03-10 09:44:16
2018-12-26 00:38:34,The Simpsons,30,6,5449324,6868398,3,2018-12-26 00:38:34
2018-11-19 21:12:55,9-1-1,2,8,5449324,6868442,1,2018-11-19 21:12:55
2019-02-24 20:13:39,Lore,2,2,5449324,6868841,3,2019-02-24 20:13:39
2019-01-04 23:22:16,The Good Doctor,2,6,5449324,6869127,3,2019-01-04 23:22:16
2019-06-22 21:34:45,Super Drags,1,2,5449324,6869854,3,2019-06-22 21:34:45
2019-03-10 17:46:12,Room 104,2,8,5449324,6870350,3,2019-03-10 17:46:12
2019-03-10 17:46:19,Room 104,2,9,5449324,6870353,3,2019-03-10 17:46:19
2019-03-10 17:46:27,Room 104,2,10,5449324,6870356,3,2019-03-10 17:46:27
2018-10-29 18:24:44,gaelle garcia diaz,2018,35,5449324,6873282,3,2018-10-29 18:24:44
2018-12-01 23:37:49,Interns,1,1,5449324,6873986,3,2018-12-01 23:37:49
2018-12-03 22:28:09,Interns,1,2,5449324,6873988,3,2018-12-03 22:28:09
2018-12-03 23:19:32,Interns,1,3,5449324,6873994,3,2018-12-03 23:19:32
2018-12-04 20:02:04,Interns,1,4,5449324,6873996,3,2018-12-04 20:02:04
2018-12-05 21:31:23,Interns,1,5,5449324,6874004,3,2018-12-05 21:31:23
2018-12-05 21:31:31,Interns,1,6,5449324,6874005,4,2018-12-05 21:31:31
2018-12-05 23:32:46,Interns,1,7,5449324,6874008,3,2018-12-05 23:32:46
2018-12-05 23:47:03,Interns,1,8,5449324,6874009,3,2018-12-05 23:47:03
2018-12-09 20:39:07,The Hook Up Plan,1,2,5449324,6876243,3,2018-12-09 20:39:07
2018-12-09 20:39:01,The Hook Up Plan,1,1,5449324,6876323,3,2018-12-09 20:39:01
2019-01-01 21:51:41,The Simpsons,30,8,5449324,6877869,3,2019-01-01 21:51:41
2018-10-26 12:38:28,En fait,2,18,5449324,6878155,3,2018-10-26 12:38:28
2018-11-15 22:29:20,En fait,2,19,5449324,6879480,1,2018-11-15 22:29:20
2018-10-28 14:33:35,Legacies,1,1,5449324,6880370,3,2018-10-28 14:33:35
2018-11-19 18:23:03,Dynasty (2017),2,6,5449324,6880389,4,2018-11-19 18:23:03
2018-11-18 11:39:25,Skam Spain,1,9,5449324,6882388,1,2018-11-18 11:39:25
2018-11-18 11:39:34,Skam Spain,1,10,5449324,6882390,1,2018-11-18 11:39:34
2019-04-07 15:05:22,Pokémon,18,96,5449324,6883244,3,2019-04-07 15:05:22
2018-11-02 02:05:35,Don't Watch This,1,1,5449324,6884305,3,2018-11-02 02:05:35
2018-11-02 02:10:55,Don't Watch This,1,2,5449324,6884307,3,2018-11-02 02:10:55
2018-11-02 02:14:01,Don't Watch This,1,3,5449324,6884310,3,2018-11-02 02:14:01
2018-11-02 02:21:59,Don't Watch This,1,4,5449324,6884312,3,2018-11-02 02:21:59
2018-11-02 02:43:02,Don't Watch This,1,5,5449324,6884313,3,2018-11-02 02:43:02
2018-10-31 17:19:50,,1,1,5449324,6886204,3,2018-10-31 17:19:50
2018-11-01 19:18:15,,4,8,5449324,6887219,1,2018-11-01 19:18:15
2018-11-28 21:47:18,9-1-1,2,9,5449324,6887371,3,2018-11-28 21:47:18
2018-12-03 22:02:34,9-1-1,2,10,5449324,6893269,3,2018-12-03 22:02:34
2019-02-19 22:08:19,The Umbrella Academy,1,8,5449324,6894433,3,2019-02-19 22:08:19
2019-02-19 22:08:29,The Umbrella Academy,1,9,5449324,6894438,3,2019-02-19 22:08:29
2019-02-19 22:08:43,The Umbrella Academy,1,10,5449324,6894457,3,2019-02-19 22:08:43
2018-12-22 17:46:04,Perfume (2018),1,2,5449324,6896594,3,2018-12-22 17:46:04
2018-12-22 19:48:34,Perfume (2018),1,3,5449324,6896596,3,2018-12-22 19:48:34
2018-12-23 17:10:44,Perfume (2018),1,4,5449324,6896597,3,2018-12-23 17:10:44
2018-12-24 12:07:23,Perfume (2018),1,5,5449324,6896598,3,2018-12-24 12:07:23
2018-12-25 21:54:23,Perfume (2018),1,6,5449324,6896599,3,2018-12-25 21:54:23
2019-01-13 21:47:53,The Dead Girls Detective Agency,1,1,5449324,6899975,1,2019-01-13 21:47:53
2019-01-13 21:47:54,The Dead Girls Detective Agency,1,2,5449324,6899981,1,2019-01-13 21:47:54
2019-01-13 21:47:56,The Dead Girls Detective Agency,1,3,5449324,6899991,1,2019-01-13 21:47:56
2019-01-13 21:47:58,The Dead Girls Detective Agency,1,4,5449324,6899998,1,2019-01-13 21:47:58
2019-01-13 21:48:00,The Dead Girls Detective Agency,1,5,5449324,6900005,1,2019-01-13 21:48:00
2019-01-13 21:48:04,The Dead Girls Detective Agency,1,7,5449324,6900010,1,2019-01-13 21:48:04
2019-01-13 21:48:01,The Dead Girls Detective Agency,1,6,5449324,6900013,1,2019-01-13 21:48:01
2019-01-13 21:54:19,The Dead Girls Detective Agency,1,8,5449324,6900027,1,2019-01-13 21:54:19
2018-12-25 13:31:37,Nailed It! Holiday!,1,1,5449324,6901566,4,2018-12-25 13:31:37
2018-12-15 12:24:41,Chilling Adventures of Sabrina,1,11,5449324,6901567,3,2018-12-15 12:24:41
2018-12-08 21:24:04,Mom or Dad,1,2,5449324,6903616,3,2018-12-08 21:24:04
2018-12-16 19:50:33,Mom or Dad,1,3,5449324,6904298,3,2018-12-16 19:50:33
2018-12-16 20:29:51,Mom or Dad,1,4,5449324,6904300,3,2018-12-16 20:29:51
2018-12-20 23:49:18,Mom or Dad,1,5,5449324,6904302,3,2018-12-20 23:49:18
2018-12-20 23:49:39,Mom or Dad,1,6,5449324,6904306,3,2018-12-20 23:49:39
2018-12-21 20:56:07,Dynasty (2017),2,8,5449324,6905828,3,2018-12-21 20:56:07
2019-01-25 22:30:05,High Maintenance (2016),3,1,5449324,6910832,3,2019-01-25 22:30:05
2018-11-28 19:18:32,,3,21,5449324,6919489,1,2018-11-28 19:18:32
2019-01-14 20:48:12,Fam,1,1,5449324,6920965,3,2019-01-14 20:48:12
2018-12-22 23:37:31,Dynasty (2017),2,9,5449324,6921820,3,2018-12-22 23:37:31
2019-01-11 21:59:25,Sex Education,1,1,5449324,6927356,1,2019-01-11 21:59:25
2019-01-12 20:47:02,Sex Education,1,2,5449324,6927852,4,2019-01-12 20:47:02
2019-01-12 20:47:12,Sex Education,1,3,5449324,6927853,4,2019-01-12 20:47:12
2019-01-14 18:07:21,Sex Education,1,4,5449324,6927854,3,2019-01-14 18:07:21
2019-01-14 21:50:43,Sex Education,1,5,5449324,6927857,3,2019-01-14 21:50:43
2019-01-18 22:55:31,Sex Education,1,6,5449324,6927861,3,2019-01-18 22:55:31
2019-01-19 16:24:18,Sex Education,1,7,5449324,6927862,3,2019-01-19 16:24:18
2019-01-20 21:42:46,Sex Education,1,8,5449324,6927863,3,2019-01-20 21:42:46
2019-02-17 14:58:35,Miracle Workers,1,1,5449324,6928553,3,2019-02-17 14:58:35
2018-12-07 15:28:51,Big Head,1,1,5449324,6930165,3,2018-12-07 15:28:51
2018-12-25 14:11:27,Nailed It! Holiday!,1,2,5449324,6930583,4,2018-12-25 14:11:27
2018-12-25 15:24:15,Nailed It! Holiday!,1,3,5449324,6930584,4,2018-12-25 15:24:15
2018-12-25 15:24:14,Nailed It! Holiday!,1,4,5449324,6930586,4,2018-12-25 15:24:14
2018-12-25 23:43:23,Nailed It! Holiday!,1,5,5449324,6930587,3,2018-12-25 23:43:23
2018-12-25 23:43:37,Nailed It! Holiday!,1,6,5449324,6930588,3,2018-12-25 23:43:37
2018-12-26 00:11:53,Nailed It! Holiday!,1,7,5449324,6930589,3,2018-12-26 00:11:53
2018-12-09 21:37:09,The Hook Up Plan,1,3,5449324,6930590,2,2018-12-09 21:37:09
2018-12-09 21:37:21,The Hook Up Plan,1,4,5449324,6930591,3,2018-12-09 21:37:21
2018-12-09 22:56:45,The Hook Up Plan,1,5,5449324,6930592,3,2018-12-09 22:56:45
2018-12-10 05:54:17,The Hook Up Plan,1,6,5449324,6930593,3,2018-12-10 05:54:17
2018-12-10 20:58:54,The Hook Up Plan,1,7,5449324,6930594,3,2018-12-10 20:58:54
2018-12-10 20:59:01,The Hook Up Plan,1,8,5449324,6930595,3,2018-12-10 20:59:01
2019-07-21 17:45:23,Stranger Things,3,1,5449324,6933995,3,2019-07-21 17:45:23
2018-12-11 22:29:00,Skam,1,0,5449324,6934210,1,2018-12-11 22:29:00
2019-02-20 17:49:08,Always a Witch,1,1,5449324,6936580,3,2019-02-20 17:49:08
2019-01-31 12:14:17,The Simpsons,30,12,5449324,6937151,3,2019-01-31 12:14:17
2019-01-27 20:40:39,Unbreakable Kimmy Schmidt,4,8,5449324,6937673,3,2019-01-27 20:40:39
2019-01-27 21:05:04,Unbreakable Kimmy Schmidt,4,9,5449324,6937674,3,2019-01-27 21:05:04
2019-01-28 19:29:46,Unbreakable Kimmy Schmidt,4,10,5449324,6937675,4,2019-01-28 19:29:46
2019-01-28 19:29:45,Unbreakable Kimmy Schmidt,4,11,5449324,6937677,4,2019-01-28 19:29:45
2019-01-28 19:57:33,Unbreakable Kimmy Schmidt,4,12,5449324,6937679,3,2019-01-28 19:57:33
2019-02-01 18:42:24,Russian Doll,1,1,5449324,6937767,3,2019-02-01 18:42:24
2019-02-02 13:01:48,Russian Doll,1,2,5449324,6937768,3,2019-02-02 13:01:48
2019-02-02 13:01:56,Russian Doll,1,3,5449324,6937769,3,2019-02-02 13:01:56
2019-02-02 13:02:07,Russian Doll,1,4,5449324,6937772,3,2019-02-02 13:02:07
2019-02-02 14:29:07,Russian Doll,1,5,5449324,6937773,3,2019-02-02 14:29:07
2019-02-02 14:29:13,Russian Doll,1,6,5449324,6937775,3,2019-02-02 14:29:13
2019-02-02 15:04:26,Russian Doll,1,7,5449324,6937778,3,2019-02-02 15:04:26
2019-02-03 21:09:08,Russian Doll,1,8,5449324,6937780,3,2019-02-03 21:09:08
2019-02-21 20:12:15,Always a Witch,1,2,5449324,6938243,3,2019-02-21 20:12:15
2019-02-23 09:08:24,Always a Witch,1,3,5449324,6938244,4,2019-02-23 09:08:24
2019-02-23 09:32:21,Always a Witch,1,4,5449324,6938245,4,2019-02-23 09:32:21
2018-12-14 19:31:58,,4,13,5449324,6938266,3,2018-12-14 19:31:58
2019-02-08 16:26:50,One Day at a Time (2017),3,1,5449324,6939214,3,2019-02-08 16:26:50
2019-02-10 20:28:52,One Day at a Time (2017),3,2,5449324,6939215,3,2019-02-10 20:28:52
2019-02-10 20:29:03,One Day at a Time (2017),3,3,5449324,6939216,3,2019-02-10 20:29:03
2019-02-10 20:29:13,One Day at a Time (2017),3,4,5449324,6939217,3,2019-02-10 20:29:13
2019-02-10 20:34:21,One Day at a Time (2017),3,5,5449324,6939218,3,2019-02-10 20:34:21
2019-02-11 17:38:30,One Day at a Time (2017),3,6,5449324,6939219,3,2019-02-11 17:38:30
2019-02-12 18:15:14,One Day at a Time (2017),3,8,5449324,6939222,3,2019-02-12 18:15:14
2020-05-05 20:55:10,The Act,1,1,5449324,6944774,3,2020-05-05 20:55:10
2020-05-12 01:27:33,The Act,1,3,5449324,6944776,3,2020-05-12 01:27:33
2018-12-23 10:18:09,Skam,0,10,5449324,6945092,3,2018-12-23 10:18:09
2018-12-23 10:18:02,Skam,0,11,5449324,6945094,3,2018-12-23 10:18:02
2018-12-23 10:18:11,Skam,0,12,5449324,6945095,1,2018-12-23 10:18:11
2018-12-23 18:16:59,Skam,0,13,5449324,6945096,1,2018-12-23 18:16:59
2019-01-28 22:19:23,High Maintenance (2016),3,2,5449324,6945748,3,2019-01-28 22:19:23
2019-04-24 17:55:29,Bonding,1,2,5449324,6952566,3,2019-04-24 17:55:29
2019-04-24 18:41:47,Bonding,1,3,5449324,6952578,3,2019-04-24 18:41:47
2018-12-30 22:48:20,Black Mirror,0,2,5449324,6959083,3,2018-12-30 22:48:20
2019-01-04 18:14:05,Skam Spain,1,12,5449324,6969937,1,2019-01-04 18:14:05
2019-02-24 20:14:02,High Maintenance (2016),3,3,5449324,6973727,3,2019-02-24 20:14:02
2019-02-25 17:08:24,High Maintenance (2016),3,6,5449324,6973732,3,2019-02-25 17:08:24
2019-04-18 22:28:41,Killing Eve,2,1,5449324,6975016,3,2019-04-18 22:28:41
2019-04-15 07:34:28,Pokémon,18,104,5449324,6980409,3,2019-04-15 07:34:28
2019-01-31 12:14:02,Dynasty (2017),2,11,5449324,6981301,3,2019-01-31 12:14:02
2019-01-25 19:00:23,Skam France,3,1,5449324,6983885,3,2019-01-25 19:00:23
2019-02-10 11:28:06,Dynasty (2017),2,12,5449324,6988081,3,2019-02-10 11:28:06
2019-02-10 12:23:05,Dynasty (2017),2,13,5449324,6997279,3,2019-02-10 12:23:05
2019-01-31 21:53:06,Riverdale,3,11,5449324,6997775,3,2019-01-31 21:53:06
2019-02-10 10:43:24,Riverdale,3,12,5449324,6997778,3,2019-02-10 10:43:24
2019-03-11 22:43:47,Riverdale,3,14,5449324,6997780,3,2019-03-11 22:43:47
2019-03-26 18:50:12,Riverdale,3,16,5449324,6997931,3,2019-03-26 18:50:12
2019-02-01 20:00:35,Skam France,3,2,5449324,6998836,3,2019-02-01 20:00:35
2019-02-09 09:01:39,Skam France,3,3,5449324,6998838,3,2019-02-09 09:01:39
2019-02-15 19:51:20,Skam France,3,4,5449324,6998839,3,2019-02-15 19:51:20
2019-02-22 17:28:49,Skam France,3,5,5449324,6998842,3,2019-02-22 17:28:49
2019-03-01 17:35:32,Skam France,3,6,5449324,6998843,3,2019-03-01 17:35:32
2019-02-12 17:43:36,The Simpsons,30,13,5449324,7000086,3,2019-02-12 17:43:36
2019-04-15 07:43:20,Pokémon,18,105,5449324,7001700,3,2019-04-15 07:43:20
2019-04-15 18:35:40,Pokémon,18,108,5449324,7001703,3,2019-04-15 18:35:40
2019-03-24 21:29:06,Pretty Little Liars: The Perfectionists,1,1,5449324,7004934,1,2019-03-24 21:29:06
2019-02-24 17:36:15,Miracle Workers,1,2,5449324,7009549,3,2019-02-24 17:36:15
2019-02-19 11:03:54,The Simpsons,30,14,5449324,7013940,3,2019-02-19 11:03:54
2019-03-29 22:21:24,Skam France,3,10,5449324,7015887,3,2019-03-29 22:21:24
2019-02-10 22:34:55,Big Mouth,3,1,5449324,7018539,3,2019-02-10 22:34:55
2019-04-15 18:35:22,Pokémon,18,109,5449324,7022477,3,2019-04-15 18:35:22
2019-04-15 18:35:25,Pokémon,18,110,5449324,7022479,3,2019-04-15 18:35:25
2019-08-12 00:13:13,Osmosis (2019),1,4,5449324,7025364,1,2019-08-12 00:13:13
2019-03-26 18:15:27,Dynasty (2017),2,15,5449324,7031329,3,2019-03-26 18:15:27
2019-07-02 22:23:03,The Handmaid's Tale,3,2,5449324,7036363,3,2019-07-02 22:23:03
2019-05-03 19:12:24,Jane the Virgin,5,2,5449324,7044923,3,2019-05-03 19:12:24
2019-03-13 21:23:09,The Simpsons,30,16,5449324,7045039,3,2019-03-13 21:23:09
2019-04-15 18:35:29,Pokémon,18,111,5449324,7047433,3,2019-04-15 18:35:29
2019-04-15 18:35:11,Pokémon,18,112,5449324,7047434,3,2019-04-15 18:35:11
2019-05-03 21:33:43,Pretty Little Liars: The Perfectionists,1,2,5449324,7052274,3,2019-05-03 21:33:43
2019-03-02 21:39:50,Riccanza World,1,1,5449324,7057082,3,2019-03-02 21:39:50
2019-07-02 12:18:04,Euphoria (US),1,1,5449324,7059062,3,2019-07-02 12:18:04
2019-06-04 21:53:59,Good Girls,2,13,5449324,7061622,3,2019-06-04 21:53:59
2019-04-18 23:10:14,Killing Eve,2,2,5449324,7062895,3,2019-04-18 23:10:14
2019-05-17 20:33:23,The Rain,2,1,5449324,7065940,3,2019-05-17 20:33:23
2019-05-01 20:07:18,On My Block,2,1,5449324,7075851,3,2019-05-01 20:07:18
2019-05-08 22:01:45,On My Block,2,2,5449324,7080211,3,2019-05-08 22:01:45
2019-05-08 23:14:05,Chernobyl,1,1,5449324,7082952,3,2019-05-08 23:14:05
2019-04-30 18:41:22,Dynasty (2017),2,18,5449324,7088159,1,2019-04-30 18:41:22
2019-05-17 14:31:28,Dynasty (2017),2,20,5449324,7088161,3,2019-05-17 14:31:28
2019-05-20 00:21:46,Dynasty (2017),2,21,5449324,7088163,1,2019-05-20 00:21:46
2019-06-15 23:52:35,Dynasty (2017),2,22,5449324,7088165,4,2019-06-15 23:52:35
2019-05-13 20:29:30,Clem,9,1,5449324,7096869,4,2019-05-13 20:29:30
2019-06-13 23:28:20,Clem,9,6,5449324,7096874,3,2019-06-13 23:28:20
2019-04-30 19:28:25,Killing Eve,2,4,5449324,7098403,3,2019-04-30 19:28:25
2019-04-25 11:06:50,,4,7,5449324,7098813,3,2019-04-25 11:06:50
2019-04-26 14:58:01,,4,8,5449324,7098814,3,2019-04-26 14:58:01
2019-04-26 15:01:32,,4,9,5449324,7098815,3,2019-04-26 15:01:32
2019-10-05 20:18:36,The Politician,1,1,5449324,7099374,4,2019-10-05 20:18:36
2019-12-26 01:49:01,The Politician,1,8,5449324,7099382,4,2019-12-26 01:49:01
2019-04-25 16:28:53,Riverdale,3,18,5449324,7103416,3,2019-04-25 16:28:53
2019-04-25 21:05:11,Skam Spain,2,4,5449324,7109995,3,2019-04-25 21:05:11
2019-04-28 23:29:55,Skam Spain,2,5,5449324,7109999,3,2019-04-28 23:29:55
2019-05-08 22:01:17,The Simpsons,30,22,5449324,7114028,3,2019-05-08 22:01:17
2019-07-20 02:45:23,Money Heist,2,0,5449324,7114885,3,2019-07-20 02:45:23
2019-04-15 18:35:06,Pokémon,18,113,5449324,7115096,3,2019-04-15 18:35:06
2019-05-03 19:49:51,Pokémon,18,118,5449324,7115103,3,2019-05-03 19:49:51
2019-05-08 14:20:06,Dead to Me,1,1,5449324,7115181,3,2019-05-08 14:20:06
2019-05-08 16:48:21,Dead to Me,1,2,5449324,7117029,3,2019-05-08 16:48:21
2019-05-08 17:36:43,Dead to Me,1,3,5449324,7117031,3,2019-05-08 17:36:43
2019-05-08 17:37:09,Dead to Me,1,4,5449324,7117032,3,2019-05-08 17:37:09
2019-05-08 19:11:33,Dead to Me,1,5,5449324,7117035,3,2019-05-08 19:11:33
2019-05-08 19:11:46,Dead to Me,1,6,5449324,7117038,3,2019-05-08 19:11:46
2019-05-08 20:43:40,Dead to Me,1,7,5449324,7117040,3,2019-05-08 20:43:40
2019-05-08 20:43:46,Dead to Me,1,8,5449324,7117041,3,2019-05-08 20:43:46
2019-05-08 20:43:52,Dead to Me,1,9,5449324,7117043,3,2019-05-08 20:43:52
2019-05-08 20:56:45,Dead to Me,1,10,5449324,7117044,3,2019-05-08 20:56:45
2019-04-16 22:00:13,Quicksand,1,6,5449324,7119459,3,2019-04-16 22:00:13
2019-04-07 14:12:45,Chilling Adventures of Sabrina,1,15,5449324,7120469,3,2019-04-07 14:12:45
2019-06-04 21:53:48,How to Sell Drugs Online (Fast),1,1,5449324,7121781,3,2019-06-04 21:53:48
2019-06-30 11:21:33,Killing Eve,2,8,5449324,7123654,3,2019-06-30 11:21:33
2019-04-25 15:29:34,Skam France,4,3,5449324,7124475,3,2019-04-25 15:29:34
2019-07-01 19:16:00,Pose,2,1,5449324,7125297,3,2019-07-01 19:16:00
2019-06-14 23:33:03,Big Little Lies,2,1,5449324,7135184,3,2019-06-14 23:33:03
2019-05-19 23:44:45,It's Bruno!,1,1,5449324,7136476,1,2019-05-19 23:44:45
2019-05-19 23:44:51,It's Bruno!,1,2,5449324,7136480,1,2019-05-19 23:44:51
2019-05-10 16:44:05,Riverdale,3,21,5449324,7142223,3,2019-05-10 16:44:05
2019-05-17 18:01:50,Riverdale,3,22,5449324,7142226,3,2019-05-17 18:01:50
2019-07-03 21:26:39,Jinn,1,1,5449324,7142266,4,2019-07-03 21:26:39
2019-07-03 21:26:45,Jinn,1,2,5449324,7142267,4,2019-07-03 21:26:45
2019-07-03 21:26:53,Jinn,1,3,5449324,7142268,4,2019-07-03 21:26:53
2019-07-03 22:45:40,Jinn,1,5,5449324,7142271,4,2019-07-03 22:45:40
2019-05-23 16:10:34,Slasher,3,1,5449324,7152350,4,2019-05-23 16:10:34
2019-05-10 16:33:08,Skam France,4,6,5449324,7157258,3,2019-05-10 16:33:08
2019-05-20 00:20:41,Pokémon,18,120,5449324,7158423,3,2019-05-20 00:20:41
2019-05-20 00:21:10,Pokémon,18,121,5449324,7158424,1,2019-05-20 00:21:10
2019-06-11 20:10:30,Calls,2,1,5449324,7160774,3,2019-06-11 20:10:30
2019-05-17 17:25:59,Skam France,4,7,5449324,7165612,3,2019-05-17 17:25:59
2019-05-14 18:18:08,Skam Spain,2,7,5449324,7167489,3,2019-05-14 18:18:08
2019-05-20 00:21:39,Skam Spain,2,8,5449324,7167490,1,2019-05-20 00:21:39
2019-05-06 17:19:54,Skam Spain,2,6,5449324,7168082,3,2019-05-06 17:19:54
2019-06-14 22:43:11,Skam Spain,2,9,5449324,7172079,3,2019-06-14 22:43:11
2019-06-14 22:43:18,Skam Spain,2,10,5449324,7172080,3,2019-06-14 22:43:18
2019-05-24 16:57:33,Skam France,4,8,5449324,7176732,1,2019-05-24 16:57:33
2019-05-17 21:40:45,The Rain,2,2,5449324,7178663,3,2019-05-17 21:40:45
2019-06-05 21:43:20,Mouche,1,1,5449324,7184381,3,2019-06-05 21:43:20
2019-06-05 21:43:23,Mouche,1,2,5449324,7184382,3,2019-06-05 21:43:23
2019-06-05 21:43:36,Mouche,1,3,5449324,7184383,3,2019-06-05 21:43:36
2019-05-24 16:57:26,It's Bruno!,1,3,5449324,7184777,1,2019-05-24 16:57:26
2022-06-10 01:43:06,Paquita Salas,3,2,5449324,7187612,3,2022-06-10 01:43:06
2019-07-02 12:18:06,Euphoria (US),1,2,5449324,7191323,3,2019-07-02 12:18:06
2019-07-02 12:18:10,Euphoria (US),1,3,5449324,7191325,3,2019-07-02 12:18:10
2019-06-12 19:10:49,Black Mirror,5,2,5449324,7192545,4,2019-06-12 19:10:49
2019-06-12 19:10:22,Black Mirror,5,1,5449324,7192711,3,2019-06-12 19:10:22
2019-07-25 02:20:03,Euphoria (US),1,6,5449324,7194979,1,2019-07-25 02:20:03
2019-06-25 15:02:14,Slasher,3,2,5449324,7197105,4,2019-06-25 15:02:14
2019-07-01 18:48:15,Slasher,3,4,5449324,7197107,3,2019-07-01 18:48:15
2019-07-01 18:48:26,Slasher,3,5,5449324,7197108,3,2019-07-01 18:48:26
2019-07-01 19:15:14,Slasher,3,6,5449324,7197109,3,2019-07-01 19:15:14
2019-07-01 20:09:48,Slasher,3,7,5449324,7197110,3,2019-07-01 20:09:48
2019-07-02 12:18:56,Slasher,3,8,5449324,7197111,3,2019-07-02 12:18:56
2019-07-21 02:13:02,Sweetbitter,2,1,5449324,7198586,3,2019-07-21 02:13:02
2019-06-22 21:53:57,Aggretsuko,2,1,5449324,7199261,3,2019-06-22 21:53:57
2019-07-26 08:55:51,Orange Is the New Black,7,1,5449324,7199938,4,2019-07-26 08:55:51
2019-06-30 11:23:17,Family Business (2019),1,1,5449324,7199996,4,2019-06-30 11:23:17
2019-06-30 11:58:41,Family Business (2019),1,2,5449324,7199999,3,2019-06-30 11:58:41
2019-06-30 13:19:39,Family Business (2019),1,3,5449324,7200001,3,2019-06-30 13:19:39
2019-07-21 02:38:13,Sweetbitter,2,2,5449324,7201382,3,2019-07-21 02:38:13
2019-07-18 22:46:55,Florida Girls,1,1,5449324,7204067,4,2019-07-18 22:46:55
2019-06-04 21:50:11,Skam France,4,10,5449324,7209370,1,2019-06-04 21:50:11
2019-07-18 23:02:03,Marvel's Jessica Jones,3,1,5449324,7210633,3,2019-07-18 23:02:03
2019-07-19 03:07:45,Marvel's Jessica Jones,3,2,5449324,7211029,3,2019-07-19 03:07:45
2019-07-19 02:32:14,Marvel's Jessica Jones,3,7,5449324,7211039,3,2019-07-19 02:32:14
2019-07-19 03:07:24,Marvel's Jessica Jones,3,8,5449324,7211041,3,2019-07-19 03:07:24
2019-06-15 17:29:27,Trinkets,1,2,5449324,7211183,4,2019-06-15 17:29:27
2019-06-15 17:29:24,Trinkets,1,3,5449324,7211185,4,2019-06-15 17:29:24
2019-06-15 18:08:08,Trinkets,1,4,5449324,7211187,4,2019-06-15 18:08:08
2019-06-15 18:08:22,Trinkets,1,5,5449324,7211188,4,2019-06-15 18:08:22
2019-06-15 18:43:12,Trinkets,1,6,5449324,7211189,4,2019-06-15 18:43:12
2019-06-15 20:27:57,Trinkets,1,7,5449324,7211190,4,2019-06-15 20:27:57
2019-06-15 20:28:08,Trinkets,1,8,5449324,7211191,4,2019-06-15 20:28:08
2019-06-15 20:28:13,Trinkets,1,9,5449324,7211192,4,2019-06-15 20:28:13
2019-06-15 20:28:20,Trinkets,1,10,5449324,7211193,4,2019-06-15 20:28:20
2019-06-15 22:07:03,How to Sell Drugs Online (Fast),1,2,5449324,7212607,4,2019-06-15 22:07:03
2019-06-15 22:07:15,How to Sell Drugs Online (Fast),1,3,5449324,7212608,4,2019-06-15 22:07:15
2019-06-17 20:51:40,How to Sell Drugs Online (Fast),1,4,5449324,7212609,3,2019-06-17 20:51:40
2019-06-18 04:44:08,How to Sell Drugs Online (Fast),1,5,5449324,7212610,4,2019-06-18 04:44:08
2019-06-26 19:24:26,Big Little Lies,2,2,5449324,7219153,3,2019-06-26 19:24:26
2019-06-26 19:24:45,Big Little Lies,2,3,5449324,7219154,3,2019-06-26 19:24:45
2019-06-26 22:38:14,Pokémon,18,126,5449324,7219440,3,2019-06-26 22:38:14
2019-07-02 12:18:23,Pokémon,18,128,5449324,7219443,3,2019-07-02 12:18:23
2019-07-02 12:19:14,Big Little Lies,2,4,5449324,7223961,3,2019-07-02 12:19:14
2019-09-29 09:53:32,The Good Place,4,1,5449324,7224311,4,2019-09-29 09:53:32
2019-07-25 03:14:24,Pose,2,6,5449324,7230381,1,2019-07-25 03:14:24
2019-06-15 17:29:30,Trinkets,1,1,5449324,7234836,4,2019-06-15 17:29:30
2020-05-03 13:55:49,American Horror Story,9,1,5449324,7250065,3,2020-05-03 13:55:49
2019-08-25 06:05:33,Pose,2,7,5449324,7250525,3,2019-08-25 06:05:33
2019-07-19 21:59:58,Scream: The TV Series,3,5,5449324,7250761,3,2019-07-19 21:59:58
2019-07-29 06:40:32,Scream: The TV Series,3,6,5449324,7250763,1,2019-07-29 06:40:32
2019-08-26 02:48:51,Pokémon,18,133,5449324,7269083,3,2019-08-26 02:48:51
2019-07-20 03:37:23,Money Heist,2,0,5449324,7285209,3,2019-07-20 03:37:23
2019-07-20 04:02:08,Money Heist,2,0,5449324,7285211,3,2019-07-20 04:02:08
2019-07-21 15:07:01,Money Heist,2,0,5449324,7285219,3,2019-07-21 15:07:01
2019-07-21 17:06:16,Money Heist,2,0,5449324,7285221,3,2019-07-21 17:06:16
2019-07-21 17:06:39,Money Heist,2,8,5449324,7285223,3,2019-07-21 17:06:39
2019-07-26 15:25:07,Orange Is the New Black,7,2,5449324,7285680,4,2019-07-26 15:25:07
2019-07-26 16:09:11,Orange Is the New Black,7,3,5449324,7285681,4,2019-07-26 16:09:11
2019-07-26 17:59:07,Orange Is the New Black,7,4,5449324,7285682,4,2019-07-26 17:59:07
2019-07-26 17:59:25,Orange Is the New Black,7,5,5449324,7285683,1,2019-07-26 17:59:25
2019-07-27 06:30:42,Orange Is the New Black,7,6,5449324,7285685,1,2019-07-27 06:30:42
2019-07-27 09:43:15,Orange Is the New Black,7,7,5449324,7285687,1,2019-07-27 09:43:15
2019-07-27 12:24:58,Orange Is the New Black,7,8,5449324,7285689,1,2019-07-27 12:24:58
2019-07-27 12:25:47,Orange Is the New Black,7,9,5449324,7285691,1,2019-07-27 12:25:47
2019-07-28 04:55:14,Orange Is the New Black,7,10,5449324,7285692,1,2019-07-28 04:55:14
2019-07-28 04:55:41,Orange Is the New Black,7,11,5449324,7285693,1,2019-07-28 04:55:41
2019-07-28 04:55:54,Orange Is the New Black,7,12,5449324,7285694,1,2019-07-28 04:55:54
2019-07-28 04:56:06,Orange Is the New Black,7,13,5449324,7285695,1,2019-07-28 04:56:06
2019-07-25 01:37:51,Big Little Lies,2,7,5449324,7290837,1,2019-07-25 01:37:51
2019-12-28 20:06:06,The Handmaid's Tale,3,12,5449324,7293229,3,2019-12-28 20:06:06
2019-12-28 20:06:27,The Handmaid's Tale,3,13,5449324,7293239,3,2019-12-28 20:06:27
2021-02-02 12:18:22,Euphoria (US),1,7,5449324,7298128,3,2021-02-02 12:18:22
2020-05-05 11:00:01,Why Women Kill,1,7,5449324,7298946,3,2020-05-05 11:00:01
2019-08-26 03:08:17,Pokémon,18,134,5449324,7307955,3,2019-08-26 03:08:17
2020-05-03 13:55:46,American Horror Story,9,2,5449324,7309507,3,2020-05-03 13:55:46
2019-10-30 01:13:50,Pokémon,18,137,5449324,7334804,3,2019-10-30 01:13:50
2019-10-30 01:13:56,Pokémon,18,138,5449324,7338507,3,2019-10-30 01:13:56
2019-12-21 14:00:35,Beautiful Loser,3,1,5449324,7344148,3,2019-12-21 14:00:35
2020-05-03 13:55:44,American Horror Story,9,3,5449324,7346953,3,2020-05-03 13:55:44
2019-10-25 18:44:21,Mental (2019),1,1,5449324,7347698,3,2019-10-25 18:44:21
2019-10-25 19:44:34,Mental (2019),1,2,5449324,7347721,3,2019-10-25 19:44:34
2019-11-01 23:56:52,Mental (2019),1,3,5449324,7347722,3,2019-11-01 23:56:52
2019-10-30 01:57:42,Pokémon,18,140,5449324,7360719,3,2019-10-30 01:57:42
2019-11-01 23:57:24,Snoopy in Space,1,1,5449324,7362761,3,2019-11-01 23:57:24
2020-05-03 13:55:40,American Horror Story,9,4,5449324,7363536,3,2020-05-03 13:55:40
2020-05-03 13:55:38,American Horror Story,9,5,5449324,7363539,3,2020-05-03 13:55:38
2019-10-12 09:34:08,Insatiable,2,1,5449324,7364014,3,2019-10-12 09:34:08
2019-11-30 22:10:47,Servant,1,1,5449324,7367166,3,2019-11-30 22:10:47
2019-11-01 23:16:55,The Morning Show,1,1,5449324,7372590,3,2019-11-01 23:16:55
2019-12-28 13:41:26,Big Mouth,3,2,5449324,7372823,1,2019-12-28 13:41:26
2020-05-03 15:21:36,American Horror Story,9,6,5449324,7384654,3,2020-05-03 15:21:36
2019-11-30 22:10:57,Servant,1,2,5449324,7387375,3,2019-11-30 22:10:57
2019-11-30 23:33:37,Servant,1,3,5449324,7387376,3,2019-11-30 23:33:37
2019-10-29 23:51:45,Baby,2,5,5449324,7398201,3,2019-10-29 23:51:45
2019-10-30 00:31:10,Baby,2,6,5449324,7398203,3,2019-10-30 00:31:10
2019-12-21 14:01:48,Magic for Humans,2,1,5449324,7406701,4,2019-12-21 14:01:48
2019-11-30 09:11:53,Mental (2019),1,7,5449324,7417466,1,2019-11-30 09:11:53
2020-05-03 21:03:35,American Horror Story,9,9,5449324,7418424,3,2020-05-03 21:03:35
2019-12-21 20:59:39,See,1,3,5449324,7428285,4,2019-12-21 20:59:39
2019-12-21 21:59:53,See,1,4,5449324,7428286,4,2019-12-21 21:59:53
2019-12-23 20:37:39,The Witcher,1,1,5449324,7428555,4,2019-12-23 20:37:39
2020-01-03 23:14:05,Ghostwriter (2019),1,7,5449324,7429925,3,2020-01-03 23:14:05
2020-08-01 16:02:13,Good Girls,3,1,5449324,7442213,4,2020-08-01 16:02:13
2019-12-20 18:10:22,Don't F**k with Cats: Hunting an Internet Killer,1,1,5449324,7458640,4,2019-12-20 18:10:22
2019-12-20 18:37:22,Don't F**k with Cats: Hunting an Internet Killer,1,2,5449324,7458641,4,2019-12-20 18:37:22
2020-05-02 20:24:04,Skam France,6,2,5449324,7526782,3,2020-05-02 20:24:04
2020-05-15 19:46:56,Skam France,6,4,5449324,7531994,3,2020-05-15 19:46:56
2020-06-13 15:26:15,Skam France,6,8,5449324,7531999,3,2020-06-13 15:26:15
2020-04-08 12:54:21,Amazing Stories (2020),1,5,5449324,7548223,3,2020-04-08 12:54:21
2020-05-16 13:13:28,Killing Eve,3,1,5449324,7591103,3,2020-05-16 13:13:28
2022-06-22 06:15:12,The Simpsons,31,15,5449324,7593008,4,2022-06-22 06:15:12
2020-03-16 20:13:18,Amazing Stories (2020),1,1,5449324,7600908,4,2020-03-16 20:13:18
2020-03-16 20:13:14,Amazing Stories (2020),1,2,5449324,7600911,4,2020-03-16 20:13:14
2020-04-20 12:59:53,The Circle France,1,1,5449324,7648065,3,2020-04-20 12:59:53
2020-06-10 03:39:09,Killing Eve,3,8,5449324,7694451,3,2020-06-10 03:39:09
2021-02-10 23:24:06,The Haunting,2,5,5449324,7697198,3,2021-02-10 23:24:06
2022-06-14 02:42:06,13 Reasons Why,4,3,5449324,7739406,3,2022-06-14 02:42:06
2022-06-14 03:20:36,13 Reasons Why,4,5,5449324,7739410,3,2022-06-14 03:20:36
2022-06-23 20:25:05,Rita,5,4,5449324,7772452,4,2022-06-23 20:25:05
2021-05-17 21:32:30,Mental (2019),2,1,5449324,7788664,3,2021-05-17 21:32:30
2021-02-02 12:18:11,Euphoria (US),0,1,5449324,8001870,3,2021-02-02 12:18:11
2020-12-19 19:15:57,"Don't Do This, Don't Do That",0,0,5449324,8063448,4,2020-12-19 19:15:57
2021-02-02 12:18:09,Euphoria (US),0,2,5449324,8080664,3,2021-02-02 12:18:09
2021-01-27 22:20:15,Bonding,2,1,5449324,8083260,3,2021-01-27 22:20:15
2021-02-02 12:15:10,Skam France,7,2,5449324,8130238,3,2021-02-02 12:15:10
2021-02-06 22:46:55,Skam France,7,3,5449324,8132053,3,2021-02-06 22:46:55
2021-04-19 23:11:43,Behind Her Eyes,1,1,5449324,8148546,3,2021-04-19 23:11:43
2021-05-01 15:15:49,Sex!fy,1,3,5449324,8322943,3,2021-05-01 15:15:49
2021-05-01 15:15:57,Sex!fy,1,7,5449324,8322951,3,2021-05-01 15:15:57
2021-04-18 11:00:39,Peepoodo,2,1,5449324,8324510,3,2021-04-18 11:00:39
2021-04-18 11:00:38,Peepoodo,2,2,5449324,8324511,3,2021-04-18 11:00:38
2021-04-18 11:00:53,Peepoodo,2,3,5449324,8324512,3,2021-04-18 11:00:53
2021-04-18 11:05:59,Peepoodo,2,4,5449324,8324513,3,2021-04-18 11:05:59
2021-04-18 11:10:53,Peepoodo,2,5,5449324,8324514,3,2021-04-18 11:10:53
2021-04-18 11:15:58,Peepoodo,2,6,5449324,8324515,3,2021-04-18 11:15:58
2021-04-18 11:19:46,Peepoodo,2,7,5449324,8324516,3,2021-04-18 11:19:46
2021-04-18 11:27:26,Peepoodo,2,8,5449324,8324517,3,2021-04-18 11:27:26
2022-07-01 21:18:15,Skam France,10,9,5449324,8413566,3,2022-07-01 21:18:15
2021-11-22 02:42:55,Sex Education,3,1,5449324,8507456,1,2021-11-22 02:42:55
2022-08-06 01:52:27,DROP (2021),1,1,5449324,8508272,3,2022-08-06 01:52:27
2022-06-22 11:01:53,AlRawabi School for Girls,1,5,5449324,8592624,4,2022-06-22 11:01:53
2022-07-23 22:31:29,Trying,3,1,5449324,9142346,3,2022-07-23 22:31:29
2022-06-16 16:58:03,Maldivas,1,2,5449324,9149105,3,2022-06-16 16:58:03
2022-07-23 22:31:38,Trying,3,2,5449324,9172780,3,2022-07-23 22:31:38
2022-06-16 20:48:07,Maldivas,1,7,5449324,9216458,3,2022-06-16 20:48:07
2022-08-21 00:08:11,Bad Sisters,1,2,5449324,9216950,2,2022-08-21 00:08:11
2022-07-26 21:25:55,Queen (2022),1,3,5449324,9229045,3,2022-07-26 21:25:55
2022-07-26 21:26:03,Queen (2022),1,4,5449324,9229046,3,2022-07-26 21:26:03
2022-09-02 21:18:18,Off the Hook (2022),1,6,5449324,9331244,2,2022-09-02 21:18:18
2023-08-19 15:33:43,Drag Race France,2,8,5449324,9836770,2,2023-08-19 15:33:43
2023-08-25 22:09:45,Drag Race France,2,9,5449324,9932501,3,2023-08-25 22:09:45
